y_px,tick,seconds,bass_x,bass_value,bass_flag,bass_source,treble_x,treble_value,treble_flag,treble_source
176500,160018,267.7503,1886.0,0.45377,ink,traced,2298.5,0.67558,ink,traced
176501,160019,267.7519,1885.5,0.45271,ink,traced,2299.0,0.67451,ink,traced
176502,160020,267.7535,1885.5,0.45271,ink,traced,2296.5,0.67983,ink,traced
176503,160021,267.7551,1885.5,0.45271,ink,traced,2299.0,0.67451,ink,traced
176504,160022,267.7567,1886.0,0.45377,ink,traced,2299.0,0.67451,ink,traced
176505,160023,267.7583,1886.0,0.45377,ink,traced,2298.5,0.67558,ink,traced
176506,160024,267.7599,1886.0,0.45377,ink,traced,2299.0,0.67451,ink,traced
176507,160025,267.7615,1886.5,0.45483,ink,traced,2299.0,0.67451,ink,traced
176508,160026,267.7631,1887.0,0.45589,ink,traced,2298.5,0.67558,ink,traced
176509,160027,267.7646,1887.0,0.45589,ink,traced,2298.5,0.67558,ink,traced
176510,160028,267.7662,1887.5,0.45696,ink,traced,2298.5,0.67558,ink,traced
176511,160029,267.7678,1888.0,0.45802,ink,traced,2298.5,0.67558,ink,traced
176512,160030,267.7694,1887.5,0.45696,ink,traced,2298.0,0.67664,ink,traced
176513,160031,267.771,1888.0,0.45802,ink,traced,2298.0,0.67664,ink,traced
176514,160032,267.7726,1888.5,0.45908,ink,traced,2298.0,0.67664,ink,traced
176515,160033,267.7742,1888.5,0.45908,ink,traced,2298.0,0.67664,ink,traced
176516,160034,267.7758,1888.5,0.45908,ink,traced,2297.5,0.6777,ink,traced
176517,160035,267.7774,1888.5,0.45908,ink,traced,2297.5,0.6777,ink,traced
176518,160036,267.779,1889.5,0.4612,ink,traced,2297.5,0.6777,ink,traced
176519,160037,267.7806,1889.5,0.4612,ink,traced,2298.0,0.67664,ink,traced
176520,160038,267.7822,1889.5,0.4612,ink,traced,2298.5,0.67558,ink,traced
176521,160039,267.7838,1889.5,0.4612,ink,traced,2298.5,0.67558,ink,traced
176522,160040,267.7853,1890.0,0.46226,ink,traced,2298.0,0.67664,ink,traced
176523,160041,267.7869,1890.0,0.46226,ink,traced,2298.0,0.67664,ink,traced
176524,160042,267.7885,1890.5,0.46332,ink,traced,2298.0,0.67664,ink,traced
176525,160043,267.7901,1890.5,0.46332,ink,traced,2298.0,0.67664,ink,traced
176526,160044,267.7917,1891.0,0.46438,ink,traced,2298.0,0.67664,ink,traced
176527,160045,267.7933,1890.5,0.46332,ink,traced,2297.5,0.6777,ink,traced
176528,160046,267.7949,1893.5,0.46968,ink,traced,2297.5,0.6777,ink,traced
176529,160047,267.7965,1891.5,0.46544,ink,traced,2298.0,0.67664,ink,traced
176530,160048,267.7981,1891.5,0.46544,ink,traced,2297.5,0.6777,ink,traced
176531,160049,267.7997,1891.0,0.46438,ink,traced,2297.5,0.6777,ink,traced
176532,160050,267.8013,1891.5,0.46544,ink,traced,2297.0,0.67877,ink,traced
176533,160051,267.8029,1892.0,0.4665,ink,traced,2297.5,0.6777,ink,traced
176534,160052,267.8045,1893.0,0.46862,ink,traced,2297.5,0.6777,ink,traced
176535,160053,267.8061,1892.5,0.46756,ink,traced,2297.5,0.6777,ink,traced
176536,160054,267.8076,1892.5,0.46756,ink,traced,2297.5,0.6777,ink,traced
176537,160055,267.8092,1892.5,0.46756,ink,traced,2297.5,0.6777,ink,traced
176538,160056,267.8108,1892.0,0.4665,ink,traced,2297.5,0.6777,ink,traced
176539,160057,267.8124,1893.0,0.46862,ink,traced,2297.5,0.6777,ink,traced
176540,160058,267.814,1893.5,0.46968,ink,traced,2297.5,0.6777,ink,traced
176541,160059,267.8156,1893.0,0.46862,ink,traced,2297.5,0.6777,ink,traced
176542,160060,267.8172,1895.0,0.47286,ink,traced,2297.5,0.6777,ink,traced
176543,160061,267.8188,1894.5,0.4718,ink,traced,2297.0,0.67877,ink,traced
176544,160062,267.8204,1894.5,0.4718,ink,traced,2297.0,0.67877,ink,traced
176545,160063,267.822,1894.0,0.47074,ink,traced,2295.5,0.68196,ink,traced
176546,160064,267.8236,1894.5,0.4718,ink,traced,2294.0,0.68515,ink,traced
176547,160065,267.8252,1894.5,0.4718,ink,traced,2292.0,0.68941,ink,traced
176548,160066,267.8268,1894.5,0.4718,ink,traced,2291.0,0.69154,ink,traced
176549,160067,267.8284,1897.0,0.47711,ink,traced,2287.5,0.69899,ink,traced
176550,160068,267.8299,1894.5,0.4718,ink,traced,2283.5,0.7075,ink,traced
176551,160069,267.8315,1895.5,0.47393,ink,traced,2280.5,0.71389,ink,traced
176552,160070,267.8331,1895.5,0.47393,ink,traced,2278.0,0.71921,ink,traced
176553,160071,267.8347,1896.0,0.47499,ink,traced,2275.5,0.72453,ink,traced
176554,160072,267.8363,1896.5,0.47605,ink,traced,2269.5,0.7373,ink,traced
176555,160073,267.8379,1897.0,0.47711,ink,traced,2263.5,0.75007,ink,traced
176556,160074,267.8395,1897.5,0.47817,ink,traced,2258.5,0.76071,ink,traced
176557,160075,267.8411,1897.0,0.47711,ink,traced,2258.0,0.76177,ink,traced
176558,160076,267.8427,1897.0,0.47711,ink,traced,2252.5,0.77348,ink,traced
176559,160077,267.8443,1897.0,0.47711,ink,traced,2252.0,0.77454,ink,traced
176560,160078,267.8459,1897.0,0.47711,ink,traced,2248.0,0.78305,ink,traced
176561,160079,267.8475,1897.0,0.47711,ink,traced,2246.0,0.78731,faint,traced
176562,160080,267.8491,1897.0,0.47711,ink,traced,2240.0,0.80008,ink,traced
176563,160081,267.8506,1897.5,0.47817,ink,traced,2238.5,0.80327,ink,traced
176564,160082,267.8522,1897.0,0.47711,ink,traced,2237.5,0.8054,ink,traced
176565,160083,267.8538,1900.0,0.48347,ink,traced,2235.0,0.81072,ink,traced
176566,160084,267.8554,1897.5,0.47817,ink,traced,2233.5,0.81391,ink,traced
176567,160085,267.857,1900.5,0.48453,ink,traced,2230.0,0.82136,ink,traced
176568,160086,267.8586,1898.0,0.47923,ink,traced,2227.0,0.82775,ink,traced
176569,160087,267.8602,1898.5,0.48029,ink,traced,2224.0,0.83413,ink,traced
176570,160088,267.8618,1898.5,0.48029,ink,traced,2221.0,0.84052,ink,traced
176571,160089,267.8634,1899.0,0.48135,ink,traced,2217.5,0.84797,ink,traced
176572,160090,267.865,1899.0,0.48135,ink,traced,2215.5,0.85222,ink,traced
176573,160091,267.8666,1899.0,0.48135,ink,traced,2209.0,0.86606,ink,traced
176574,160092,267.8682,1900.0,0.48347,ink,traced,2209.5,0.86499,ink,traced
176575,160093,267.8698,1899.5,0.48241,ink,traced,2203.0,0.87883,ink,traced
176576,160094,267.8714,1898.5,0.48029,ink,traced,2202.0,0.88095,ink,traced
176577,160095,267.8729,1898.5,0.48029,ink,traced,2199.0,0.88734,ink,traced
176578,160096,267.8745,1900.5,0.48453,ink,traced,2196.0,0.89372,ink,traced
176579,160097,267.8761,1900.0,0.48347,ink,traced,2193.0,0.90011,ink,traced
176580,160098,267.8777,1900.0,0.48347,ink,traced,2191.0,0.90437,ink,traced
176581,160099,267.8793,1904.5,0.49302,rule,traced,2189.0,0.90862,ink,traced
176582,160100,267.8809,1905.0,0.49408,rule,traced,2188.0,0.91075,ink,traced
176583,160101,267.8825,1904.5,0.49302,rule,traced,2180.0,0.92778,ink,traced
176584,160102,267.8841,1904.5,0.49302,rule,traced,2179.0,0.9299,ink,traced
176585,160103,267.8857,1904.5,0.49302,rule,traced,2177.5,0.9331,ink,traced
176586,160104,267.8873,1904.5,0.49302,rule,traced,2174.0,0.94055,ink,traced
176587,160105,267.8889,1904.5,0.49302,rule,traced,2172.0,0.9448,ink,traced
176588,160106,267.8905,1905.0,0.49408,rule,traced,2167.0,0.95544,ink,traced
176589,160107,267.8921,1905.5,0.49514,rule,traced,2166.5,0.95651,ink,traced
176590,160108,267.8937,1905.0,0.49408,rule,traced,2165.5,0.95864,ink,traced
176591,160109,267.8952,1905.5,0.49514,rule,traced,2163.5,0.96289,ink,traced
176592,160110,267.8968,1905.5,0.49514,rule,traced,2164.5,0.96076,ink,traced
176593,160111,267.8984,1905.0,0.49408,rule,traced,2165.5,0.95864,ink,traced
176594,160112,267.9,1904.5,0.49302,rule,traced,2164.0,0.96183,ink,traced
176595,160113,267.9016,1904.5,0.49302,rule,traced,2164.0,0.96183,ink,traced
176596,160114,267.9032,1905.0,0.49408,rule,traced,2165.0,0.9597,ink,traced
176597,160115,267.9048,1905.0,0.49408,rule,traced,2165.5,0.95864,ink,traced
176598,160116,267.9064,1905.5,0.49514,rule,traced,2165.0,0.9597,ink,traced
176599,160117,267.908,1901.0,0.48559,ink,traced,2165.5,0.95864,ink,traced
176600,160118,267.9096,1901.0,0.48559,ink,traced,2166.0,0.95757,ink,traced
176601,160119,267.9112,1901.0,0.48559,ink,traced,2166.5,0.95651,ink,traced
176602,160120,267.9128,1901.0,0.48559,ink,traced,2168.5,0.95225,ink,traced
176603,160121,267.9144,1901.0,0.48559,ink,traced,2166.5,0.95651,ink,traced
176604,160122,267.9159,1901.0,0.48559,ink,traced,2166.5,0.95651,ink,traced
176605,160123,267.9175,1901.0,0.48559,ink,traced,2167.0,0.95544,ink,traced
176606,160124,267.9191,1901.0,0.48559,ink,traced,2170.0,0.94906,ink,traced
176607,160125,267.9207,1952.0,0.59277,faint,traced,2167.0,0.95544,ink,traced
176608,160126,267.9223,1996.0,0.6851,faint,traced,2166.5,0.95651,ink,traced
176609,160127,267.9239,1995.0,0.683,faint,traced,2168.0,0.95332,ink,traced
176610,160128,267.9255,2016.0,0.72707,faint,traced,2166.0,0.95757,ink,traced
176611,160129,267.9271,2016.0,0.72707,gap,traced,2167.0,0.95544,ink,traced
176612,160130,267.9287,2004.0,0.70189,faint,traced,2167.0,0.95544,ink,traced
176613,160131,267.9303,2004.0,0.70189,gap,traced,2166.5,0.95651,ink,traced
176614,160132,267.9319,2022.0,0.73966,gap,traced,2166.5,0.95651,ink,traced
176615,160133,267.9335,2020.0,0.73546,gap,traced,2167.5,0.95438,ink,traced
176616,160134,267.9351,2040.0,0.77743,gap,traced,2167.0,0.95544,ink,traced
176617,160135,267.9367,2040.0,0.77743,faint,traced,2167.0,0.95544,ink,traced
176618,160136,267.9382,2040.0,0.77743,gap,traced,2166.5,0.95651,ink,traced
176619,160137,267.9398,2074.0,0.84878,faint,traced,2167.0,0.95544,ink,traced
176620,160138,267.9414,2074.0,0.84878,faint,traced,2167.0,0.95544,ink,traced
176621,160139,267.943,2050.0,0.79841,gap,traced,2167.0,0.95544,ink,traced
176622,160140,267.9446,2046.0,0.79002,gap,traced,2167.5,0.95438,ink,traced
176623,160141,267.9462,2046.0,0.79002,faint,traced,2167.5,0.95438,ink,traced
176624,160142,267.9478,2039.0,0.77533,gap,traced,2167.0,0.95544,ink,traced
176625,160143,267.9494,2016.0,0.72707,gap,traced,2167.0,0.95544,ink,traced
176626,160144,267.951,2016.0,0.72707,faint,traced,2166.5,0.95651,ink,traced
176627,160145,267.9526,2040.0,0.77743,gap,traced,2167.0,0.95544,ink,traced
176628,160146,267.9542,2041.0,0.77953,gap,traced,2167.0,0.95544,ink,traced
176629,160147,267.9558,2041.0,0.77953,faint,traced,2167.0,0.95544,ink,traced
176630,160148,267.9574,2042.0,0.78163,faint,traced,2167.0,0.95544,ink,traced
176631,160149,267.959,2044.0,0.78582,gap,traced,2168.0,0.95332,ink,traced
176632,160150,267.9605,1914.0,0.51303,ink,traced,2167.5,0.95438,ink,traced
176633,160151,267.9621,1914.0,0.51303,ink,traced,2167.5,0.95438,ink,traced
176634,160152,267.9637,1914.0,0.51303,ink,traced,2167.0,0.95544,ink,traced
176635,160153,267.9653,1914.0,0.51303,ink,traced,2167.0,0.95544,ink,traced
176636,160154,267.9669,1914.0,0.51303,ink,traced,2167.0,0.95544,ink,traced
176637,160155,267.9685,1915.0,0.51513,ink,traced,2167.0,0.95544,ink,traced
176638,160156,267.9701,1917.0,0.51932,ink,traced,2167.0,0.95544,ink,traced
176639,160157,267.9717,1916.0,0.51722,ink,traced,2167.0,0.95544,ink,traced
176640,160158,267.9733,1918.0,0.52142,ink,traced,2167.0,0.95544,ink,traced
176641,160159,267.9749,1923.5,0.53296,ink,traced,2167.5,0.95438,ink,traced
176642,160160,267.9765,1929.5,0.54555,ink,traced,2167.0,0.95544,ink,traced
176643,160161,267.9781,1935.0,0.55709,ink,traced,2167.0,0.95544,ink,traced
176644,160162,267.9797,1937.5,0.56234,ink,traced,2166.5,0.95651,ink,traced
176645,160163,267.9812,1940.5,0.56864,ink,traced,2166.5,0.95651,ink,traced
176646,160164,267.9828,1944.0,0.57598,ink,traced,2166.0,0.95757,ink,traced
176647,160165,267.9844,1946.5,0.58123,ink,traced,2166.5,0.95651,ink,traced
176648,160166,267.986,1951.5,0.59172,ink,traced,2167.0,0.95544,ink,traced
176649,160167,267.9876,1951.0,0.59067,ink,traced,2167.0,0.95544,ink,traced
176650,160168,267.9892,1956.0,0.60116,ink,traced,2167.0,0.95544,ink,traced
176651,160169,267.9908,1960.0,0.60956,ink,traced,2167.0,0.95544,ink,traced
176652,160170,267.9924,1962.5,0.6148,ink,traced,2167.0,0.95544,ink,traced
176653,160171,267.994,1968.0,0.62634,ink,traced,2167.0,0.95544,ink,traced
176654,160172,267.9956,1970.0,0.63054,ink,traced,2166.5,0.95651,ink,traced
176655,160173,267.9972,1976.0,0.64313,ink,traced,2166.5,0.95651,ink,traced
176656,160174,267.9988,1977.0,0.64523,ink,traced,2167.0,0.95544,ink,traced
176657,160175,268.0004,1983.5,0.65887,ink,traced,2167.0,0.95544,ink,traced
176658,160176,268.002,1983.0,0.65782,ink,traced,2167.0,0.95544,ink,traced
176659,160177,268.0035,1986.0,0.66412,ink,traced,2167.0,0.95544,ink,traced
176660,160178,268.0051,1991.0,0.67461,ink,traced,2167.0,0.95544,ink,traced
176661,160179,268.0067,1993.0,0.6788,ink,traced,2167.5,0.95438,ink,traced
176662,160180,268.0083,1997.0,0.6872,ink,traced,2167.0,0.95544,ink,traced
176663,160181,268.0099,2001.5,0.69664,ink,traced,2167.0,0.95544,ink,traced
176664,160182,268.0115,2003.0,0.69979,ink,traced,2166.0,0.95757,ink,traced
176665,160183,268.0131,2010.0,0.71448,ink,traced,2166.5,0.95651,ink,traced
176666,160184,268.0147,2010.5,0.71553,ink,traced,2167.0,0.95544,ink,traced
176667,160185,268.0163,2013.5,0.72182,ink,traced,2167.0,0.95544,ink,traced
176668,160186,268.0179,2017.0,0.72917,ink,traced,2168.0,0.95332,ink,traced
176669,160187,268.0195,2020.5,0.73651,ink,traced,2167.0,0.95544,ink,traced
176670,160188,268.0211,2023.0,0.74176,ink,traced,2167.0,0.95544,ink,traced
176671,160189,268.0227,2027.0,0.75015,ink,traced,2167.0,0.95544,ink,traced
176672,160190,268.0243,2028.5,0.7533,ink,traced,2167.0,0.95544,ink,traced
176673,160191,268.0258,2035.0,0.76694,ink,traced,2167.0,0.95544,ink,traced
176674,160192,268.0274,2039.0,0.77533,ink,traced,2169.0,0.95119,ink,traced
176675,160193,268.029,2040.5,0.77848,ink,traced,2170.0,0.94906,ink,traced
176676,160194,268.0306,2044.5,0.78687,ink,traced,2166.5,0.95651,ink,traced
176677,160195,268.0322,2046.0,0.79002,ink,traced,2166.5,0.95651,ink,traced
176678,160196,268.0338,2049.5,0.79737,ink,traced,2166.0,0.95757,ink,traced
176679,160197,268.0354,2050.0,0.79841,ink,traced,2169.5,0.95012,ink,traced
176680,160198,268.037,2055.0,0.80891,ink,traced,2166.0,0.95757,ink,traced
176681,160199,268.0386,2056.5,0.81205,ink,traced,2166.0,0.95757,ink,traced
176682,160200,268.0402,2059.0,0.8173,ink,traced,2166.5,0.95651,ink,traced
176683,160201,268.0418,2061.0,0.8215,ink,traced,2166.0,0.95757,ink,traced
176684,160202,268.0434,2068.0,0.83619,ink,traced,2167.0,0.95544,ink,traced
176685,160203,268.045,2068.0,0.83619,ink,traced,2168.0,0.95332,ink,traced
176686,160204,268.0465,2069.0,0.83829,ink,traced,2169.0,0.95119,ink,traced
176687,160205,268.0481,2073.0,0.84668,ink,traced,2166.5,0.95651,ink,traced
176688,160206,268.0497,2075.0,0.85088,ink,traced,2166.5,0.95651,ink,traced
176689,160207,268.0513,2077.0,0.85507,ink,traced,2166.5,0.95651,ink,traced
176690,160208,268.0529,2081.0,0.86347,ink,traced,2167.0,0.95544,ink,traced
176691,160209,268.0545,2081.0,0.86347,ink,traced,2170.0,0.94906,ink,traced
176692,160210,268.0561,2082.0,0.86556,ink,traced,2169.0,0.95119,ink,traced
176693,160211,268.0577,2083.0,0.86766,ink,traced,2167.0,0.95544,ink,traced
176694,160212,268.0593,2085.0,0.87186,ink,traced,2167.0,0.95544,ink,traced
176695,160213,268.0609,2086.5,0.87501,ink,traced,2167.0,0.95544,ink,traced
176696,160214,268.0625,2088.0,0.87816,ink,traced,2167.0,0.95544,ink,traced
176697,160215,268.0641,2090.5,0.8834,ink,traced,2167.0,0.95544,ink,traced
176698,160216,268.0657,2092.0,0.88655,ink,traced,2166.5,0.95651,ink,traced
176699,160217,268.0673,2093.0,0.88865,ink,traced,2167.0,0.95544,ink,traced
176700,160218,268.0688,2094.0,0.89075,ink,traced,2167.0,0.95544,ink,traced
176701,160219,268.0704,2094.0,0.89075,ink,traced,2167.0,0.95544,ink,traced
176702,160220,268.072,2096.0,0.89494,ink,traced,2167.0,0.95544,ink,traced
176703,160221,268.0736,2095.0,0.89284,ink,traced,2167.5,0.95438,ink,traced
176704,160222,268.0752,2098.0,0.89914,ink,traced,2167.0,0.95544,ink,traced
176705,160223,268.0768,2098.0,0.89914,ink,traced,2167.0,0.95544,ink,traced
176706,160224,268.0784,2099.0,0.90124,ink,traced,2169.0,0.95119,ink,traced
176707,160225,268.08,2100.0,0.90334,ink,traced,2168.5,0.95225,ink,traced
176708,160226,268.0816,2100.5,0.90439,ink,traced,2166.5,0.95651,ink,traced
176709,160227,268.0832,2099.0,0.90124,ink,traced,2166.5,0.95651,ink,traced
176710,160228,268.0848,2099.0,0.90124,ink,traced,2167.0,0.95544,ink,traced
176711,160229,268.0864,2099.0,0.90124,ink,traced,2167.0,0.95544,ink,traced
176712,160230,268.088,2101.0,0.90543,ink,traced,2167.0,0.95544,ink,traced
176713,160231,268.0896,2102.0,0.90753,ink,traced,2167.0,0.95544,ink,traced
176714,160232,268.0911,2100.0,0.90334,ink,traced,2167.0,0.95544,ink,traced
176715,160233,268.0927,2103.0,0.90963,ink,traced,2167.0,0.95544,ink,traced
176716,160234,268.0943,2102.5,0.90858,ink,traced,2166.5,0.95651,ink,traced
176717,160235,268.0959,2102.5,0.90858,ink,traced,2167.0,0.95544,ink,traced
176718,160236,268.0975,2101.5,0.90648,ink,traced,2167.0,0.95544,ink,traced
176719,160237,268.0991,2101.0,0.90543,ink,traced,2167.0,0.95544,ink,traced
176720,160238,268.1007,2100.5,0.90439,ink,traced,2167.0,0.95544,ink,traced
176721,160239,268.1023,2102.0,0.90753,ink,traced,2167.0,0.95544,ink,traced
176722,160240,268.1039,2102.0,0.90753,ink,traced,2167.0,0.95544,ink,traced
176723,160241,268.1055,2102.0,0.90753,ink,traced,2167.0,0.95544,ink,traced
176724,160242,268.1071,2102.5,0.90858,ink,traced,2167.0,0.95544,ink,traced
176725,160243,268.1087,2101.0,0.90543,ink,traced,2167.0,0.95544,ink,traced
176726,160244,268.1103,2101.0,0.90543,ink,traced,2166.5,0.95651,ink,traced
176727,160245,268.1119,2103.0,0.90963,ink,traced,2166.5,0.95651,ink,traced
176728,160246,268.1134,2102.5,0.90858,ink,traced,2166.5,0.95651,ink,traced
176729,160247,268.115,2102.0,0.90753,ink,traced,2166.5,0.95651,ink,traced
176730,160248,268.1166,2103.0,0.90963,ink,traced,2167.0,0.95544,ink,traced
176731,160249,268.1182,2102.5,0.90858,ink,traced,2167.0,0.95544,ink,traced
176732,160250,268.1198,2102.5,0.90858,ink,traced,2167.0,0.95544,ink,traced
176733,160251,268.1214,2102.5,0.90858,ink,traced,2167.5,0.95438,ink,traced
176734,160252,268.123,2103.5,0.91068,ink,traced,2167.0,0.95544,ink,traced
176735,160253,268.1246,2103.0,0.90963,ink,traced,2167.5,0.95438,ink,traced
176736,160254,268.1262,2103.0,0.90963,ink,traced,2167.5,0.95438,ink,traced
176737,160255,268.1278,2102.5,0.90858,ink,traced,2166.5,0.95651,ink,traced
176738,160256,268.1294,2102.5,0.90858,ink,traced,2167.0,0.95544,ink,traced
176739,160257,268.131,2102.5,0.90858,ink,traced,2167.5,0.95438,ink,traced
176740,160258,268.1326,2102.5,0.90858,ink,traced,2167.5,0.95438,ink,traced
176741,160259,268.1341,2102.5,0.90858,ink,traced,2167.5,0.95438,ink,traced
176742,160260,268.1357,2102.5,0.90858,ink,traced,2167.5,0.95438,ink,traced
176743,160261,268.1373,2102.0,0.90753,ink,traced,2167.0,0.95544,ink,traced
176744,160262,268.1389,2103.0,0.90963,ink,traced,2167.0,0.95544,ink,traced
176745,160263,268.1405,2102.5,0.90858,ink,traced,2167.0,0.95544,ink,traced
176746,160264,268.1421,2102.5,0.90858,ink,traced,2167.5,0.95438,ink,traced
176747,160265,268.1437,2103.0,0.90963,ink,traced,2167.5,0.95438,ink,traced
176748,160266,268.1453,2102.5,0.90858,ink,traced,2167.0,0.95544,ink,traced
176749,160267,268.1469,2103.0,0.90963,ink,traced,2167.0,0.95544,ink,traced
176750,160268,268.1485,2103.0,0.90963,ink,traced,2167.0,0.95544,ink,traced
176751,160269,268.1501,2103.5,0.91068,ink,traced,2167.0,0.95544,ink,traced
176752,160270,268.1517,2103.0,0.90963,ink,traced,2167.0,0.95544,ink,traced
176753,160271,268.1533,2103.0,0.90963,ink,traced,2167.0,0.95545,ink,traced
176754,160272,268.1549,2103.5,0.91068,ink,traced,2166.5,0.95651,ink,traced
176755,160273,268.1564,2103.0,0.90963,ink,traced,2167.5,0.95438,ink,traced
176756,160274,268.158,2103.5,0.91068,ink,traced,2167.5,0.95438,ink,traced
176757,160275,268.1596,2103.0,0.90963,ink,traced,2173.0,0.94268,ink,traced
176758,160276,268.1612,2103.5,0.91068,ink,traced,2175.0,0.93842,ink,traced
176759,160277,268.1628,2103.5,0.91068,ink,traced,2181.0,0.92565,ink,traced
176760,160278,268.1644,2103.5,0.91068,ink,traced,2183.0,0.9214,ink,traced
176761,160279,268.166,2103.5,0.91068,ink,traced,2192.0,0.90224,ink,traced
176762,160280,268.1676,2103.5,0.91068,ink,traced,2198.0,0.88947,ink,traced
176763,160281,268.1692,2097.0,0.89704,ink,traced,2208.0,0.86819,ink,traced
176764,160282,268.1708,2097.0,0.89704,ink,traced,2212.0,0.85968,ink,traced
176765,160283,268.1724,2083.0,0.86766,ink,traced,2223.0,0.83627,ink,traced
176766,160284,268.174,2080.0,0.86136,ink,traced,2229.0,0.8235,ink,traced
176767,160285,268.1756,2070.5,0.84143,ink,traced,2252.0,0.77455,ink,traced
176768,160286,268.1772,2069.5,0.83933,ink,traced,2264.0,0.74901,ink,traced
176769,160287,268.1787,2060.0,0.81939,ink,traced,2271.5,0.73305,ink,traced
176770,160288,268.1803,2049.0,0.79631,ink,traced,2281.0,0.71283,ink,traced
176771,160289,268.1819,2038.5,0.77427,ink,traced,2288.0,0.69793,ink,traced
176772,160290,268.1835,2037.0,0.77113,ink,traced,2306.0,0.65962,ink,traced
176773,160291,268.1851,2017.5,0.73021,ink,traced,2319.0,0.63196,ink,traced
176774,160292,268.1867,2005.0,0.70398,ink,traced,2332.0,0.60429,ink,traced
176775,160293,268.1883,2000.0,0.69348,ink,traced,2343.0,0.58088,ink,traced
176776,160294,268.1899,1974.0,0.63892,ink,traced,2353.0,0.5596,ink,traced
176777,160295,268.1915,1973.0,0.63682,ink,traced,2364.0,0.53619,ink,traced
176778,160296,268.1931,1962.0,0.61374,ink,traced,2405.5,0.44884,ink,traced
176779,160297,268.1947,1950.0,0.58856,ink,traced,2409.0,0.44153,ink,traced
176780,160298,268.1963,1931.5,0.54974,ink,traced,2428.0,0.40185,ink,traced
176781,160299,268.1979,1918.0,0.52141,ink,traced,2446.0,0.36425,ink,traced
176782,160300,268.1994,1917.0,0.51931,ink,traced,2464.5,0.32561,ink,traced
176783,160301,268.201,1882.0,0.44527,ink,traced,2476.0,0.3016,ink,traced
176784,160302,268.2026,1882.0,0.44527,ink,traced,2495.0,0.26192,ink,traced
176785,160303,268.2042,1864.0,0.40709,ink,traced,2504.5,0.24207,ink,traced
176786,160304,268.2058,1857.0,0.39224,ink,traced,2516.0,0.21806,ink,traced
176787,160305,268.2074,1847.5,0.37209,ink,traced,2518.0,0.21388,ink,traced
176788,160306,268.209,1841.0,0.3583,ink,traced,2528.0,0.193,ink,traced
176789,160307,268.2106,1800.0,0.27132,ink,traced,2571.5,0.10214,ink,traced
176790,160308,268.2122,1798.0,0.26708,ink,traced,2582.0,0.08021,ink,traced
176791,160309,268.2138,1788.0,0.24587,ink,traced,2582.0,0.08022,ink,traced
176792,160310,268.2154,1772.0,0.21193,ink,traced,2596.0,0.05098,ink,traced
176793,160311,268.217,1766.0,0.1992,ink,traced,2595.5,0.05202,ink,traced
176794,160312,268.2186,1758.0,0.18223,ink,traced,2596.5,0.04993,ink,traced
176795,160313,268.2202,1751.5,0.16844,ink,traced,2598.0,0.0468,hole,traced
176796,160314,268.2217,1746.5,0.15783,ink,traced,2500.0,0.25148,gap,traced
176797,160315,268.2233,1746.5,0.15783,ink,traced,2488.0,0.27654,faint,traced
176798,160316,268.2249,1728.0,0.11859,ink,traced,2481.0,0.29116,gap,traced
176799,160317,268.2265,1729.5,0.12177,ink,traced,2452.0,0.35173,faint,traced
176800,160318,268.2281,1723.5,0.10904,ink,traced,2419.0,0.42065,gap,traced
176801,160319,268.2297,1716.0,0.09313,ink,traced,2418.0,0.42274,gap,traced
176802,160320,268.2313,1718.0,0.09737,ink,traced,2362.0,0.54045,faint,traced
176803,160321,268.2329,1716.5,0.09419,ink,traced,2269.0,0.73838,gap,traced
176804,160322,268.2345,1714.5,0.08995,ink,traced,2270.0,0.73625,faint,traced
176805,160323,268.2361,1713.0,0.08676,ink,traced,2266.0,0.74477,faint,traced
176806,160324,268.2377,1875.0,0.43042,faint,traced,2262.0,0.75328,faint,traced
176807,160325,268.2393,1929.0,0.54448,faint,traced,2266.0,0.74477,gap,traced
176808,160326,268.2409,1940.0,0.56756,faint,traced,2278.0,0.71923,faint,traced
176809,160327,268.2425,1941.0,0.56966,faint,traced,2260.0,0.75754,gap,traced
176810,160328,268.244,1941.0,0.56966,gap,traced,2246.0,0.78734,faint,traced
176811,160329,268.2456,1942.0,0.57176,gap,traced,2246.0,0.78734,ink,traced
176812,160330,268.2472,1962.0,0.61373,faint,traced,2318.0,0.6341,gap,traced
176813,160331,268.2488,1964.0,0.61792,faint,traced,2330.0,0.60856,gap,traced
176814,160332,268.2504,1960.0,0.60953,gap,traced,2336.0,0.59579,gap,traced
176815,160333,268.252,1962.0,0.61373,faint,traced,2371.0,0.5213,gap,traced
176816,160334,268.2536,1962.0,0.61373,gap,traced,2374.0,0.51492,faint,traced
176817,160335,268.2552,1956.0,0.60113,gap,traced,2374.0,0.51492,gap,traced
176818,160336,268.2568,1954.0,0.59694,gap,traced,2374.0,0.51492,gap,traced
176819,160337,268.2584,1934.0,0.55497,gap,traced,2374.0,0.51492,faint,traced
176820,160338,268.26,1887.0,0.45587,faint,traced,2520.0,0.20972,gap,traced
176821,160339,268.2616,1856.0,0.3901,faint,traced,2524.0,0.20136,faint,traced
176822,160340,268.2632,1856.0,0.3901,gap,traced,2552.0,0.14288,faint,traced
176823,160341,268.2647,1848.0,0.37313,faint,traced,2551.0,0.14497,gap,traced
176824,160342,268.2663,1850.0,0.37738,gap,traced,2533.0,0.18257,faint,traced
176825,160343,268.2679,1850.0,0.37737,faint,traced,2532.0,0.18466,gap,traced
176826,160344,268.2695,1860.0,0.39859,gap,traced,2590.0,0.06352,gap,traced
176827,160345,268.2711,1862.0,0.40283,gap,traced,2590.0,0.06352,faint,traced
176828,160346,268.2727,1926.0,0.53818,faint,traced,2598.0,0.04681,hole,traced
176829,160347,268.2743,1958.0,0.60533,faint,traced,2600.0,0.04264,hole,traced
176830,160348,268.2759,1968.0,0.62631,gap,traced,2600.0,0.04264,hole,traced
176831,160349,268.2775,2069.0,0.83825,ink,traced,2600.0,0.04264,hole,traced
176832,160350,268.2791,2068.0,0.83615,ink,traced,2600.0,0.04264,hole,traced
176833,160351,268.2807,2068.5,0.8372,ink,traced,2600.0,0.04264,hole,traced
176834,160352,268.2823,2068.0,0.83615,ink,traced,2600.0,0.04264,hole,traced
176835,160353,268.2839,1697.0,0.05281,ink,traced,2602.0,0.03846,hole,traced
176836,160354,268.2855,1697.0,0.05281,ink,traced,2601.0,0.04055,ink,traced
176837,160355,268.287,1698.0,0.05493,ink,traced,2603.5,0.03533,ink,traced
176838,160356,268.2886,1698.0,0.05493,ink,traced,2605.5,0.03115,ink,traced
176839,160357,268.2902,1700.0,0.05917,ink,traced,2606.5,0.02907,ink,traced
176840,160358,268.2918,1698.5,0.05599,ink,traced,2603.0,0.03638,ink,traced
176841,160359,268.2934,1698.0,0.05493,ink,traced,2599.5,0.04369,ink,traced
176842,160360,268.295,1698.0,0.05493,ink,traced,2599.0,0.04473,ink,traced
176843,160361,268.2966,1698.5,0.05599,ink,traced,2600.0,0.04264,ink,traced
176844,160362,268.2982,1698.5,0.05599,ink,traced,2600.0,0.04264,ink,traced
176845,160363,268.2998,1698.0,0.05493,ink,traced,2598.5,0.04578,ink,traced
176846,160364,268.3014,1697.5,0.05387,ink,traced,2596.5,0.04995,ink,traced
176847,160365,268.303,1698.0,0.05493,ink,traced,2596.5,0.04995,ink,traced
176848,160366,268.3046,1698.0,0.05493,ink,traced,2595.5,0.05204,ink,traced
176849,160367,268.3062,1698.0,0.05493,ink,traced,2593.5,0.05622,ink,traced
176850,160368,268.3078,1698.5,0.05599,ink,traced,2592.5,0.05831,ink,traced
176851,160369,268.3093,1698.0,0.05493,ink,traced,2591.0,0.06144,ink,traced
176852,160370,268.3109,1698.0,0.05493,ink,traced,2590.0,0.06353,ink,traced
176853,160371,268.3125,1699.0,0.05705,ink,traced,2588.5,0.06667,ink,traced
176854,160372,268.3141,1699.0,0.05705,ink,traced,2586.0,0.07189,ink,traced
176855,160373,268.3157,1699.5,0.05811,ink,traced,2584.5,0.07502,ink,traced
176856,160374,268.3173,1699.0,0.05705,ink,traced,2583.5,0.07711,ink,traced
176857,160375,268.3189,1699.5,0.05811,ink,traced,2583.0,0.07815,ink,traced
176858,160376,268.3205,1699.5,0.0581,ink,traced,2582.0,0.08024,ink,traced
176859,160377,268.3221,1700.5,0.06023,ink,traced,2580.0,0.08442,ink,traced
176860,160378,268.3237,1700.5,0.06023,ink,traced,2578.5,0.08755,ink,traced
176861,160379,268.3253,1701.0,0.06129,ink,traced,2577.5,0.08964,ink,traced
176862,160380,268.3269,1701.0,0.06129,ink,traced,2576.0,0.09278,ink,traced
176863,160381,268.3285,1701.5,0.06235,ink,traced,2574.0,0.09695,ink,traced
176864,160382,268.33,1701.5,0.06235,ink,traced,2572.5,0.10009,ink,traced
176865,160383,268.3316,1702.0,0.06341,ink,traced,2571.0,0.10322,ink,traced
176866,160384,268.3332,1703.0,0.06553,ink,traced,2569.5,0.10635,ink,traced
176867,160385,268.3348,1703.0,0.06553,ink,traced,2568.0,0.10949,ink,traced
176868,160386,268.3364,1703.5,0.06659,ink,traced,2566.5,0.11262,ink,traced
176869,160387,268.338,1704.5,0.06871,ink,traced,2565.5,0.11471,ink,traced
176870,160388,268.3396,1704.0,0.06765,ink,traced,2563.5,0.11889,ink,traced
176871,160389,268.3412,1705.0,0.06977,ink,traced,2563.5,0.11889,ink,traced
176872,160390,268.3428,1705.0,0.06977,ink,traced,2561.5,0.12306,ink,traced
176873,160391,268.3444,1704.5,0.06871,ink,traced,2559.5,0.12724,ink,traced
176874,160392,268.346,1705.5,0.07083,ink,traced,2558.5,0.12933,ink,traced
176875,160393,268.3476,1706.5,0.07295,ink,traced,2556.5,0.13351,ink,traced
176876,160394,268.3492,1707.5,0.07507,ink,traced,2555.5,0.1356,ink,traced
176877,160395,268.3508,1709.0,0.07825,ink,traced,2554.0,0.13873,ink,traced
176878,160396,268.3523,1711.0,0.08249,ink,traced,2552.0,0.14291,ink,traced
176879,160397,268.3539,1714.5,0.08992,ink,traced,2550.5,0.14604,ink,traced
176880,160398,268.3555,1717.5,0.09628,ink,traced,2548.5,0.15022,ink,traced
176881,160399,268.3571,1721.5,0.10476,ink,traced,2547.0,0.15335,ink,traced
176882,160400,268.3587,1723.0,0.10795,ink,traced,2545.5,0.15648,ink,traced
176883,160401,268.3603,1725.0,0.11219,ink,traced,2544.5,0.15857,ink,traced
176884,160402,268.3619,1727.5,0.11749,ink,traced,2543.0,0.16171,ink,traced
176885,160403,268.3635,1730.0,0.12279,ink,traced,2542.0,0.1638,ink,traced
176886,160404,268.3651,1734.0,0.13128,ink,traced,2540.5,0.16693,ink,traced
176887,160405,268.3667,1734.5,0.13234,ink,traced,2539.5,0.16902,ink,traced
176888,160406,268.3683,1738.5,0.14082,ink,traced,2537.0,0.17424,ink,traced
176889,160407,268.3699,1739.0,0.14188,ink,traced,2535.0,0.17842,ink,traced
176890,160408,268.3715,1742.5,0.14931,ink,traced,2533.5,0.18155,ink,traced
176891,160409,268.3731,1744.0,0.15249,ink,traced,2531.5,0.18573,ink,traced
176892,160410,268.3746,1747.5,0.15991,ink,traced,2529.5,0.1899,ink,traced
176893,160411,268.3762,1749.0,0.16309,ink,traced,2528.0,0.19304,ink,traced
176894,160412,268.3778,1751.5,0.1684,ink,traced,2525.5,0.19826,ink,traced
176895,160413,268.3794,1758.0,0.18219,ink,traced,2523.5,0.20244,ink,traced
176896,160414,268.381,1757.5,0.18112,ink,traced,2522.5,0.20453,ink,traced
176897,160415,268.3826,1760.0,0.18643,ink,traced,2521.5,0.20662,ink,traced
176898,160416,268.3842,1763.5,0.19385,ink,traced,2520.0,0.20975,ink,traced
176899,160417,268.3858,1766.5,0.20022,ink,traced,2518.5,0.21288,ink,traced
176900,160418,268.3874,1769.0,0.20552,ink,traced,2516.0,0.2181,ink,traced
176901,160419,268.389,1772.0,0.21188,ink,traced,2514.0,0.22228,ink,traced
176902,160420,268.3906,1776.0,0.22037,ink,traced,2513.0,0.22437,ink,traced
176903,160421,268.3922,1778.5,0.22567,ink,traced,2511.0,0.22855,ink,traced
176904,160422,268.3938,1783.0,0.23521,ink,traced,2508.5,0.23377,ink,traced
176905,160423,268.3953,1785.0,0.23946,ink,traced,2507.5,0.23586,ink,traced
176906,160424,268.3969,1787.5,0.24476,ink,traced,2505.5,0.24004,ink,traced
176907,160425,268.3985,1789.5,0.249,ink,traced,2503.5,0.24421,ink,traced
176908,160426,268.4001,1794.5,0.25961,ink,traced,2501.5,0.24839,ink,traced
176909,160427,268.4017,1797.5,0.26597,ink,traced,2500.5,0.25048,ink,traced
176910,160428,268.4033,1800.5,0.27233,ink,traced,2499.5,0.25257,ink,traced
176911,160429,268.4049,1805.5,0.28294,ink,traced,2496.0,0.25988,ink,traced
176912,160430,268.4065,1807.0,0.28612,ink,traced,2494.5,0.26301,ink,traced
176913,160431,268.4081,1810.0,0.29249,ink,traced,2493.0,0.26615,ink,traced
176914,160432,268.4097,1819.0,0.31158,ink,traced,2489.5,0.27346,ink,traced
176915,160433,268.4113,1817.0,0.30733,ink,traced,2487.5,0.27763,ink,traced
176916,160434,268.4129,1824.0,0.32218,ink,traced,2486.0,0.28077,ink,traced
176917,160435,268.4145,1824.5,0.32324,ink,traced,2483.5,0.28599,ink,traced
176918,160436,268.4161,1828.0,0.33067,ink,traced,2482.0,0.28912,ink,traced
176919,160437,268.4176,1831.0,0.33703,ink,traced,2479.5,0.29434,ink,traced
176920,160438,268.4192,1833.0,0.34127,ink,traced,2476.0,0.30165,ink,traced
176921,160439,268.4208,1842.5,0.36143,ink,traced,2474.5,0.30479,ink,traced
176922,160440,268.4224,1842.0,0.36036,ink,traced,2473.5,0.30688,ink,traced
176923,160441,268.424,1847.0,0.37097,ink,traced,2471.5,0.31105,ink,traced
176924,160442,268.4256,1849.0,0.37521,ink,traced,2470.0,0.31419,ink,traced
176925,160443,268.4272,1853.5,0.38476,ink,traced,2467.5,0.31941,ink,traced
176926,160444,268.4288,1856.5,0.39112,ink,traced,2466.0,0.32254,ink,traced
176927,160445,268.4304,1859.0,0.39642,ink,traced,2462.5,0.32985,ink,traced
176928,160446,268.432,1864.5,0.40809,ink,traced,2460.5,0.33403,ink,traced
176929,160447,268.4336,1867.5,0.41445,ink,traced,2458.0,0.33925,ink,traced
176930,160448,268.4352,1872.5,0.42506,ink,traced,2454.5,0.34656,ink,traced
176931,160449,268.4368,1876.0,0.43248,ink,traced,2454.5,0.34656,ink,traced
176932,160450,268.4384,1882.0,0.44521,ink,traced,2453.0,0.34969,ink,traced
176933,160451,268.4399,1882.0,0.44521,ink,traced,2451.0,0.35387,ink,traced
176934,160452,268.4415,1886.0,0.4537,ink,traced,2449.0,0.35805,ink,traced
176935,160453,268.4431,1888.5,0.459,ink,traced,2448.0,0.36014,ink,traced
176936,160454,268.4447,1892.5,0.46748,ink,traced,2445.0,0.3664,ink,traced
176937,160455,268.4463,1896.0,0.47491,ink,traced,2442.5,0.37163,ink,traced
176938,160456,268.4479,1900.0,0.48339,ink,traced,2441.5,0.37372,ink,traced
176939,160457,268.4495,1900.0,0.48339,ink,traced,2438.5,0.37998,ink,traced
176940,160458,268.4511,1900.0,0.48339,faint,traced,2436.0,0.3852,ink,traced
176941,160459,268.4527,1914.0,0.51295,ink,traced,2434.5,0.38834,ink,traced
176942,160460,268.4543,1915.0,0.51505,ink,traced,2433.0,0.39147,ink,traced
176943,160461,268.4559,1914.5,0.514,ink,traced,2430.5,0.39669,ink,traced
176944,160462,268.4575,1920.0,0.52554,ink,traced,2426.5,0.40505,ink,traced
176945,160463,268.4591,1926.0,0.53813,ink,traced,2425.5,0.40713,ink,traced
176946,160464,268.4606,1927.0,0.54023,ink,traced,2424.5,0.40922,ink,traced
176947,160465,268.4622,1930.0,0.54652,ink,traced,2423.5,0.41131,ink,traced
176948,160466,268.4638,1933.5,0.55387,ink,traced,2421.0,0.41653,ink,traced
176949,160467,268.4654,1936.5,0.56016,ink,traced,2420.5,0.41758,ink,traced
176950,160468,268.467,1939.5,0.56646,ink,traced,2417.0,0.42489,ink,traced
176951,160469,268.4686,1944.5,0.57695,ink,traced,2416.5,0.42593,ink,traced
176952,160470,268.4702,1948.0,0.58429,ink,traced,2415.5,0.42802,ink,traced
176953,160471,268.4718,1952.0,0.59268,ink,traced,2415.0,0.42907,ink,traced
176954,160472,268.4734,1952.0,0.59268,ink,traced,2414.0,0.43116,ink,traced
176955,160473,268.475,1957.0,0.60318,ink,traced,2414.0,0.43116,ink,traced
176956,160474,268.4766,1961.0,0.61157,ink,traced,2411.5,0.43638,ink,traced
176957,160475,268.4782,1962.5,0.61472,ink,traced,2412.5,0.43429,ink,traced
176958,160476,268.4798,1969.0,0.62836,ink,traced,2412.5,0.43429,ink,traced
176959,160477,268.4814,1972.0,0.63465,ink,traced,2413.0,0.43325,ink,traced
176960,160478,268.4829,1973.5,0.6378,ink,traced,2410.0,0.43951,ink,traced
176961,160479,268.4845,1974.5,0.6399,ink,traced,2411.0,0.43742,ink,traced
176962,160480,268.4861,1980.5,0.65249,ink,traced,2410.5,0.43847,ink,traced
176963,160481,268.4877,1984.0,0.65983,ink,traced,2413.0,0.43325,ink,traced
176964,160482,268.4893,1986.0,0.66403,ink,traced,2414.5,0.43012,ink,traced
176965,160483,268.4909,1990.5,0.67347,ink,traced,2412.0,0.43534,ink,traced
176966,160484,268.4925,1995.0,0.68291,ink,traced,2411.5,0.43638,ink,traced
176967,160485,268.4941,1996.0,0.68501,ink,traced,2411.0,0.43743,ink,traced
176968,160486,268.4957,1999.0,0.6913,ink,traced,2411.5,0.43638,ink,traced
176969,160487,268.4973,2002.5,0.69865,ink,traced,2411.5,0.43638,ink,traced
176970,160488,268.4989,2005.0,0.70389,ink,traced,2412.5,0.4343,ink,traced
176971,160489,268.5005,2008.0,0.71019,ink,traced,2412.5,0.4343,ink,traced
176972,160490,268.5021,2011.5,0.71753,ink,traced,2413.0,0.43325,ink,traced
176973,160491,268.5037,2015.5,0.72593,ink,traced,2413.0,0.43325,ink,traced
176974,160492,268.5052,2018.0,0.73117,ink,traced,2411.0,0.43743,ink,traced
176975,160493,268.5068,2022.0,0.73957,ink,traced,2414.5,0.43012,ink,traced
176976,160494,268.5084,2024.5,0.74481,ink,traced,2415.0,0.42908,ink,traced
176977,160495,268.51,2027.5,0.75111,ink,traced,2415.0,0.42908,ink,traced
176978,160496,268.5116,2029.5,0.7553,ink,traced,2414.5,0.43012,ink,traced
176979,160497,268.5132,2035.0,0.76684,ink,traced,2415.0,0.42908,ink,traced
176980,160498,268.5148,2036.5,0.76999,ink,traced,2415.0,0.42908,ink,traced
176981,160499,268.5164,2040.5,0.77838,ink,traced,2412.0,0.43534,ink,traced
176982,160500,268.518,2043.5,0.78468,ink,traced,2415.0,0.42908,ink,traced
176983,160501,268.5196,2045.0,0.78783,ink,traced,2415.5,0.42804,ink,traced
176984,160502,268.5212,2049.0,0.79622,ink,traced,2415.0,0.42908,ink,traced
176985,160503,268.5228,2052.5,0.80356,ink,traced,2415.0,0.42908,ink,traced
176986,160504,268.5244,2055.0,0.80881,ink,traced,2415.0,0.42908,ink,traced
176987,160505,268.5259,2057.5,0.81406,ink,traced,2415.0,0.42908,ink,traced
176988,160506,268.5275,2059.0,0.8172,ink,traced,2415.5,0.42804,ink,traced
176989,160507,268.5291,2063.5,0.82665,ink,traced,2415.0,0.42908,ink,traced
176990,160508,268.5307,2064.5,0.82874,ink,traced,2415.0,0.42908,ink,traced
176991,160509,268.5323,2068.0,0.83609,ink,traced,2415.0,0.42908,ink,traced
176992,160510,268.5339,2070.5,0.84133,ink,traced,2415.0,0.42908,ink,traced
176993,160511,268.5355,2071.5,0.84343,ink,traced,2415.5,0.42804,ink,traced
176994,160512,268.5371,2075.0,0.85077,ink,traced,2415.0,0.42908,ink,traced
176995,160513,268.5387,2077.5,0.85602,ink,traced,2415.0,0.42908,ink,traced
176996,160514,268.5403,2079.0,0.85917,ink,traced,2415.0,0.42909,ink,traced
176997,160515,268.5419,2081.5,0.86441,ink,traced,2415.0,0.42909,ink,traced
176998,160516,268.5435,2082.5,0.86651,ink,traced,2415.0,0.42909,ink,traced
176999,160517,268.5451,2086.0,0.87386,ink,traced,2415.0,0.42909,ink,traced
177000,160518,268.5467,2088.0,0.87805,ink,traced,2415.0,0.42909,ink,traced
177001,160519,268.5482,2088.0,0.87805,ink,traced,2414.5,0.43013,ink,traced
177002,160520,268.5498,2091.0,0.88435,ink,traced,2414.0,0.43118,ink,traced
177003,160521,268.5514,2094.0,0.89064,ink,traced,2414.0,0.43118,ink,traced
177004,160522,268.553,2093.0,0.88854,ink,traced,2413.5,0.43222,ink,traced
177005,160523,268.5546,2095.0,0.89274,ink,traced,2413.5,0.43222,ink,traced
177006,160524,268.5562,2095.0,0.89274,ink,traced,2413.5,0.43222,ink,traced
177007,160525,268.5578,2095.0,0.89274,ink,traced,2409.0,0.44162,ink,traced
177008,160526,268.5594,2098.0,0.89903,ink,traced,2413.0,0.43327,ink,traced
177009,160527,268.561,2098.0,0.89903,ink,traced,2413.0,0.43327,ink,traced
177010,160528,268.5626,2098.5,0.90008,ink,traced,2412.5,0.43431,ink,traced
177011,160529,268.5642,2098.0,0.89903,ink,traced,2412.5,0.43431,ink,traced
177012,160530,268.5658,2099.5,0.90218,ink,traced,2412.5,0.43431,ink,traced
177013,160531,268.5674,2101.0,0.90533,ink,traced,2413.0,0.43327,ink,traced
177014,160532,268.569,2101.0,0.90533,ink,traced,2413.0,0.43327,ink,traced
177015,160533,268.5705,2101.0,0.90533,ink,traced,2412.0,0.43536,ink,traced
177016,160534,268.5721,2101.0,0.90533,ink,traced,2412.0,0.43536,ink,traced
177017,160535,268.5737,2102.0,0.90742,ink,traced,2411.5,0.4364,ink,traced
177018,160536,268.5753,2102.5,0.90847,ink,traced,2411.5,0.4364,ink,traced
177019,160537,268.5769,2102.5,0.90847,ink,traced,2411.0,0.43745,ink,traced
177020,160538,268.5785,2101.0,0.90532,ink,traced,2411.0,0.43745,ink,traced
177021,160539,268.5801,2101.5,0.90637,ink,traced,2411.0,0.43745,ink,traced
177022,160540,268.5817,2104.0,0.91162,ink,traced,2410.5,0.43849,ink,traced
177023,160541,268.5833,2100.5,0.90427,ink,traced,2410.5,0.43849,ink,traced
177024,160542,268.5849,2101.5,0.90637,ink,traced,2410.0,0.43954,ink,traced
177025,160543,268.5865,2103.0,0.90952,ink,traced,2410.0,0.43954,ink,traced
177026,160544,268.5881,2102.5,0.90847,ink,traced,2409.5,0.44058,ink,traced
177027,160545,268.5897,2103.5,0.91057,ink,traced,2409.0,0.44163,ink,traced
177028,160546,268.5913,2102.5,0.90847,ink,traced,2409.0,0.44163,ink,traced
177029,160547,268.5928,2103.0,0.90952,ink,traced,2408.5,0.44267,ink,traced
177030,160548,268.5944,2102.5,0.90847,ink,traced,2409.0,0.44163,ink,traced
177031,160549,268.596,2102.5,0.90847,ink,traced,2409.0,0.44163,ink,traced
177032,160550,268.5976,2103.5,0.91056,ink,traced,2408.0,0.44372,ink,traced
177033,160551,268.5992,2103.5,0.91056,ink,traced,2408.0,0.44372,ink,traced
177034,160552,268.6008,2103.0,0.90951,ink,traced,2408.0,0.44372,ink,traced
177035,160553,268.6024,2103.0,0.90951,ink,traced,2408.0,0.44372,ink,traced
177036,160554,268.604,2104.5,0.91266,ink,traced,2405.5,0.44894,ink,traced
177037,160555,268.6056,2105.0,0.91371,ink,traced,2407.5,0.44477,ink,traced
177038,160556,268.6072,2103.0,0.90951,ink,traced,2407.0,0.44581,ink,traced
177039,160557,268.6088,2104.5,0.91266,ink,traced,2407.0,0.44581,ink,traced
177040,160558,268.6104,2104.0,0.91161,ink,traced,2407.0,0.44581,ink,traced
177041,160559,268.612,2105.0,0.91371,ink,traced,2406.5,0.44686,ink,traced
177042,160560,268.6135,2105.5,0.91476,ink,traced,2406.0,0.4479,ink,traced
177043,160561,268.6151,2103.5,0.91056,ink,traced,2406.5,0.44686,ink,traced
177044,160562,268.6167,2103.0,0.90951,ink,traced,2406.0,0.4479,ink,traced
177045,160563,268.6183,2103.5,0.91056,ink,traced,2406.0,0.4479,ink,traced
177046,160564,268.6199,2102.5,0.90846,ink,traced,2405.5,0.44895,ink,traced
177047,160565,268.6215,2103.5,0.91056,ink,traced,2405.5,0.44895,ink,traced
177048,160566,268.6231,2103.0,0.90951,ink,traced,2405.5,0.44895,ink,traced
177049,160567,268.6247,2103.5,0.91056,ink,traced,2406.0,0.4479,ink,traced
177050,160568,268.6263,2103.5,0.91056,ink,traced,2405.5,0.44895,ink,traced
177051,160569,268.6279,2103.5,0.91056,ink,traced,2405.0,0.44999,ink,traced
177052,160570,268.6295,2103.5,0.91056,ink,traced,2404.5,0.45104,ink,traced
177053,160571,268.6311,2103.0,0.90951,ink,traced,2404.0,0.45208,ink,traced
177054,160572,268.6327,2103.5,0.91056,ink,traced,2404.5,0.45104,ink,traced
177055,160573,268.6343,2103.5,0.91056,ink,traced,2404.5,0.45104,ink,traced
177056,160574,268.6358,2103.5,0.91055,ink,traced,2404.0,0.45208,ink,traced
177057,160575,268.6374,2103.5,0.91055,ink,traced,2404.0,0.45208,ink,traced
177058,160576,268.639,2103.5,0.91055,ink,traced,2404.5,0.45104,ink,traced
177059,160577,268.6406,2103.5,0.91055,ink,traced,2404.0,0.45208,ink,traced
177060,160578,268.6422,2103.5,0.91055,ink,traced,2404.5,0.45104,ink,traced
177061,160579,268.6438,2103.5,0.91055,ink,traced,2404.0,0.45209,ink,traced
177062,160580,268.6454,2104.0,0.9116,ink,traced,2403.0,0.45417,ink,traced
177063,160581,268.647,2104.0,0.9116,ink,traced,2403.0,0.45418,ink,traced
177064,160582,268.6486,2104.0,0.9116,ink,traced,2399.5,0.46149,ink,traced
177065,160583,268.6502,2104.0,0.9116,ink,traced,2403.0,0.45418,ink,traced
177066,160584,268.6518,2104.5,0.91265,ink,traced,2399.0,0.46253,ink,traced
177067,160585,268.6534,2104.5,0.91265,ink,traced,2399.0,0.46253,ink,traced
177068,160586,268.655,2104.5,0.91265,ink,traced,2402.5,0.45522,ink,traced
177069,160587,268.6566,2104.5,0.91265,ink,traced,2402.0,0.45627,ink,traced
177070,160588,268.6581,2104.5,0.91265,ink,traced,2401.5,0.45731,ink,traced
177071,160589,268.6597,2103.5,0.91055,ink,traced,2402.0,0.45627,ink,traced
177072,160590,268.6613,2104.0,0.9116,ink,traced,2401.5,0.45731,ink,traced
177073,160591,268.6629,2104.0,0.9116,ink,traced,2401.0,0.45836,ink,traced
177074,160592,268.6645,2104.0,0.9116,ink,traced,2401.0,0.45836,ink,traced
177075,160593,268.6661,2104.0,0.9116,ink,traced,2401.0,0.45836,ink,traced
177076,160594,268.6677,2104.0,0.9116,ink,traced,2400.0,0.46045,ink,traced
177077,160595,268.6693,2104.0,0.9116,ink,traced,2400.5,0.4594,ink,traced
177078,160596,268.6709,2104.0,0.91159,ink,traced,2399.5,0.46149,ink,traced
177079,160597,268.6725,2104.0,0.91159,ink,traced,2400.5,0.4594,ink,traced
177080,160598,268.6741,2104.0,0.91159,ink,traced,2400.5,0.4594,ink,traced
177081,160599,268.6757,2104.0,0.91159,ink,traced,2399.0,0.46254,ink,traced
177082,160600,268.6773,2104.5,0.91264,ink,traced,2399.0,0.46254,ink,traced
177083,160601,268.6788,2104.5,0.91264,ink,traced,2399.0,0.46254,ink,traced
177084,160602,268.6804,2105.0,0.91369,ink,traced,2400.0,0.46045,ink,traced
177085,160603,268.682,2104.5,0.91264,ink,traced,2400.0,0.46045,ink,traced
177086,160604,268.6836,2096.0,0.8948,ink,traced,2399.0,0.46254,ink,traced
177087,160605,268.6852,2090.0,0.88221,ink,traced,2399.5,0.46149,ink,traced
177088,160606,268.6868,2082.5,0.86647,ink,traced,2398.5,0.46358,ink,traced
177089,160607,268.6884,2079.0,0.85913,ink,traced,2398.5,0.46358,ink,traced
177090,160608,268.69,2076.0,0.85283,ink,traced,2397.5,0.46567,ink,traced
177091,160609,268.6916,2069.0,0.83814,ink,traced,2397.5,0.46567,ink,traced
177092,160610,268.6932,2063.0,0.82555,ink,traced,2397.0,0.46672,ink,traced
177093,160611,268.6948,2051.0,0.80037,ink,traced,2397.0,0.46672,ink,traced
177094,160612,268.6964,2041.0,0.77939,ink,traced,2397.0,0.46672,ink,traced
177095,160613,268.698,2022.0,0.73952,ink,traced,2397.0,0.46672,ink,traced
177096,160614,268.6996,2015.0,0.72483,hole,traced,2397.0,0.46672,ink,traced
177097,160615,268.7011,2018.5,0.73217,ink,traced,2397.5,0.46568,ink,traced
177098,160616,268.7027,2015.0,0.72483,ink,traced,2396.5,0.46776,ink,traced
177099,160617,268.7043,1968.0,0.6262,ink,traced,2396.0,0.46881,ink,traced
177100,160618,268.7059,1967.0,0.6241,ink,traced,2396.0,0.46881,ink,traced
177101,160619,268.7075,1938.0,0.56325,ink,traced,2396.0,0.46881,ink,traced
177102,160620,268.7091,1921.5,0.52862,ink,traced,2396.0,0.46881,ink,traced
177103,160621,268.7107,1914.0,0.51288,ink,traced,2395.5,0.46986,ink,traced
177104,160622,268.7123,1897.0,0.47696,ink,traced,2395.0,0.4709,ink,traced
177105,160623,268.7139,1879.0,0.43878,ink,traced,2394.5,0.47194,ink,traced
177106,160624,268.7155,1865.5,0.41014,ink,traced,2395.0,0.4709,ink,traced
177107,160625,268.7171,1865.5,0.41014,ink,traced,2394.0,0.47299,ink,traced
177108,160626,268.7187,1850.5,0.37832,ink,traced,2394.5,0.47195,ink,traced
177109,160627,268.7203,1830.5,0.33589,ink,traced,2394.0,0.47299,ink,traced
177110,160628,268.7219,1829.5,0.33377,ink,traced,2394.0,0.47299,ink,traced
177111,160629,268.7234,1826.0,0.32634,hole,traced,2394.5,0.47195,ink,traced
177112,160630,268.725,1789.0,0.24786,faint,traced,2394.5,0.47195,ink,traced
177113,160631,268.7266,1766.0,0.19907,faint,traced,2394.0,0.47299,ink,traced
177114,160632,268.7282,1747.5,0.15982,ink,traced,2393.0,0.47508,ink,traced
177115,160633,268.7298,1734.0,0.13118,ink,traced,2393.0,0.47508,ink,traced
177116,160634,268.7314,1733.0,0.12906,ink,traced,2393.0,0.47508,ink,traced
177117,160635,268.733,1731.0,0.12482,ink,traced,2393.0,0.47508,ink,traced
177118,160636,268.7346,1727.5,0.11739,ink,traced,2392.5,0.47613,ink,traced
177119,160637,268.7362,1719.0,0.09936,ink,traced,2392.5,0.47613,ink,traced
177120,160638,268.7378,1720.5,0.10254,ink,traced,2391.5,0.47822,ink,traced
177121,160639,268.7394,1716.5,0.09406,ink,traced,2392.0,0.47717,ink,traced
177122,160640,268.741,1714.0,0.08875,ink,traced,2392.0,0.47717,ink,traced
177123,160641,268.7426,1711.5,0.08345,ink,traced,2391.5,0.47822,ink,traced
177124,160642,268.7441,1711.0,0.08239,ink,traced,2391.0,0.47926,ink,traced
177125,160643,268.7457,1710.0,0.08027,hole,traced,2391.0,0.47926,ink,traced
177126,160644,268.7473,1686.0,0.02936,gap,traced,2390.5,0.48031,ink,traced
177127,160645,268.7489,1686.0,0.02936,faint,traced,2387.0,0.48762,rule,traced
177128,160646,268.7505,1692.0,0.04208,hole,traced,2390.0,0.48135,ink,traced
177129,160647,268.7521,1691.0,0.03996,hole,traced,2390.0,0.48135,ink,traced
177130,160648,268.7537,1686.0,0.02935,faint,traced,2390.0,0.48135,ink,traced
177131,160649,268.7553,1711.0,0.08239,hole,traced,2390.0,0.48135,ink,traced
177132,160650,268.7569,1711.0,0.08239,hole,traced,2390.0,0.48135,ink,traced
177133,160651,268.7585,1740.0,0.1439,faint,traced,2390.5,0.48031,ink,traced
177134,160652,268.7601,1745.0,0.15451,gap,traced,2387.0,0.48762,rule,traced
177135,160653,268.7617,1744.0,0.15239,faint,traced,2389.5,0.4824,ink,traced
177136,160654,268.7633,1746.0,0.15663,gap,traced,2387.0,0.48762,rule,traced
177137,160655,268.7649,1744.0,0.15239,gap,traced,2386.5,0.48867,rule,traced
177138,160656,268.7664,1726.0,0.1142,faint,traced,2386.5,0.48867,rule,traced
177139,160657,268.768,1692.0,0.04208,hole,traced,2386.0,0.48971,rule,traced
177140,160658,268.7696,1691.0,0.03996,ink,traced,2386.0,0.48971,rule,traced
177141,160659,268.7712,1691.5,0.04102,ink,traced,2386.0,0.48971,rule,traced
177142,160660,268.7728,1692.5,0.04314,ink,traced,2385.5,0.49076,rule,traced
177143,160661,268.7744,1693.5,0.04526,ink,traced,2385.5,0.49076,rule,traced
177144,160662,268.776,1694.5,0.04738,ink,traced,2386.0,0.48971,rule,traced
177145,160663,268.7776,1694.5,0.04738,ink,traced,2386.0,0.48971,rule,traced
177146,160664,268.7792,1694.0,0.04632,ink,traced,2385.5,0.49076,rule,traced
177147,160665,268.7808,1693.5,0.04526,ink,traced,2385.5,0.49076,rule,traced
177148,160666,268.7824,1693.0,0.0442,ink,traced,2385.5,0.49076,rule,traced
177149,160667,268.784,1692.0,0.04207,ink,traced,2385.5,0.49076,rule,traced
177150,160668,268.7856,1692.0,0.04207,hole,traced,2385.5,0.49076,rule,traced
177151,160669,268.7872,1692.0,0.04207,hole,traced,2384.0,0.49389,rule,traced
177152,160670,268.7887,1914.0,0.51286,faint,traced,2385.5,0.49076,rule,traced
177153,160671,268.7903,1914.0,0.51286,faint,traced,2384.5,0.49285,rule,traced
177154,160672,268.7919,1914.0,0.51286,faint,traced,2384.5,0.49285,rule,traced
177155,160673,268.7935,1914.0,0.51286,faint,traced,2385.0,0.49181,rule,traced
177156,160674,268.7951,1920.0,0.52545,faint,traced,2385.0,0.49181,rule,traced
177157,160675,268.7967,1926.0,0.53804,gap,traced,2385.0,0.49181,rule,traced
177158,160676,268.7983,1914.0,0.51286,gap,traced,2385.5,0.49076,rule,traced
177159,160677,268.7999,1914.0,0.51286,faint,traced,2384.5,0.49285,rule,traced
177160,160678,268.8015,1916.0,0.51706,faint,traced,2384.5,0.49285,rule,traced
177161,160679,268.8031,1936.0,0.55902,faint,traced,2384.5,0.49285,rule,traced
177162,160680,268.8047,1996.0,0.68493,faint,traced,2384.5,0.49285,rule,traced
177163,160681,268.8063,2039.5,0.77621,ink,traced,2384.0,0.4939,rule,traced
177164,160682,268.8079,2039.0,0.77516,faint,traced,2387.0,0.48763,rule,traced
177165,160683,268.8094,2018.0,0.73109,gap,traced,2383.5,0.49494,rule,traced
177166,160684,268.811,1978.0,0.64716,gap,traced,2383.5,0.49494,rule,traced
177167,160685,268.8126,1950.0,0.5884,gap,traced,2384.0,0.4939,rule,traced
177168,160686,268.8142,1943.0,0.57371,gap,traced,2383.5,0.49494,rule,traced
177169,160687,268.8158,1950.0,0.5884,faint,traced,2383.0,0.49599,rule,traced
177170,160688,268.8174,1974.0,0.63876,faint,traced,2383.0,0.49599,rule,traced
177171,160689,268.819,1972.0,0.63456,faint,traced,2383.5,0.49495,rule,traced
177172,160690,268.8206,1968.0,0.62617,faint,traced,2383.5,0.49495,rule,traced
177173,160691,268.8222,1968.0,0.62617,faint,traced,2383.5,0.49495,rule,traced
177174,160692,268.8238,1968.0,0.62617,faint,traced,2383.0,0.49599,rule,traced
177175,160693,268.8254,1967.0,0.62407,faint,traced,2382.5,0.49704,rule,traced
177176,160694,268.827,1940.0,0.56741,faint,traced,2382.5,0.49704,rule,traced
177177,160695,268.8286,1898.0,0.47905,faint,traced,2382.5,0.49704,rule,traced
177178,160696,268.8302,1860.0,0.39844,faint,traced,2387.0,0.48764,rule,traced
177179,160697,268.8317,1859.0,0.39632,faint,traced,2387.0,0.48764,rule,traced
177180,160698,268.8333,1858.0,0.3942,faint,traced,2387.0,0.48764,rule,traced
177181,160699,268.8349,1860.0,0.39844,faint,traced,2376.0,0.51082,rule,traced
177182,160700,268.8365,1854.0,0.38571,gap,traced,2376.0,0.51082,rule,traced
177183,160701,268.8381,1853.0,0.38359,gap,traced,2376.0,0.51082,rule,traced
177184,160702,268.8397,1692.0,0.04206,faint,traced,2376.0,0.51082,rule,traced
177185,160703,268.8413,1693.0,0.04418,ink,traced,2380.5,0.50124,rule,traced
177186,160704,268.8429,1694.5,0.04736,ink,traced,2380.5,0.50124,rule,traced
177187,160705,268.8445,1694.0,0.0463,ink,traced,2380.0,0.50231,rule,traced
177188,160706,268.8461,1694.0,0.0463,ink,traced,2380.0,0.50231,rule,traced
177189,160707,268.8477,1697.0,0.05266,ink,traced,2380.0,0.50231,rule,traced
177190,160708,268.8493,1696.0,0.05054,ink,traced,2379.5,0.50337,rule,traced
177191,160709,268.8509,1694.0,0.0463,ink,traced,2379.5,0.50337,rule,traced
177192,160710,268.8525,1693.0,0.04418,ink,traced,2379.5,0.50337,rule,traced
177193,160711,268.854,1693.5,0.04524,ink,traced,2379.5,0.50337,rule,traced
177194,160712,268.8556,1695.0,0.04842,ink,traced,2379.5,0.50337,rule,traced
177195,160713,268.8572,1695.0,0.04842,ink,traced,2374.0,0.51508,ink,traced
177196,160714,268.8588,1696.0,0.05054,ink,traced,2374.0,0.51508,ink,traced
177197,160715,268.8604,1695.5,0.04948,ink,traced,2374.0,0.51508,ink,traced
177198,160716,268.862,1695.0,0.04842,ink,traced,2378.5,0.5055,rule,traced
177199,160717,268.8636,1696.5,0.0516,ink,traced,2374.0,0.51508,ink,traced
177200,160718,268.8652,1696.5,0.0516,ink,traced,2374.0,0.51508,ink,traced
177201,160719,268.8668,1696.5,0.0516,ink,traced,2374.0,0.51508,ink,traced
177202,160720,268.8684,1696.5,0.0516,ink,traced,2374.0,0.51508,ink,traced
177203,160721,268.87,1696.5,0.0516,ink,traced,2378.5,0.5055,rule,traced
177204,160722,268.8716,1697.5,0.05372,ink,traced,2373.0,0.51721,ink,traced
177205,160723,268.8732,1697.5,0.05372,ink,traced,2373.0,0.51721,ink,traced
177206,160724,268.8747,1698.5,0.05584,ink,traced,2373.0,0.51721,ink,traced
177207,160725,268.8763,1698.5,0.05584,ink,traced,2373.0,0.51721,ink,traced
177208,160726,268.8779,1698.5,0.05584,ink,traced,2372.0,0.51934,ink,traced
177209,160727,268.8795,1698.5,0.05584,ink,traced,2371.0,0.52147,ink,traced
177210,160728,268.8811,1699.5,0.05796,ink,traced,2371.0,0.52147,ink,traced
177211,160729,268.8827,1699.0,0.0569,ink,traced,2370.0,0.5236,ink,traced
177212,160730,268.8843,1699.5,0.05796,ink,traced,2372.5,0.51828,ink,traced
177213,160731,268.8859,1699.5,0.05796,ink,traced,2370.0,0.5236,ink,traced
177214,160732,268.8875,1700.0,0.05902,ink,traced,2367.0,0.52998,ink,traced
177215,160733,268.8891,1701.0,0.06114,ink,traced,2364.5,0.53531,ink,traced
177216,160734,268.8907,1701.5,0.0622,ink,traced,2360.5,0.54382,ink,traced
177217,160735,268.8923,1702.0,0.06326,ink,traced,2350.0,0.56617,ink,traced
177218,160736,268.8939,1702.5,0.06432,ink,traced,2348.0,0.57042,ink,traced
177219,160737,268.8955,1702.5,0.06432,ink,traced,2348.5,0.56936,ink,traced
177220,160738,268.897,1702.5,0.06432,ink,traced,2341.0,0.58532,ink,traced
177221,160739,268.8986,1703.0,0.06538,ink,traced,2342.5,0.58213,ink,traced
177222,160740,268.9002,1703.5,0.06644,ink,traced,2339.5,0.58851,ink,traced
177223,160741,268.9018,1704.0,0.0675,ink,traced,2335.0,0.59809,ink,traced
177224,160742,268.9034,1704.0,0.0675,ink,traced,2327.0,0.61512,ink,traced
177225,160743,268.905,1704.0,0.0675,ink,traced,2328.0,0.61299,ink,traced
177226,160744,268.9066,1705.0,0.06962,ink,traced,2322.0,0.62576,ink,traced
177227,160745,268.9082,1705.0,0.06962,ink,traced,2322.5,0.6247,ink,traced
177228,160746,268.9098,1705.5,0.07068,ink,traced,2320.0,0.63002,ink,traced
177229,160747,268.9114,1706.0,0.07174,ink,traced,2317.0,0.6364,ink,traced
177230,160748,268.913,1706.0,0.07174,ink,traced,2314.5,0.64173,ink,traced
177231,160749,268.9146,1706.5,0.0728,ink,traced,2311.0,0.64917,ink,traced
177232,160750,268.9162,1707.0,0.07386,ink,traced,2310.0,0.6513,ink,traced
177233,160751,268.9178,1707.0,0.07386,ink,traced,2307.0,0.65769,ink,traced
177234,160752,268.9193,1707.0,0.07386,ink,traced,2300.5,0.67152,ink,traced
177235,160753,268.9209,1708.0,0.07598,ink,traced,2300.5,0.67152,ink,traced
177236,160754,268.9225,1708.0,0.07598,ink,traced,2291.0,0.69174,ink,traced
177237,160755,268.9241,1708.5,0.07704,ink,traced,2288.0,0.69813,ink,traced
177238,160756,268.9257,1709.0,0.0781,ink,traced,2285.0,0.70451,ink,traced
177239,160757,268.9273,1709.5,0.07916,ink,traced,2286.0,0.70238,ink,traced
177240,160758,268.9289,1709.5,0.07916,ink,traced,2283.5,0.70771,ink,traced
177241,160759,268.9305,1710.0,0.08022,ink,traced,2278.0,0.71941,ink,traced
177242,160760,268.9321,1710.5,0.08128,ink,traced,2277.0,0.72154,ink,traced
177243,160761,268.9337,1711.0,0.08234,ink,traced,2272.0,0.73218,ink,traced
177244,160762,268.9353,1711.5,0.0834,ink,traced,2270.5,0.73537,ink,traced
177245,160763,268.9369,1711.0,0.08234,ink,traced,2268.0,0.7407,ink,traced
177246,160764,268.9385,1712.0,0.08446,ink,traced,2266.0,0.74495,ink,traced
177247,160765,268.94,1712.5,0.08552,ink,traced,2262.0,0.75347,ink,traced
177248,160766,268.9416,1713.0,0.08658,ink,traced,2259.0,0.75985,ink,traced
177249,160767,268.9432,1713.5,0.08764,ink,traced,2254.5,0.76943,ink,traced
177250,160768,268.9448,1713.5,0.08764,ink,traced,2251.0,0.77688,ink,traced
177251,160769,268.9464,1714.5,0.08976,ink,traced,2248.0,0.78326,ink,traced
177252,160770,268.948,1714.5,0.08976,ink,traced,2246.5,0.78646,ink,traced
177253,160771,268.9496,1715.5,0.09188,ink,traced,2239.5,0.80136,ink,traced
177254,160772,268.9512,1716.5,0.094,ink,traced,2239.0,0.80242,ink,traced
177255,160773,268.9528,1719.0,0.0993,ink,traced,2234.0,0.81307,ink,traced
177256,160774,268.9544,1722.5,0.10672,ink,traced,2229.0,0.82371,ink,traced
177257,160775,268.956,1726.0,0.11415,ink,traced,2228.0,0.82584,ink,traced
177258,160776,268.9576,1729.5,0.12157,ink,traced,2225.5,0.83116,ink,traced
177259,160777,268.9592,1732.5,0.12793,ink,traced,2224.0,0.83435,ink,traced
177260,160778,268.9608,1736.5,0.13642,ink,traced,2221.0,0.84074,ink,traced
177261,160779,268.9623,1739.0,0.14172,ink,traced,2219.5,0.84393,ink,traced
177262,160780,268.9639,1741.5,0.14702,ink,traced,2216.5,0.85032,ink,traced
177263,160781,268.9655,1743.5,0.15126,ink,traced,2211.5,0.86096,ink,traced
177264,160782,268.9671,1747.5,0.15975,ink,traced,2207.0,0.87054,ink,traced
177265,160783,268.9687,1749.5,0.16399,ink,traced,2207.0,0.87054,ink,traced
177266,160784,268.9703,1752.0,0.16929,ink,traced,2200.5,0.88438,ink,traced
177267,160785,268.9719,1754.0,0.17353,ink,traced,2198.5,0.88863,ink,traced
177268,160786,268.9735,1757.0,0.17989,ink,traced,2195.5,0.89502,ink,traced
177269,160787,268.9751,1763.5,0.19368,ink,traced,2193.0,0.90034,ink,traced
177270,160788,268.9767,1763.0,0.19262,ink,traced,2190.5,0.90566,ink,traced
177271,160789,268.9783,1768.0,0.20322,ink,traced,2187.0,0.91311,ink,traced
177272,160790,268.9799,1769.0,0.20534,ink,traced,2187.0,0.91311,ink,traced
177273,160791,268.9815,1775.5,0.21913,ink,traced,2183.0,0.92163,ink,traced
177274,160792,268.9831,1776.0,0.22019,ink,traced,2179.0,0.93014,ink,traced
177275,160793,268.9846,1778.0,0.22443,ink,traced,2177.0,0.9344,ink,traced
177276,160794,268.9862,1781.5,0.23186,ink,traced,2176.0,0.93653,ink,traced
177277,160795,268.9878,1785.0,0.23928,ink,traced,2171.0,0.94717,ink,traced
177278,160796,268.9894,1789.0,0.24776,ink,traced,2170.5,0.94824,ink,traced
177279,160797,268.991,1793.0,0.25625,ink,traced,2169.5,0.95037,ink,traced
177280,160798,268.9926,1795.0,0.26049,ink,traced,2166.5,0.95675,ink,traced
177281,160799,268.9942,1798.0,0.26685,ink,traced,2165.5,0.95888,ink,traced
177282,160800,268.9958,1799.5,0.27003,ink,traced,2164.5,0.96101,ink,traced
177283,160801,268.9974,1802.5,0.27639,ink,traced,2163.5,0.96314,ink,traced
177284,160802,268.999,1804.0,0.27958,ink,traced,2165.0,0.95995,ink,traced
177285,160803,269.0006,1810.0,0.2923,ink,traced,2165.5,0.95889,ink,traced
177286,160804,269.0022,1812.0,0.29654,ink,traced,2164.0,0.96208,ink,traced
177287,160805,269.0038,1815.0,0.30291,ink,traced,2163.5,0.96315,ink,traced
177288,160806,269.0053,1818.5,0.31033,ink,traced,2163.5,0.96315,ink,traced
177289,160807,269.0069,1821.0,0.31563,ink,traced,2165.0,0.95996,ink,traced
177290,160808,269.0085,1823.0,0.31987,ink,traced,2164.0,0.96209,ink,traced
177291,160809,269.0101,1830.0,0.33472,ink,traced,2167.5,0.95464,ink,traced
177292,160810,269.0117,1831.0,0.33684,ink,traced,2168.0,0.95358,ink,traced
177293,160811,269.0133,1833.5,0.34214,ink,traced,2165.5,0.9589,ink,traced
177294,160812,269.0149,1837.0,0.34957,ink,traced,2165.5,0.9589,ink,traced
177295,160813,269.0165,1840.5,0.35699,ink,traced,2169.5,0.95039,ink,traced
177296,160814,269.0181,1841.0,0.35805,ink,traced,2166.0,0.95784,ink,traced
177297,160815,269.0197,1844.5,0.36547,ink,traced,2165.5,0.9589,ink,traced
177298,160816,269.0213,1848.0,0.3729,ink,traced,2169.5,0.95039,ink,traced
177299,160817,269.0229,1850.0,0.37714,ink,traced,2167.0,0.95571,ink,traced
177300,160818,269.0245,1854.0,0.38562,ink,traced,2166.5,0.95678,ink,traced
177301,160819,269.0261,1857.0,0.39198,ink,traced,2167.0,0.95572,ink,traced
177302,160820,269.0276,1860.5,0.39941,ink,traced,2167.5,0.95465,ink,traced
177303,160821,269.0292,1866.0,0.41107,ink,traced,2167.5,0.95465,ink,traced
177304,160822,269.0308,1867.5,0.41425,ink,traced,2167.5,0.95466,ink,traced
177305,160823,269.0324,1868.5,0.41637,ink,traced,2167.5,0.95466,ink,traced
177306,160824,269.034,1873.0,0.42592,ink,traced,2167.5,0.95466,ink,traced
177307,160825,269.0356,1877.0,0.4344,ink,traced,2167.0,0.95572,ink,traced
177308,160826,269.0372,1883.0,0.44713,ink,traced,2167.0,0.95573,ink,traced
177309,160827,269.0388,1887.0,0.45561,ink,traced,2167.5,0.95466,ink,traced
177310,160828,269.0404,1888.0,0.45773,ink,traced,2167.0,0.95573,ink,traced
177311,160829,269.042,1889.0,0.45985,ink,traced,2167.0,0.95573,ink,traced
177312,160830,269.0436,1893.0,0.46834,ink,traced,2167.0,0.95573,ink,traced
177313,160831,269.0452,1899.0,0.48106,ink,traced,2167.0,0.95573,ink,traced
177314,160832,269.0468,1901.0,0.48531,ink,traced,2166.5,0.9568,ink,traced
177315,160833,269.0484,1901.5,0.48636,ink,traced,2167.5,0.95467,ink,traced
177316,160834,269.0499,1901.0,0.4853,faint,traced,2167.0,0.95573,ink,traced
177317,160835,269.0515,1914.0,0.51274,faint,traced,2167.0,0.95574,ink,traced
177318,160836,269.0531,1914.0,0.51274,ink,traced,2168.0,0.95361,ink,traced
177319,160837,269.0547,1916.0,0.51693,ink,traced,2167.0,0.95574,ink,traced
177320,160838,269.0563,1920.0,0.52533,ink,traced,2167.0,0.95574,ink,traced
177321,160839,269.0579,1925.5,0.53687,ink,traced,2167.5,0.95468,ink,traced
177322,160840,269.0595,1930.0,0.54631,ink,traced,2167.0,0.95574,ink,traced
177323,160841,269.0611,1934.0,0.5547,ink,traced,2166.5,0.95681,ink,traced
177324,160842,269.0627,1935.5,0.55785,ink,traced,2167.0,0.95574,ink,traced
177325,160843,269.0643,1939.0,0.56519,ink,traced,2167.5,0.95468,ink,traced
177326,160844,269.0659,1943.0,0.57358,ink,traced,2167.5,0.95468,ink,traced
177327,160845,269.0675,1948.0,0.58407,ink,traced,2167.0,0.95575,ink,traced
177328,160846,269.0691,1952.0,0.59247,ink,traced,2167.0,0.95575,ink,traced
177329,160847,269.0707,1957.0,0.60296,ink,traced,2167.5,0.95469,ink,traced
177330,160848,269.0722,1956.0,0.60086,ink,traced,2167.5,0.95469,ink,traced
177331,160849,269.0738,1968.0,0.62604,ink,traced,2167.5,0.95469,ink,traced
177332,160850,269.0754,1967.0,0.62394,ink,traced,2167.5,0.95469,ink,traced
177333,160851,269.077,1967.5,0.62499,ink,traced,2167.5,0.95469,ink,traced
177334,160852,269.0786,1973.5,0.63758,ink,traced,2167.5,0.95469,ink,traced
177335,160853,269.0802,1977.0,0.64492,ink,traced,2167.0,0.95576,ink,traced
177336,160854,269.0818,1980.5,0.65226,ink,traced,2167.0,0.95576,ink,traced
177337,160855,269.0834,1983.0,0.65751,ink,traced,2167.5,0.9547,ink,traced
177338,160856,269.085,1992.0,0.67639,ink,traced,2167.5,0.9547,ink,traced
177339,160857,269.0866,1993.0,0.67849,ink,traced,2167.5,0.9547,ink,traced
177340,160858,269.0882,1996.0,0.68478,ink,traced,2167.5,0.9547,ink,traced
177341,160859,269.0898,2001.5,0.69632,ink,traced,2167.5,0.9547,ink,traced
177342,160860,269.0914,2004.0,0.70157,ink,traced,2167.5,0.9547,ink,traced
177343,160861,269.0929,2010.0,0.71416,ink,traced,2167.0,0.95577,ink,traced
177344,160862,269.0945,2014.0,0.72255,ink,traced,2167.5,0.95471,ink,traced
177345,160863,269.0961,2014.5,0.7236,ink,traced,2166.5,0.95684,ink,traced
177346,160864,269.0977,2017.5,0.72989,ink,traced,2167.5,0.95471,ink,traced
177347,160865,269.0993,2022.0,0.73933,ink,traced,2167.5,0.95471,ink,traced
177348,160866,269.1009,2023.0,0.74143,ink,traced,2167.5,0.95471,ink,traced
177349,160867,269.1025,2026.0,0.74772,ink,traced,2167.5,0.95471,ink,traced
177350,160868,269.1041,2029.0,0.75402,ink,traced,2167.5,0.95471,ink,traced
177351,160869,269.1057,2028.5,0.75297,ink,traced,2167.5,0.95471,ink,traced
177352,160870,269.1073,2024.5,0.74457,ink,traced,2166.5,0.95684,ink,traced
177353,160871,269.1089,2021.5,0.73828,ink,traced,2166.5,0.95684,ink,traced
177354,160872,269.1105,2015.0,0.72464,ink,traced,2166.5,0.95685,ink,traced
177355,160873,269.1121,2015.0,0.72463,ink,traced,2167.5,0.95472,ink,traced
177356,160874,269.1137,2003.5,0.7005,ink,traced,2167.5,0.95472,ink,traced
177357,160875,269.1152,2003.0,0.69945,ink,traced,2167.5,0.95472,ink,traced
177358,160876,269.1168,1999.5,0.69211,ink,traced,2167.0,0.95579,ink,traced
177359,160877,269.1184,1995.5,0.68371,ink,traced,2167.0,0.95579,ink,traced
177360,160878,269.12,1986.0,0.66377,ink,traced,2167.0,0.95579,ink,traced
177361,160879,269.1216,1978.0,0.64699,ink,traced,2167.5,0.95473,ink,traced
177362,160880,269.1232,1970.0,0.6302,ink,traced,2173.0,0.94302,ink,traced
177363,160881,269.1248,1961.0,0.61131,ink,traced,2175.0,0.93877,ink,traced
177364,160882,269.1264,1951.0,0.59032,ink,traced,2177.0,0.93451,ink,traced
177365,160883,269.128,1940.0,0.56724,ink,traced,2182.0,0.92387,ink,traced
177366,160884,269.1296,1929.0,0.54416,ink,traced,2185.0,0.91749,ink,traced
177367,160885,269.1312,1919.0,0.52317,ink,traced,2194.0,0.89833,ink,traced
177368,160886,269.1328,1922.0,0.52946,ink,traced,2198.0,0.88982,ink,traced
177369,160887,269.1344,1918.0,0.52107,ink,traced,2206.5,0.87173,ink,traced
177370,160888,269.136,1888.5,0.45872,ink,traced,2209.0,0.86641,ink,traced
177371,160889,269.1375,1880.0,0.44069,ink,traced,2220.0,0.843,ink,traced
177372,160890,269.1391,1872.0,0.42372,ink,traced,2230.0,0.82172,ink,traced
177373,160891,269.1407,1862.0,0.4025,ink,traced,2240.0,0.80044,ink,traced
177374,160892,269.1423,1853.0,0.38341,ink,traced,2255.5,0.76746,ink,traced
177375,160893,269.1439,1842.5,0.36113,ink,traced,2268.0,0.74085,ink,traced
177376,160894,269.1455,1836.0,0.34734,ink,traced,2275.0,0.72596,ink,traced
177377,160895,269.1471,1836.0,0.34734,ink,traced,2286.0,0.70255,ink,traced
177378,160896,269.1487,1800.0,0.27097,ink,traced,2295.5,0.68233,ink,traced
177379,160897,269.1503,1796.0,0.26249,ink,traced,2316.0,0.6387,ink,traced
177380,160898,269.1519,1782.0,0.23279,ink,traced,2322.0,0.62593,ink,traced
177381,160899,269.1535,1772.0,0.21157,ink,traced,2334.0,0.60039,ink,traced
177382,160900,269.1551,1746.0,0.15642,ink,traced,2348.0,0.5706,ink,traced
177383,160901,269.1567,1738.0,0.13945,ink,traced,2355.0,0.5557,ink,traced
177384,160902,269.1582,1734.5,0.13202,ink,traced,2369.0,0.52591,ink,traced
177385,160903,269.1598,1727.0,0.11611,ink,traced,2398.0,0.46486,ink,traced
177386,160904,269.1614,1724.0,0.10975,ink,traced,2409.0,0.44189,ink,traced
177387,160905,269.163,1717.5,0.09596,ink,traced,2424.0,0.41056,ink,traced
177388,160906,269.1646,1717.0,0.09489,ink,traced,2439.0,0.37923,ink,traced
177389,160907,269.1662,1713.5,0.08747,ink,traced,2454.0,0.34791,ink,traced
177390,160908,269.1678,1706.0,0.07156,ink,traced,2459.0,0.33746,ink,traced
177391,160909,269.1694,1708.0,0.0758,ink,traced,2477.5,0.29883,ink,traced
177392,160910,269.171,1705.0,0.06943,ink,traced,2494.0,0.26437,ink,traced
177393,160911,269.1726,1701.5,0.06201,ink,traced,2501.0,0.24975,ink,traced
177394,160912,269.1742,1700.0,0.05882,ink,traced,2518.0,0.21425,ink,traced
177395,160913,269.1758,1694.0,0.04609,ink,traced,2523.0,0.2038,ink,traced
177396,160914,269.1774,1696.0,0.05034,ink,traced,2538.5,0.17143,ink,traced
177397,160915,269.179,1692.0,0.04185,ink,traced,2566.5,0.11296,ink,traced
177398,160916,269.1805,1692.0,0.04185,ink,traced,2582.0,0.08058,ink,traced
177399,160917,269.1821,1691.5,0.04079,ink,traced,2590.0,0.06388,ink,traced
177400,160918,269.1837,1691.5,0.04079,ink,traced,2596.0,0.05135,ink,traced
177401,160919,269.1853,1691.0,0.03972,ink,traced,2601.0,0.04091,ink,traced
177402,160920,269.1869,1690.5,0.03866,ink,traced,2602.0,0.03882,ink,traced
177403,160921,269.1885,1691.0,0.03972,ink,traced,2609.0,0.0242,ink,traced
177404,160922,269.1901,1690.5,0.03866,ink,traced,2605.5,0.03151,ink,traced
177405,160923,269.1917,1690.5,0.03866,ink,traced,2607.0,0.02838,ink,traced
177406,160924,269.1933,1691.0,0.03972,ink,traced,2607.0,0.02838,ink,traced
177407,160925,269.1949,1691.5,0.04078,ink,traced,2608.5,0.02525,ink,traced
177408,160926,269.1965,1691.5,0.04078,ink,traced,2607.0,0.02838,ink,traced
177409,160927,269.1981,1692.0,0.04184,ink,traced,2607.5,0.02734,ink,traced
177410,160928,269.1997,1692.0,0.04183,ink,traced,2608.0,0.0263,ink,traced
177411,160929,269.2013,1692.0,0.04183,ink,traced,2608.0,0.0263,ink,traced
177412,160930,269.2028,1691.5,0.04077,ink,traced,2607.0,0.02839,ink,traced
177413,160931,269.2044,1691.5,0.04077,ink,traced,2607.0,0.02839,ink,traced
177414,160932,269.206,1692.0,0.04183,ink,traced,2607.0,0.02839,ink,traced
177415,160933,269.2076,1691.5,0.04077,ink,traced,2606.5,0.02944,ink,traced
177416,160934,269.2092,1691.5,0.04077,ink,traced,2606.0,0.03048,ink,traced
177417,160935,269.2108,1691.5,0.04076,ink,traced,2607.0,0.02839,ink,traced
177418,160936,269.2124,1691.5,0.04076,ink,traced,2606.5,0.02944,ink,traced
177419,160937,269.214,1691.5,0.04076,ink,traced,2606.5,0.02944,ink,traced
177420,160938,269.2156,1691.5,0.04076,ink,traced,2607.0,0.0284,ink,traced
177421,160939,269.2172,1691.5,0.04076,ink,traced,2606.5,0.02944,ink,traced
177422,160940,269.2188,1691.5,0.04076,ink,traced,2606.5,0.02944,ink,traced
177423,160941,269.2204,1691.0,0.0397,ink,traced,2606.5,0.02945,ink,traced
177424,160942,269.222,1692.0,0.04182,ink,traced,2606.5,0.02945,ink,traced
177425,160943,269.2235,1693.5,0.045,ink,traced,2606.5,0.02945,ink,traced
177426,160944,269.2251,1695.0,0.04818,ink,traced,2606.5,0.02945,ink,traced
177427,160945,269.2267,1698.5,0.0556,ink,traced,2606.5,0.02945,ink,traced
177428,160946,269.2283,1703.0,0.06515,ink,traced,2606.5,0.02945,ink,traced
177429,160947,269.2299,1705.0,0.06939,ink,traced,2606.5,0.02945,ink,traced
177430,160948,269.2315,1707.5,0.07469,ink,traced,2606.5,0.02945,ink,traced
177431,160949,269.2331,1711.5,0.08317,ink,traced,2606.0,0.0305,ink,traced
177432,160950,269.2347,1714.0,0.08848,ink,traced,2605.0,0.03259,ink,traced
177433,160951,269.2363,1715.5,0.09166,ink,traced,2604.5,0.03363,ink,traced
177434,160952,269.2379,1718.5,0.09802,ink,traced,2604.0,0.03468,ink,traced
177435,160953,269.2395,1721.5,0.10438,ink,traced,2602.0,0.03886,ink,traced
177436,160954,269.2411,1723.5,0.10862,ink,traced,2600.5,0.04199,ink,traced
177437,160955,269.2427,1725.5,0.11286,ink,traced,2599.5,0.04408,ink,traced
177438,160956,269.2443,1729.0,0.12029,ink,traced,2597.5,0.04826,ink,traced
177439,160957,269.2458,1729.5,0.12135,ink,traced,2596.0,0.05139,ink,traced
177440,160958,269.2474,1733.5,0.12983,ink,traced,2595.5,0.05244,ink,traced
177441,160959,269.249,1735.5,0.13407,ink,traced,2594.5,0.05453,ink,traced
177442,160960,269.2506,1738.0,0.13937,ink,traced,2593.5,0.05662,ink,traced
177443,160961,269.2522,1742.5,0.14892,ink,traced,2592.5,0.05871,ink,traced
177444,160962,269.2538,1745.0,0.15422,ink,traced,2591.0,0.06184,ink,traced
177445,160963,269.2554,1746.5,0.1574,ink,traced,2590.5,0.06289,ink,traced
177446,160964,269.257,1750.5,0.16589,ink,traced,2588.5,0.06707,ink,traced
177447,160965,269.2586,1752.0,0.16907,ink,traced,2586.5,0.07125,ink,traced
177448,160966,269.2602,1753.0,0.17119,ink,traced,2585.5,0.07333,ink,traced
177449,160967,269.2618,1757.0,0.17967,ink,traced,2584.0,0.07647,ink,traced
177450,160968,269.2634,1762.0,0.19028,ink,traced,2583.0,0.07856,ink,traced
177451,160969,269.265,1763.5,0.19346,ink,traced,2582.5,0.0796,ink,traced
177452,160970,269.2666,1767.0,0.20088,ink,traced,2581.5,0.08169,ink,traced
177453,160971,269.2681,1768.5,0.20406,ink,traced,2581.0,0.08274,ink,traced
177454,160972,269.2697,1770.5,0.2083,ink,traced,2579.5,0.08587,ink,traced
177455,160973,269.2713,1774.0,0.21573,ink,traced,2577.5,0.09005,ink,traced
177456,160974,269.2729,1776.0,0.21997,ink,traced,2576.5,0.09214,ink,traced
177457,160975,269.2745,1781.5,0.23163,ink,traced,2575.5,0.09423,ink,traced
177458,160976,269.2761,1784.0,0.23693,ink,traced,2574.5,0.09632,ink,traced
177459,160977,269.2777,1787.0,0.2433,ink,traced,2572.0,0.10154,ink,traced
177460,160978,269.2793,1788.5,0.24648,ink,traced,2570.0,0.10572,ink,traced
177461,160979,269.2809,1790.0,0.24966,ink,traced,2568.5,0.10886,ink,traced
177462,160980,269.2825,1795.0,0.26026,ink,traced,2568.0,0.1099,ink,traced
177463,160981,269.2841,1796.5,0.26344,ink,traced,2566.0,0.11408,ink,traced
177464,160982,269.2857,1800.0,0.27087,ink,traced,2565.0,0.11617,ink,traced
177465,160983,269.2873,1802.0,0.27511,ink,traced,2563.5,0.1193,ink,traced
177466,160984,269.2888,1805.5,0.28253,ink,traced,2563.0,0.12035,ink,traced
177467,160985,269.2904,1809.0,0.28996,ink,traced,2561.0,0.12453,ink,traced
177468,160986,269.292,1811.0,0.2942,ink,traced,2560.5,0.12557,ink,traced
177469,160987,269.2936,1815.5,0.30374,ink,traced,2557.5,0.13184,ink,traced
177470,160988,269.2952,1817.0,0.30692,ink,traced,2556.0,0.13497,ink,traced
177471,160989,269.2968,1818.0,0.30904,ink,traced,2553.0,0.14124,ink,traced
177472,160990,269.2984,1823.0,0.31965,ink,traced,2551.0,0.14542,ink,traced
177473,160991,269.3,1830.0,0.3345,ink,traced,2552.5,0.14229,ink,traced
177474,160992,269.3016,1831.5,0.33768,ink,traced,2550.5,0.14647,ink,traced
177475,160993,269.3032,1832.0,0.33874,ink,traced,2549.0,0.1496,ink,traced
177476,160994,269.3048,1835.0,0.3451,ink,traced,2547.0,0.15378,ink,traced
177477,160995,269.3064,1837.0,0.34934,ink,traced,2546.0,0.15587,ink,traced
177478,160996,269.308,1841.0,0.35782,ink,traced,2543.5,0.16109,ink,traced
177479,160997,269.3096,1846.0,0.36843,ink,traced,2542.5,0.16318,ink,traced
177480,160998,269.3111,1847.5,0.37161,ink,traced,2538.5,0.17154,ink,traced
177481,160999,269.3127,1851.0,0.37903,ink,traced,2540.5,0.16736,ink,traced
177482,161000,269.3143,1853.5,0.38434,ink,traced,2538.0,0.17258,ink,traced
177483,161001,269.3159,1859.0,0.396,ink,traced,2536.5,0.17572,ink,traced
177484,161002,269.3175,1860.0,0.39812,ink,traced,2535.5,0.17781,ink,traced
177485,161003,269.3191,1865.5,0.40979,ink,traced,2534.0,0.18094,ink,traced
177486,161004,269.3207,1867.0,0.41297,ink,traced,2531.5,0.18616,ink,traced
177487,161005,269.3223,1868.0,0.41509,ink,traced,2530.5,0.18825,ink,traced
177488,161006,269.3239,1872.0,0.42357,ink,traced,2528.5,0.19243,ink,traced
177489,161007,269.3255,1878.5,0.43736,ink,traced,2526.5,0.19661,ink,traced
177490,161008,269.3271,1881.0,0.44266,ink,traced,2524.5,0.20079,ink,traced
177491,161009,269.3287,1884.5,0.45008,ink,traced,2523.5,0.20288,ink,traced
177492,161010,269.3303,1888.5,0.45857,ink,traced,2521.5,0.20705,ink,traced
177493,161011,269.3319,1889.5,0.46069,ink,traced,2519.5,0.21123,ink,traced
177494,161012,269.3334,1895.5,0.47342,ink,traced,2518.0,0.21437,ink,traced
177495,161013,269.335,1895.5,0.47341,ink,traced,2514.0,0.22272,ink,traced
177496,161014,269.3366,1896.0,0.47447,ink,traced,2514.5,0.22168,ink,traced
177497,161015,269.3382,1900.0,0.48296,faint,traced,2514.0,0.22272,ink,traced
177498,161016,269.3398,1914.0,0.51252,rule,traced,2512.0,0.2269,ink,traced
177499,161017,269.3414,1914.0,0.51252,rule,traced,2508.0,0.23526,ink,traced
177500,161018,269.343,1914.0,0.51252,rule,traced,2506.0,0.23944,ink,traced
177501,161019,269.3446,1919.5,0.52406,ink,traced,2502.0,0.24779,ink,traced
177502,161020,269.3462,1921.5,0.52825,ink,traced,2500.0,0.25197,ink,traced
177503,161021,269.3478,1924.0,0.5335,ink,traced,2499.5,0.25302,ink,traced
177504,161022,269.3494,1931.0,0.54818,ink,traced,2498.0,0.25615,ink,traced
177505,161023,269.351,1933.0,0.55238,ink,traced,2495.0,0.26242,ink,traced
177506,161024,269.3526,1935.0,0.55658,ink,traced,2493.0,0.2666,ink,traced
177507,161025,269.3541,1937.0,0.56077,ink,traced,2491.5,0.26973,ink,traced
177508,161026,269.3557,1943.0,0.57336,ink,traced,2487.0,0.27913,ink,traced
177509,161027,269.3573,1943.0,0.57336,ink,traced,2487.5,0.27809,ink,traced
177510,161028,269.3589,1947.0,0.58175,ink,traced,2487.0,0.27913,ink,traced
177511,161029,269.3605,1948.5,0.5849,ink,traced,2482.0,0.28958,ink,traced
177512,161030,269.3621,1953.5,0.59539,ink,traced,2483.0,0.28749,ink,traced
177513,161031,269.3637,1956.0,0.60063,ink,traced,2481.5,0.29062,ink,traced
177514,161032,269.3653,1958.0,0.60483,ink,traced,2477.5,0.29898,ink,traced
177515,161033,269.3669,1961.0,0.61112,ink,traced,2476.5,0.30107,ink,traced
177516,161034,269.3685,1961.0,0.61112,ink,traced,2473.5,0.30733,ink,traced
177517,161035,269.3701,1962.5,0.61427,ink,traced,2468.5,0.31778,ink,traced
177518,161036,269.3717,1963.0,0.61532,ink,traced,2470.5,0.3136,ink,traced
177519,161037,269.3733,1962.0,0.61322,ink,traced,2468.0,0.31882,ink,traced
177520,161038,269.3749,1962.0,0.61322,ink,traced,2463.5,0.32822,ink,traced
177521,161039,269.3764,1961.0,0.61112,ink,traced,2462.0,0.33136,ink,traced
177522,161040,269.378,1961.0,0.61112,ink,traced,2461.5,0.3324,ink,traced
177523,161041,269.3796,1961.0,0.61111,ink,traced,2459.0,0.33763,ink,traced
177524,161042,269.3812,1959.0,0.60692,ink,traced,2458.0,0.33972,ink,traced
177525,161043,269.3828,1959.0,0.60691,ink,traced,2455.0,0.34598,ink,traced
177526,161044,269.3844,1958.5,0.60586,ink,traced,2453.5,0.34912,ink,traced
177527,161045,269.386,1960.5,0.61006,ink,traced,2453.0,0.35016,ink,traced
177528,161046,269.3876,1960.0,0.60901,ink,traced,2450.5,0.35538,ink,traced
177529,161047,269.3892,1958.5,0.60586,ink,traced,2449.0,0.35852,ink,traced
177530,161048,269.3908,1960.0,0.60901,ink,traced,2442.5,0.3721,ink,traced
177531,161049,269.3924,1959.5,0.60796,ink,traced,2443.5,0.37001,ink,traced
177532,161050,269.394,1959.0,0.60691,ink,traced,2440.0,0.37732,ink,traced
177533,161051,269.3956,1958.5,0.60586,ink,traced,2439.5,0.37836,ink,traced
177534,161052,269.3972,1958.5,0.60585,ink,traced,2435.0,0.38776,ink,traced
177535,161053,269.3987,1957.0,0.60271,ink,traced,2435.5,0.38672,ink,traced
177536,161054,269.4003,1958.0,0.6048,ink,traced,2435.5,0.38672,ink,traced
177537,161055,269.4019,1958.0,0.6048,ink,traced,2431.0,0.39612,ink,traced
177538,161056,269.4035,1956.0,0.6006,ink,traced,2430.5,0.39717,ink,traced
177539,161057,269.4051,1956.5,0.60165,ink,traced,2429.0,0.4003,ink,traced
177540,161058,269.4067,1959.5,0.60795,ink,traced,2428.0,0.40239,ink,traced
177541,161059,269.4083,1959.5,0.60794,ink,traced,2427.0,0.40448,ink,traced
177542,161060,269.4099,1957.5,0.60375,ink,traced,2426.5,0.40553,ink,traced
177543,161061,269.4115,1956.5,0.60165,ink,traced,2424.0,0.41075,ink,traced
177544,161062,269.4131,1958.0,0.60479,ink,traced,2427.5,0.40344,ink,traced
177545,161063,269.4147,1957.5,0.60374,ink,traced,2425.0,0.40866,ink,traced
177546,161064,269.4163,1957.5,0.60374,ink,traced,2428.0,0.4024,ink,traced
177547,161065,269.4179,1957.5,0.60374,ink,traced,2425.5,0.40762,ink,traced
177548,161066,269.4194,1957.5,0.60374,ink,traced,2428.5,0.40136,ink,traced
177549,161067,269.421,1956.5,0.60164,ink,traced,2426.0,0.40658,ink,traced
177550,161068,269.4226,1957.0,0.60269,ink,traced,2425.5,0.40762,ink,traced
177551,161069,269.4242,1957.0,0.60269,ink,traced,2427.5,0.40345,ink,traced
177552,161070,269.4258,1958.5,0.60583,ink,traced,2429.0,0.40032,ink,traced
177553,161071,269.4274,1956.5,0.60163,ink,traced,2428.0,0.40241,ink,traced
177554,161072,269.429,1957.0,0.60268,ink,traced,2429.0,0.40032,ink,traced
177555,161073,269.4306,1956.5,0.60163,ink,traced,2427.5,0.40345,ink,traced
177556,161074,269.4322,1956.5,0.60163,ink,traced,2429.0,0.40032,ink,traced
177557,161075,269.4338,1957.5,0.60373,ink,traced,2429.0,0.40032,ink,traced
177558,161076,269.4354,1957.5,0.60373,ink,traced,2429.0,0.40032,ink,traced
177559,161077,269.437,1957.5,0.60373,ink,traced,2431.0,0.39615,ink,traced
177560,161078,269.4386,1957.5,0.60372,ink,traced,2430.5,0.39719,ink,traced
177561,161079,269.4402,1957.5,0.60372,ink,traced,2428.5,0.40137,ink,traced
177562,161080,269.4417,1957.5,0.60372,ink,traced,2428.5,0.40137,ink,traced
177563,161081,269.4433,1957.5,0.60372,ink,traced,2429.5,0.39929,ink,traced
177564,161082,269.4449,1957.5,0.60372,ink,traced,2429.5,0.39929,ink,traced
177565,161083,269.4465,1957.0,0.60267,ink,traced,2435.0,0.3878,ink,traced
177566,161084,269.4481,1957.0,0.60267,ink,traced,2435.0,0.3878,ink,traced
177567,161085,269.4497,1957.0,0.60267,ink,traced,2430.5,0.3972,ink,traced
177568,161086,269.4513,1957.5,0.60371,ink,traced,2435.0,0.38781,ink,traced
177569,161087,269.4529,1957.5,0.60371,ink,traced,2436.0,0.38572,ink,traced
177570,161088,269.4545,1957.5,0.60371,ink,traced,2431.5,0.39512,ink,traced
177571,161089,269.4561,1957.5,0.60371,ink,traced,2433.0,0.39199,ink,traced
177572,161090,269.4577,1958.0,0.60476,ink,traced,2436.0,0.38572,ink,traced
177573,161091,269.4593,1957.5,0.60371,ink,traced,2433.5,0.39094,ink,traced
177574,161092,269.4609,1958.0,0.60476,ink,traced,2434.5,0.38886,ink,traced
177575,161093,269.4625,1957.5,0.60371,ink,traced,2434.5,0.38886,ink,traced
177576,161094,269.464,1957.5,0.6037,ink,traced,2434.5,0.38886,ink,traced
177577,161095,269.4656,1957.5,0.6037,ink,traced,2436.5,0.38468,ink,traced
177578,161096,269.4672,1957.5,0.6037,ink,traced,2435.5,0.38677,ink,traced
177579,161097,269.4688,1959.0,0.60685,ink,traced,2438.5,0.38051,ink,traced
177580,161098,269.4704,1958.5,0.6058,ink,traced,2438.5,0.38051,ink,traced
177581,161099,269.472,1958.5,0.6058,ink,traced,2436.5,0.38469,ink,traced
177582,161100,269.4736,1958.0,0.60475,ink,traced,2437.0,0.38365,ink,traced
177583,161101,269.4752,1958.0,0.60475,ink,traced,2437.0,0.38365,ink,traced
177584,161102,269.4768,1958.0,0.60474,ink,traced,2437.5,0.3826,ink,traced
177585,161103,269.4784,1958.0,0.60474,ink,traced,2438.0,0.38156,ink,traced
177586,161104,269.48,1958.0,0.60474,ink,traced,2438.5,0.38052,ink,traced
177587,161105,269.4816,1961.0,0.61104,ink,traced,2439.0,0.37947,ink,traced
177588,161106,269.4832,1958.0,0.60474,ink,traced,2439.0,0.37948,ink,traced
177589,161107,269.4847,1958.5,0.60579,ink,traced,2439.5,0.37843,ink,traced
177590,161108,269.4863,1958.5,0.60579,ink,traced,2440.5,0.37635,ink,traced
177591,161109,269.4879,1959.0,0.60683,ink,traced,2444.0,0.36904,ink,traced
177592,161110,269.4895,1958.5,0.60578,ink,traced,2446.0,0.36486,ink,traced
177593,161111,269.4911,1959.0,0.60683,ink,traced,2441.5,0.37426,ink,traced
177594,161112,269.4927,1958.5,0.60578,ink,traced,2444.0,0.36904,ink,traced
177595,161113,269.4943,1959.0,0.60683,ink,traced,2448.0,0.36069,ink,traced
177596,161114,269.4959,1958.5,0.60578,ink,traced,2448.0,0.36069,ink,traced
177597,161115,269.4975,1958.5,0.60578,ink,traced,2443.5,0.37009,ink,traced
177598,161116,269.4991,1959.0,0.60683,ink,traced,2443.5,0.37009,ink,traced
177599,161117,269.5007,1959.0,0.60682,ink,traced,2444.5,0.368,ink,traced
177600,161118,269.5023,1958.5,0.60577,ink,traced,2445.0,0.36696,ink,traced
177601,161119,269.5039,1959.5,0.60787,ink,traced,2444.5,0.368,ink,traced
177602,161120,269.5055,1959.0,0.60682,ink,traced,2445.0,0.36696,ink,traced
177603,161121,269.507,1959.5,0.60787,ink,traced,2446.5,0.36383,ink,traced
177604,161122,269.5086,1959.5,0.60787,ink,traced,2446.5,0.36383,ink,traced
177605,161123,269.5102,1959.5,0.60787,ink,traced,2447.5,0.36174,ink,traced
177606,161124,269.5118,1959.5,0.60786,ink,traced,2452.0,0.35235,ink,traced
177607,161125,269.5134,1959.5,0.60786,ink,traced,2453.0,0.35026,ink,traced
177608,161126,269.515,1960.0,0.60891,ink,traced,2453.0,0.35026,ink,traced
177609,161127,269.5166,1960.5,0.60996,ink,traced,2448.5,0.35966,ink,traced
177610,161128,269.5182,1960.5,0.60996,ink,traced,2449.0,0.35862,ink,traced
177611,161129,269.5198,1960.0,0.60891,ink,traced,2452.5,0.35131,ink,traced
177612,161130,269.5214,1960.0,0.60891,ink,traced,2449.5,0.35758,ink,traced
177613,161131,269.523,1960.0,0.60891,ink,traced,2455.0,0.34609,ink,traced
177614,161132,269.5246,1960.0,0.6089,ink,traced,2455.0,0.34609,ink,traced
177615,161133,269.5262,1960.0,0.6089,ink,traced,2451.5,0.3534,ink,traced
177616,161134,269.5278,1960.0,0.6089,ink,traced,2451.5,0.3534,ink,traced
177617,161135,269.5293,1960.0,0.6089,ink,traced,2452.5,0.35132,ink,traced
177618,161136,269.5309,1960.5,0.60995,ink,traced,2452.5,0.35132,ink,traced
177619,161137,269.5325,1960.5,0.60995,ink,traced,2452.5,0.35132,ink,traced
177620,161138,269.5341,1960.5,0.60995,ink,traced,2453.0,0.35028,ink,traced
177621,161139,269.5357,1960.5,0.60994,ink,traced,2453.5,0.34923,ink,traced
177622,161140,269.5373,1960.5,0.60994,ink,traced,2454.0,0.34819,ink,traced
177623,161141,269.5389,1960.5,0.60994,ink,traced,2454.5,0.34715,ink,traced
177624,161142,269.5405,1960.5,0.60994,ink,traced,2455.5,0.34506,ink,traced
177625,161143,269.5421,1960.5,0.60994,ink,traced,2455.5,0.34506,ink,traced
177626,161144,269.5437,1960.0,0.60889,ink,traced,2456.5,0.34297,ink,traced
177627,161145,269.5453,1961.0,0.61099,ink,traced,2460.5,0.33462,ink,traced
177628,161146,269.5469,1961.0,0.61099,ink,traced,2457.0,0.34193,ink,traced
177629,161147,269.5485,1961.0,0.61098,ink,traced,2457.5,0.34089,ink,traced
177630,161148,269.5501,1961.0,0.61098,ink,traced,2458.0,0.33984,ink,traced
177631,161149,269.5516,1961.0,0.61098,ink,traced,2458.5,0.3388,ink,traced
177632,161150,269.5532,1960.5,0.60993,ink,traced,2458.5,0.3388,ink,traced
177633,161151,269.5548,1960.5,0.60993,ink,traced,2458.5,0.3388,ink,traced
177634,161152,269.5564,1961.0,0.61098,ink,traced,2459.5,0.33672,ink,traced
177635,161153,269.558,1962.5,0.61412,ink,traced,2460.0,0.33567,ink,traced
177636,161154,269.5596,1962.5,0.61412,ink,traced,2463.0,0.32941,ink,traced
177637,161155,269.5612,1961.5,0.61202,ink,traced,2460.5,0.33463,ink,traced
177638,161156,269.5628,1961.5,0.61202,ink,traced,2461.0,0.33359,ink,traced
177639,161157,269.5644,1963.0,0.61517,ink,traced,2461.5,0.33255,ink,traced
177640,161158,269.566,1961.0,0.61097,ink,traced,2463.5,0.32837,ink,traced
177641,161159,269.5676,1961.5,0.61202,ink,traced,2462.0,0.3315,ink,traced
177642,161160,269.5692,1961.5,0.61202,ink,traced,2463.0,0.32942,ink,traced
177643,161161,269.5708,1961.5,0.61202,ink,traced,2462.5,0.33046,ink,traced
177644,161162,269.5723,1961.0,0.61097,ink,traced,2463.5,0.32837,ink,traced
177645,161163,269.5739,1961.0,0.61096,ink,traced,2463.5,0.32838,ink,traced
177646,161164,269.5755,1961.0,0.61096,ink,traced,2464.0,0.32733,ink,traced
177647,161165,269.5771,1961.5,0.61201,ink,traced,2464.5,0.32629,ink,traced
177648,161166,269.5787,1961.5,0.61201,ink,traced,2464.5,0.32629,ink,traced
177649,161167,269.5803,1961.0,0.61096,ink,traced,2465.5,0.3242,ink,traced
177650,161168,269.5819,1961.5,0.61201,ink,traced,2465.5,0.32421,ink,traced
177651,161169,269.5835,1962.5,0.61411,ink,traced,2466.0,0.32316,ink,traced
177652,161170,269.5851,1962.5,0.6141,ink,traced,2468.0,0.31899,ink,traced
177653,161171,269.5867,1961.5,0.612,ink,traced,2467.0,0.32108,ink,traced
177654,161172,269.5883,1962.0,0.61305,ink,traced,2467.0,0.32108,ink,traced
177655,161173,269.5899,1962.5,0.6141,ink,traced,2467.5,0.32003,ink,traced
177656,161174,269.5915,1962.0,0.61305,ink,traced,2468.5,0.31795,ink,traced
177657,161175,269.5931,1962.5,0.6141,ink,traced,2468.5,0.31795,ink,traced
177658,161176,269.5946,1962.5,0.6141,ink,traced,2469.0,0.3169,ink,traced
177659,161177,269.5962,1962.5,0.6141,ink,traced,2468.5,0.31795,ink,traced
177660,161178,269.5978,1962.5,0.61409,ink,traced,2469.5,0.31586,ink,traced
177661,161179,269.5994,1962.5,0.61409,ink,traced,2469.5,0.31586,ink,traced
177662,161180,269.601,1963.0,0.61514,ink,traced,2470.5,0.31378,ink,traced
177663,161181,269.6026,1962.5,0.61409,ink,traced,2471.0,0.31273,ink,traced
177664,161182,269.6042,1963.0,0.61514,ink,traced,2471.5,0.31169,ink,traced
177665,161183,269.6058,1962.5,0.61409,ink,traced,2471.5,0.31169,ink,traced
177666,161184,269.6074,1963.0,0.61514,ink,traced,2477.0,0.30021,ink,traced
177667,161185,269.609,1962.5,0.61409,ink,traced,2477.0,0.30021,ink,traced
177668,161186,269.6106,1963.5,0.61618,ink,traced,2477.0,0.30021,ink,traced
177669,161187,269.6122,1962.5,0.61408,ink,traced,2473.0,0.30856,ink,traced
177670,161188,269.6138,1963.5,0.61618,ink,traced,2473.5,0.30752,ink,traced
177671,161189,269.6154,1962.5,0.61408,ink,traced,2473.5,0.30752,ink,traced
177672,161190,269.6169,1963.0,0.61513,ink,traced,2473.5,0.30752,ink,traced
177673,161191,269.6185,1963.0,0.61513,ink,traced,2479.0,0.29604,ink,traced
177674,161192,269.6201,1962.5,0.61408,ink,traced,2474.5,0.30544,ink,traced
177675,161193,269.6217,1963.5,0.61617,ink,traced,2475.0,0.30439,ink,traced
177676,161194,269.6233,1963.5,0.61617,ink,traced,2475.0,0.3044,ink,traced
177677,161195,269.6249,1963.5,0.61617,ink,traced,2481.0,0.29187,ink,traced
177678,161196,269.6265,1963.5,0.61617,ink,traced,2481.0,0.29187,ink,traced
177679,161197,269.6281,1963.5,0.61617,ink,traced,2476.5,0.30127,ink,traced
177680,161198,269.6297,1963.0,0.61512,ink,traced,2476.5,0.30127,ink,traced
177681,161199,269.6313,1963.0,0.61512,ink,traced,2477.0,0.30022,ink,traced
177682,161200,269.6329,1963.5,0.61617,ink,traced,2477.0,0.30023,ink,traced
177683,161201,269.6345,1963.5,0.61616,ink,traced,2477.5,0.29918,ink,traced
177684,161202,269.6361,1964.0,0.61721,ink,traced,2478.5,0.2971,ink,traced
177685,161203,269.6376,1964.0,0.61721,ink,traced,2478.0,0.29814,ink,traced
177686,161204,269.6392,1964.0,0.61721,ink,traced,2479.0,0.29605,ink,traced
177687,161205,269.6408,1967.0,0.6235,ink,traced,2479.0,0.29605,ink,traced
177688,161206,269.6424,2114.5,0.93302,ink,traced,2479.0,0.29606,ink,traced
177689,161207,269.644,2114.5,0.93302,ink,traced,2479.5,0.29501,ink,traced
177690,161208,269.6456,2114.0,0.93197,ink,traced,2480.5,0.29293,ink,traced
177691,161209,269.6472,2114.0,0.93197,faint,traced,2480.5,0.29293,ink,traced
177692,161210,269.6488,2080.0,0.86062,gap,traced,2481.0,0.29188,ink,traced
177693,161211,269.6504,2070.0,0.83964,faint,traced,2481.5,0.29084,ink,traced
177694,161212,269.652,2073.0,0.84593,gap,traced,2481.5,0.29084,ink,traced
177695,161213,269.6536,2072.0,0.84383,gap,traced,2481.5,0.29084,ink,traced
177696,161214,269.6552,2062.0,0.82284,faint,traced,2482.5,0.28876,ink,traced
177697,161215,269.6568,2033.0,0.76199,gap,traced,2482.5,0.28876,ink,traced
177698,161216,269.6584,2033.0,0.76199,gap,traced,2482.0,0.2898,ink,traced
177699,161217,269.6599,2033.0,0.76199,gap,traced,2483.0,0.28772,ink,traced
177700,161218,269.6615,2034.0,0.76408,faint,traced,2483.0,0.28772,ink,traced
177701,161219,269.6631,2078.0,0.85641,faint,traced,2483.0,0.28772,ink,traced
177702,161220,269.6647,2078.0,0.85641,gap,traced,2483.5,0.28667,ink,traced
177703,161221,269.6663,2076.0,0.85221,gap,traced,2484.5,0.28459,ink,traced
177704,161222,269.6679,2064.0,0.82703,gap,traced,2484.5,0.28459,ink,traced
177705,161223,269.6695,2064.0,0.82703,faint,traced,2485.0,0.28355,ink,traced
177706,161224,269.6711,2064.0,0.82703,faint,traced,2485.0,0.28355,ink,traced
177707,161225,269.6727,2058.0,0.81444,faint,traced,2485.0,0.28355,ink,traced
177708,161226,269.6743,1996.0,0.68433,faint,traced,2485.0,0.28355,ink,traced
177709,161227,269.6759,1996.0,0.68433,faint,traced,2486.0,0.28146,ink,traced
177710,161228,269.6775,1996.0,0.68433,faint,traced,2486.0,0.28146,ink,traced
177711,161229,269.6791,1996.0,0.68433,faint,traced,2486.5,0.28042,ink,traced
177712,161230,269.6807,2002.0,0.69692,gap,traced,2486.5,0.28042,ink,traced
177713,161231,269.6822,2004.0,0.70111,faint,traced,2487.0,0.27938,ink,traced
177714,161232,269.6838,1995.0,0.68223,gap,traced,2487.0,0.27938,ink,traced
177715,161233,269.6854,2020.0,0.73469,faint,traced,2487.5,0.27834,ink,traced
177716,161234,269.687,2006.0,0.70531,gap,traced,2488.5,0.27625,ink,traced
177717,161235,269.6886,2006.0,0.70531,faint,traced,2488.0,0.27729,ink,traced
177718,161236,269.6902,2022.0,0.73888,faint,traced,2488.5,0.27625,ink,traced
177719,161237,269.6918,2022.0,0.73888,gap,traced,2489.0,0.27521,ink,traced
177720,161238,269.6934,2027.0,0.74937,gap,traced,2489.0,0.27521,ink,traced
177721,161239,269.695,2027.0,0.74937,gap,traced,2489.0,0.27521,ink,traced
177722,161240,269.6966,2028.0,0.75147,gap,traced,2489.0,0.27521,ink,traced
177723,161241,269.6982,2028.0,0.75146,gap,traced,2489.5,0.27417,ink,traced
177724,161242,269.6998,2028.0,0.75146,faint,traced,2489.5,0.27417,ink,traced
177725,161243,269.7014,2028.0,0.75146,faint,traced,2486.0,0.28148,ink,traced
177726,161244,269.7029,1990.0,0.67172,gap,traced,2489.0,0.27522,ink,traced
177727,161245,269.7045,1975.0,0.64024,hole,traced,2489.5,0.27417,ink,traced
177728,161246,269.7061,1976.0,0.64234,hole,traced,2489.0,0.27522,ink,traced
177729,161247,269.7077,1976.0,0.64234,hole,traced,2489.5,0.27418,ink,traced
177730,161248,269.7093,1984.0,0.65912,gap,traced,2489.5,0.27418,ink,traced
177731,161249,269.7109,1994.0,0.68011,gap,traced,2489.0,0.27522,ink,traced
177732,161250,269.7125,2022.0,0.73886,gap,traced,2488.5,0.27627,ink,traced
177733,161251,269.7141,2042.0,0.78083,gap,traced,2490.0,0.27314,ink,traced
177734,161252,269.7157,2042.0,0.78083,gap,traced,2489.5,0.27418,ink,traced
177735,161253,269.7173,2036.0,0.76824,faint,traced,2490.0,0.27314,ink,traced
177736,161254,269.7189,2036.0,0.76824,gap,traced,2490.0,0.27314,ink,traced
177737,161255,269.7205,2069.0,0.83748,faint,traced,2489.5,0.27419,ink,traced
177738,161256,269.7221,2070.0,0.83958,faint,traced,2489.0,0.27523,ink,traced
177739,161257,269.7237,2068.0,0.83538,gap,traced,2489.0,0.27523,ink,traced
177740,161258,269.7252,2069.0,0.83748,gap,traced,2489.0,0.27523,ink,traced
177741,161259,269.7268,2069.0,0.83748,gap,traced,2488.5,0.27628,ink,traced
177742,161260,269.7284,2070.0,0.83958,gap,traced,2489.0,0.27524,ink,traced
177743,161261,269.73,2076.0,0.85216,gap,traced,2488.5,0.27628,ink,traced
177744,161262,269.7316,2073.0,0.84587,gap,traced,2488.0,0.27733,ink,traced
177745,161263,269.7332,2074.0,0.84797,gap,traced,2488.0,0.27733,ink,traced
177746,161264,269.7348,2074.0,0.84796,gap,traced,2487.5,0.27837,ink,traced
177747,161265,269.7364,2078.0,0.85636,gap,traced,2486.5,0.28046,ink,traced
177748,161266,269.738,2082.0,0.86475,faint,traced,2486.5,0.28047,ink,traced
177749,161267,269.7396,2076.0,0.85216,faint,traced,2486.5,0.28047,ink,traced
177750,161268,269.7412,2078.0,0.85635,faint,traced,2486.0,0.28151,ink,traced
177751,161269,269.7428,2074.0,0.84796,faint,traced,2486.0,0.28151,ink,traced
177752,161270,269.7444,1966.5,0.62238,ink,traced,2482.5,0.28882,ink,traced
177753,161271,269.746,1966.0,0.62134,ink,traced,2486.0,0.2815,ink,traced
177754,161272,269.7475,1965.0,0.61924,ink,traced,2485.0,0.28359,ink,traced
177755,161273,269.7491,1965.0,0.61925,ink,traced,2485.5,0.28254,ink,traced
177756,161274,269.7507,1965.0,0.61925,ink,traced,2485.0,0.28358,ink,traced
177757,161275,269.7523,1965.0,0.61925,ink,traced,2484.5,0.28462,ink,traced
177758,161276,269.7539,1965.0,0.61926,ink,traced,2483.5,0.28671,ink,traced
177759,161277,269.7555,1966.5,0.62241,ink,traced,2484.0,0.28566,ink,traced
177760,161278,269.7571,1968.5,0.62661,ink,traced,2484.0,0.28566,ink,traced
177761,161279,269.7587,1966.5,0.62241,ink,traced,2483.5,0.2867,ink,traced
177762,161280,269.7603,1967.0,0.62347,ink,traced,2483.0,0.28774,ink,traced
177763,161281,269.7619,1967.0,0.62347,ink,traced,2483.0,0.28774,ink,traced
177764,161282,269.7635,1967.0,0.62347,ink,traced,2482.5,0.28878,ink,traced
177765,161283,269.7651,1968.0,0.62557,ink,traced,2482.5,0.28877,ink,traced
177766,161284,269.7667,1967.0,0.62348,ink,traced,2482.0,0.28981,ink,traced
177767,161285,269.7682,1967.0,0.62348,ink,traced,2481.5,0.29086,ink,traced
177768,161286,269.7698,1967.0,0.62348,ink,traced,2481.0,0.2919,ink,traced
177769,161287,269.7714,1967.0,0.62349,ink,traced,2481.5,0.29085,ink,traced
177770,161288,269.773,1967.5,0.62454,ink,traced,2481.5,0.29085,ink,traced
177771,161289,269.7746,1967.5,0.62454,ink,traced,2481.5,0.29084,ink,traced
177772,161290,269.7762,1966.5,0.62245,ink,traced,2480.5,0.29293,ink,traced
177773,161291,269.7778,1967.0,0.6235,ink,traced,2480.5,0.29293,ink,traced
177774,161292,269.7794,1967.0,0.6235,ink,traced,2475.0,0.30441,ink,traced
177775,161293,269.781,1967.5,0.62456,ink,traced,2479.5,0.29501,ink,traced
177776,161294,269.7826,1967.5,0.62456,ink,traced,2479.5,0.295,ink,traced
177777,161295,269.7842,1967.5,0.62456,ink,traced,2479.0,0.29605,ink,traced
177778,161296,269.7858,1967.5,0.62457,ink,traced,2479.0,0.29604,ink,traced
177779,161297,269.7874,1967.5,0.62457,ink,traced,2478.5,0.29708,ink,traced
177780,161298,269.789,1967.5,0.62457,ink,traced,2478.0,0.29812,ink,traced
177781,161299,269.7905,1967.0,0.62353,ink,traced,2478.0,0.29812,ink,traced
177782,161300,269.7921,1967.0,0.62353,ink,traced,2478.0,0.29812,ink,traced
177783,161301,269.7937,1968.0,0.62563,ink,traced,2477.0,0.3002,ink,traced
177784,161302,269.7953,1967.5,0.62459,ink,traced,2476.5,0.30124,ink,traced
177785,161303,269.7969,1967.5,0.62459,ink,traced,2476.5,0.30124,ink,traced
177786,161304,269.7985,1968.0,0.62564,ink,traced,2476.5,0.30124,ink,traced
177787,161305,269.8001,1968.0,0.62564,ink,traced,2476.5,0.30123,ink,traced
177788,161306,269.8017,1967.5,0.6246,ink,traced,2476.0,0.30228,ink,traced
177789,161307,269.8033,1968.0,0.62565,ink,traced,2475.5,0.30332,ink,traced
177790,161308,269.8049,1968.5,0.6267,ink,traced,2475.0,0.30436,ink,traced
177791,161309,269.8065,1968.0,0.62566,ink,traced,2475.0,0.30435,ink,traced
177792,161310,269.8081,1968.0,0.62566,ink,traced,2475.0,0.30435,ink,traced
177793,161311,269.8097,1968.0,0.62566,ink,traced,2474.5,0.30539,ink,traced
177794,161312,269.8113,1967.5,0.62462,ink,traced,2474.5,0.30539,ink,traced
177795,161313,269.8128,1968.0,0.62567,ink,traced,2474.5,0.30539,ink,traced
177796,161314,269.8144,1968.0,0.62567,ink,traced,2474.5,0.30538,ink,traced
177797,161315,269.816,1968.0,0.62568,ink,traced,2469.0,0.31687,ink,traced
177798,161316,269.8176,1968.0,0.62568,ink,traced,2473.5,0.30747,ink,traced
177799,161317,269.8192,1968.0,0.62568,ink,traced,2473.5,0.30746,ink,traced
177800,161318,269.8208,1968.0,0.62569,ink,traced,2472.5,0.30955,ink,traced
177801,161319,269.8224,1968.0,0.62569,ink,traced,2471.0,0.31268,ink,traced
177802,161320,269.824,1968.0,0.62569,ink,traced,2470.5,0.31372,ink,traced
177803,161321,269.8256,1968.0,0.6257,ink,traced,2469.0,0.31685,ink,traced
177804,161322,269.8272,1968.0,0.6257,ink,traced,2467.0,0.32102,ink,traced
177805,161323,269.8288,1968.0,0.6257,ink,traced,2460.0,0.33564,ink,traced
177806,161324,269.8304,1968.0,0.62571,ink,traced,2462.0,0.33146,ink,traced
177807,161325,269.832,1968.0,0.62571,ink,traced,2458.0,0.33981,ink,traced
177808,161326,269.8335,1968.5,0.62676,ink,traced,2455.0,0.34607,ink,traced
177809,161327,269.8351,1968.5,0.62676,ink,traced,2451.0,0.35442,ink,traced
177810,161328,269.8367,1968.5,0.62677,ink,traced,2448.5,0.35964,ink,traced
177811,161329,269.8383,1968.0,0.62572,ink,traced,2440.0,0.37739,ink,traced
177812,161330,269.8399,1968.0,0.62572,ink,traced,2441.5,0.37425,ink,traced
177813,161331,269.8415,1969.0,0.62783,ink,traced,2438.0,0.38156,ink,traced
177814,161332,269.8431,1969.0,0.62783,ink,traced,2435.0,0.38782,ink,traced
177815,161333,269.8447,1969.0,0.62783,ink,traced,2433.0,0.392,ink,traced
177816,161334,269.8463,1968.5,0.62679,ink,traced,2430.0,0.39826,ink,traced
177817,161335,269.8479,1969.0,0.62784,ink,traced,2427.0,0.40452,ink,traced
177818,161336,269.8495,1969.0,0.62784,ink,traced,2424.5,0.40974,ink,traced
177819,161337,269.8511,1969.0,0.62785,ink,traced,2421.0,0.41705,ink,traced
177820,161338,269.8527,1969.5,0.6289,ink,traced,2418.5,0.42226,ink,traced
177821,161339,269.8543,1969.0,0.62785,ink,traced,2416.5,0.42644,ink,traced
177822,161340,269.8558,1969.5,0.6289,ink,traced,2413.0,0.43375,ink,traced
177823,161341,269.8574,1969.0,0.62786,ink,traced,2411.0,0.43792,ink,traced
177824,161342,269.859,1969.0,0.62786,ink,traced,2407.5,0.44523,ink,traced
177825,161343,269.8606,1969.0,0.62786,ink,traced,2406.0,0.44836,ink,traced
177826,161344,269.8622,1969.0,0.62787,ink,traced,2402.0,0.45671,ink,traced
177827,161345,269.8638,1969.5,0.62892,ink,traced,2398.5,0.46401,ink,traced
177828,161346,269.8654,1971.5,0.63312,ink,traced,2395.5,0.47028,ink,traced
177829,161347,269.867,1972.0,0.63417,ink,traced,2393.0,0.47549,ink,traced
177830,161348,269.8686,1972.0,0.63418,hole,traced,2386.0,0.49011,rule,traced
177831,161349,269.8702,1915.0,0.51457,faint,traced,2384.0,0.49428,rule,traced
177832,161350,269.8718,1914.0,0.51247,rule,traced,2376.0,0.5112,rule,traced
177833,161351,269.8734,1831.0,0.33654,gap,traced,2378.5,0.50587,rule,traced
177834,161352,269.875,1804.0,0.27927,gap,traced,2373.0,0.51758,ink,traced
177835,161353,269.8766,1782.0,0.23261,faint,traced,2368.0,0.52821,ink,traced
177836,161354,269.8781,1756.0,0.17746,gap,traced,2367.5,0.52928,ink,traced
177837,161355,269.8797,1757.0,0.17958,gap,traced,2364.0,0.53672,ink,traced
177838,161356,269.8813,1754.0,0.17322,gap,traced,2363.0,0.53885,ink,traced
177839,161357,269.8829,1747.0,0.15837,gap,traced,2360.5,0.54416,ink,traced
177840,161358,269.8845,1730.0,0.12231,faint,traced,2356.0,0.55374,ink,traced
177841,161359,269.8861,1694.0,0.04595,gap,traced,2353.0,0.56012,ink,traced
177842,161360,269.8877,1694.0,0.04595,faint,traced,2351.0,0.56437,ink,traced
177843,161361,269.8893,1698.0,0.05444,gap,traced,2342.5,0.58246,ink,traced
177844,161362,269.8909,1686.0,0.02899,faint,traced,2344.5,0.5782,ink,traced
177845,161363,269.8925,1686.0,0.02899,gap,traced,2343.0,0.58139,ink,traced
177846,161364,269.8941,1686.0,0.029,faint,traced,2335.5,0.59735,ink,traced
177847,161365,269.8957,1704.0,0.06718,gap,traced,2334.0,0.60054,ink,traced
177848,161366,269.8973,1699.0,0.05658,gap,traced,2327.0,0.61543,ink,traced
177849,161367,269.8988,1714.0,0.0884,faint,traced,2325.5,0.61862,ink,traced
177850,161368,269.9004,1764.0,0.19447,faint,traced,2324.5,0.62075,ink,traced
177851,161369,269.902,1782.0,0.23266,faint,traced,2318.5,0.63351,ink,traced
177852,161370,269.9036,1800.0,0.27085,gap,traced,2317.0,0.6367,ink,traced
177853,161371,269.9052,1800.0,0.27085,faint,traced,2315.0,0.64095,ink,traced
177854,161372,269.9068,1810.0,0.29206,faint,traced,2311.5,0.6484,ink,traced
177855,161373,269.9084,1806.0,0.28358,gap,traced,2309.0,0.65372,ink,traced
177856,161374,269.91,1790.0,0.24965,gap,traced,2302.5,0.66755,ink,traced
177857,161375,269.9116,1758.0,0.18177,faint,traced,2300.5,0.6718,ink,traced
177858,161376,269.9132,1757.0,0.17965,gap,traced,2297.5,0.67818,ink,traced
177859,161377,269.9148,1758.0,0.18177,faint,traced,2290.0,0.69414,ink,traced
177860,161378,269.9164,1759.0,0.1839,faint,traced,2286.0,0.70265,ink,traced
177861,161379,269.918,1759.0,0.1839,gap,traced,2284.0,0.7069,ink,traced
177862,161380,269.9196,1778.0,0.22421,gap,traced,2282.0,0.71116,ink,traced
177863,161381,269.9211,1810.0,0.29209,faint,traced,2281.0,0.71328,ink,traced
177864,161382,269.9227,1824.0,0.3218,faint,traced,2276.5,0.72286,ink,traced
177865,161383,269.9243,1815.0,0.30271,faint,traced,2273.0,0.7303,ink,traced
177866,161384,269.9259,1811.0,0.29422,gap,traced,2267.5,0.742,ink,traced
177867,161385,269.9275,1820.0,0.31332,faint,traced,2266.0,0.74519,ink,traced
177868,161386,269.9291,1820.0,0.31332,gap,traced,2260.0,0.75796,ink,traced
177869,161387,269.9307,1820.0,0.31333,gap,traced,2260.0,0.75796,ink,traced
177870,161388,269.9323,1820.0,0.31333,faint,traced,2255.5,0.76753,ink,traced
177871,161389,269.9339,1818.0,0.30909,faint,traced,2253.0,0.77285,ink,traced
177872,161390,269.9355,1832.0,0.33879,gap,traced,2250.5,0.77817,ink,traced
177873,161391,269.9371,1832.0,0.33879,faint,traced,2248.0,0.78348,ink,traced
177874,161392,269.9387,1832.0,0.3388,faint,traced,2244.5,0.79093,ink,traced
177875,161393,269.9403,1901.0,0.48517,hole,traced,2240.5,0.79944,ink,traced
177876,161394,269.9419,1901.0,0.48517,hole,traced,2235.5,0.81008,ink,traced
177877,161395,269.9434,1914.0,0.51262,faint,traced,2234.5,0.8122,ink,traced
177878,161396,269.945,1972.0,0.63433,hole,traced,2227.0,0.82816,ink,traced
177879,161397,269.9466,1972.0,0.63433,faint,traced,2227.5,0.82709,ink,traced
177880,161398,269.9482,1969.5,0.62909,ink,traced,2226.0,0.83028,ink,traced
177881,161399,269.9498,1970.0,0.63014,ink,traced,2222.0,0.83879,ink,traced
177882,161400,269.9514,1970.0,0.63015,ink,traced,2218.0,0.8473,ink,traced
177883,161401,269.953,1970.5,0.6312,ink,traced,2216.5,0.85049,ink,traced
177884,161402,269.9546,1970.5,0.6312,ink,traced,2213.0,0.85794,ink,traced
177885,161403,269.9562,1970.0,0.63016,ink,traced,2210.0,0.86432,ink,traced
177886,161404,269.9578,1970.5,0.63121,ink,traced,2205.0,0.87496,ink,traced
177887,161405,269.9594,1971.0,0.63226,ink,traced,2205.0,0.87495,ink,traced
177888,161406,269.961,1973.0,0.63646,ink,traced,2202.5,0.88027,ink,traced
177889,161407,269.9626,1974.0,0.63856,ink,traced,2199.5,0.88665,ink,traced
177890,161408,269.9641,1976.0,0.64276,ink,traced,2196.5,0.89303,ink,traced
177891,161409,269.9657,1977.5,0.64591,ink,traced,2194.0,0.89835,ink,traced
177892,161410,269.9673,1979.0,0.64906,ink,traced,2192.5,0.90154,ink,traced
177893,161411,269.9689,1980.5,0.65221,ink,traced,2188.0,0.91111,ink,traced
177894,161412,269.9705,1983.5,0.65851,ink,traced,2186.5,0.9143,ink,traced
177895,161413,269.9721,1988.0,0.66796,ink,traced,2184.0,0.91962,ink,traced
177896,161414,269.9737,1990.5,0.67321,ink,traced,2181.0,0.926,ink,traced
177897,161415,269.9753,1992.0,0.67636,hole,traced,2177.0,0.93451,ink,traced
177898,161416,269.9769,2014.0,0.72253,hole,traced,2177.5,0.93344,ink,traced
177899,161417,269.9785,2014.0,0.72253,hole,traced,2176.5,0.93557,ink,traced
177900,161418,269.9801,2015.0,0.72463,hole,traced,2172.0,0.94514,ink,traced
177901,161419,269.9817,2017.0,0.72883,faint,traced,2170.5,0.94833,ink,traced
177902,161420,269.9833,2017.0,0.72884,ink,traced,2169.5,0.95046,ink,traced
177903,161421,269.9849,2016.0,0.72674,hole,traced,2169.0,0.95152,ink,traced
177904,161422,269.9864,2017.0,0.72884,faint,traced,2167.5,0.95471,ink,traced
177905,161423,269.988,2020.0,0.73514,faint,traced,2167.0,0.95577,ink,traced
177906,161424,269.9896,2024.0,0.74354,ink,traced,2166.5,0.95683,ink,traced
177907,161425,269.9912,2025.0,0.74564,ink,traced,2167.0,0.95576,ink,traced
177908,161426,269.9928,2028.5,0.75299,ink,traced,2166.5,0.95682,ink,traced
177909,161427,269.9944,2038.0,0.77293,ink,traced,2166.5,0.95682,ink,traced
177910,161428,269.996,2041.0,0.77922,ink,traced,2167.0,0.95575,ink,traced
177911,161429,269.9976,2040.5,0.77818,ink,traced,2167.0,0.95575,ink,traced
177912,161430,269.9992,2042.5,0.78238,ink,traced,2166.5,0.95681,ink,traced
177913,161431,270.0008,2044.5,0.78658,ink,traced,2166.0,0.95787,ink,traced
177914,161432,270.0024,2046.5,0.79078,ink,traced,2166.5,0.9568,ink,traced
177915,161433,270.004,2048.5,0.79498,ink,traced,2166.0,0.95786,ink,traced
177916,161434,270.0056,2059.0,0.81702,ink,traced,2166.0,0.95786,ink,traced
177917,161435,270.0072,2063.0,0.82541,ink,traced,2165.5,0.95892,ink,traced
177918,161436,270.0087,2064.0,0.82751,ink,traced,2165.0,0.95998,ink,traced
177919,161437,270.0103,2063.0,0.82542,ink,traced,2165.5,0.95892,ink,traced
177920,161438,270.0119,2064.0,0.82752,ink,traced,2166.0,0.95785,ink,traced
177921,161439,270.0135,2065.5,0.83067,ink,traced,2166.5,0.95678,ink,traced
177922,161440,270.0151,2067.0,0.83382,ink,traced,2167.0,0.95571,ink,traced
177923,161441,270.0167,2069.5,0.83907,ink,traced,2168.0,0.95358,ink,traced
177924,161442,270.0183,2076.0,0.85271,ink,traced,2168.0,0.95358,ink,traced
177925,161443,270.0199,2073.0,0.84642,ink,traced,2168.0,0.95358,ink,traced
177926,161444,270.0215,2076.0,0.85272,ink,traced,2168.5,0.95251,ink,traced
177927,161445,270.0231,2078.0,0.85692,ink,traced,2168.5,0.95251,ink,traced
177928,161446,270.0247,2080.0,0.86112,ink,traced,2168.0,0.95357,ink,traced
177929,161447,270.0263,2082.0,0.86532,ink,traced,2168.5,0.9525,ink,traced
177930,161448,270.0279,2084.5,0.87057,ink,traced,2166.5,0.95675,ink,traced
177931,161449,270.0295,2085.5,0.87267,ink,traced,2169.0,0.95143,ink,traced
177932,161450,270.031,2087.5,0.87687,ink,traced,2166.0,0.95781,ink,traced
177933,161451,270.0326,2089.0,0.88002,ink,traced,2166.0,0.95781,ink,traced
177934,161452,270.0342,2090.0,0.88212,ink,traced,2165.0,0.95993,ink,traced
177935,161453,270.0358,2092.0,0.88632,ink,traced,2166.5,0.95674,ink,traced
177936,161454,270.0374,2093.0,0.88843,ink,traced,2169.0,0.95141,ink,traced
177937,161455,270.039,2093.0,0.88843,ink,traced,2168.5,0.95247,ink,traced
177938,161456,270.0406,2094.5,0.89158,ink,traced,2165.5,0.95885,ink,traced
177939,161457,270.0422,2095.0,0.89263,ink,traced,2166.0,0.95779,ink,traced
177940,161458,270.0438,2095.0,0.89264,ink,traced,2166.0,0.95778,ink,traced
177941,161459,270.0454,2096.0,0.89474,ink,traced,2168.0,0.95352,ink,traced
177942,161460,270.047,2096.0,0.89474,ink,traced,2166.0,0.95778,ink,traced
177943,161461,270.0486,2096.0,0.89474,ink,traced,2166.0,0.95777,ink,traced
177944,161462,270.0502,2096.5,0.8958,ink,traced,2167.0,0.95564,ink,traced
177945,161463,270.0517,2096.5,0.8958,ink,traced,2166.0,0.95777,ink,traced
177946,161464,270.0533,2097.0,0.89685,ink,traced,2166.0,0.95776,ink,traced
177947,161465,270.0549,2097.0,0.89686,ink,traced,2167.0,0.95563,ink,traced
177948,161466,270.0565,2097.0,0.89686,ink,traced,2166.5,0.95669,ink,traced
177949,161467,270.0581,2097.0,0.89686,ink,traced,2167.0,0.95563,ink,traced
177950,161468,270.0597,2098.0,0.89896,ink,traced,2168.0,0.95349,ink,traced
177951,161469,270.0613,2098.0,0.89897,ink,traced,2168.0,0.95349,ink,traced
177952,161470,270.0629,2098.0,0.89897,ink,traced,2167.5,0.95455,ink,traced
177953,161471,270.0645,2098.5,0.90002,ink,traced,2168.0,0.95348,ink,traced
177954,161472,270.0661,2098.0,0.89898,ink,traced,2168.5,0.95242,ink,traced
177955,161473,270.0677,2098.5,0.90003,ink,traced,2168.0,0.95348,ink,traced
177956,161474,270.0693,2099.0,0.90108,ink,traced,2168.5,0.95241,ink,traced
177957,161475,270.0709,2099.0,0.90108,ink,traced,2168.5,0.95241,ink,traced
177958,161476,270.0725,2099.0,0.90109,ink,traced,2168.5,0.9524,ink,traced
177959,161477,270.074,2099.5,0.90214,ink,traced,2168.0,0.95347,ink,traced
177960,161478,270.0756,2099.5,0.90214,ink,traced,2168.5,0.9524,ink,traced
177961,161479,270.0772,2100.0,0.9032,ink,traced,2167.5,0.95452,ink,traced
177962,161480,270.0788,2100.0,0.9032,ink,traced,2167.0,0.95558,ink,traced
177963,161481,270.0804,2099.5,0.90215,ink,traced,2167.5,0.95452,ink,traced
177964,161482,270.082,2100.0,0.90321,ink,traced,2167.0,0.95558,ink,traced
177965,161483,270.0836,2100.5,0.90426,ink,traced,2168.0,0.95345,ink,traced
177966,161484,270.0852,2100.0,0.90321,ink,traced,2167.5,0.95451,ink,traced
177967,161485,270.0868,2100.0,0.90321,ink,traced,2167.0,0.95557,ink,traced
177968,161486,270.0884,2100.0,0.90322,ink,traced,2167.0,0.95556,ink,traced
177969,161487,270.09,2100.0,0.90322,ink,traced,2169.0,0.9513,ink,traced
177970,161488,270.0916,2100.0,0.90322,ink,traced,2166.5,0.95662,ink,traced
177971,161489,270.0932,2100.0,0.90323,ink,traced,2166.5,0.95662,ink,traced
177972,161490,270.0948,2100.0,0.90323,ink,traced,2167.0,0.95555,ink,traced
177973,161491,270.0963,2100.5,0.90428,ink,traced,2167.5,0.95448,ink,traced
177974,161492,270.0979,2100.0,0.90324,ink,traced,2167.0,0.95554,ink,traced
177975,161493,270.0995,2100.0,0.90324,ink,traced,2167.0,0.95554,ink,traced
177976,161494,270.1011,2100.0,0.90324,ink,traced,2167.0,0.95554,ink,traced
177977,161495,270.1027,2100.5,0.9043,ink,traced,2167.0,0.95553,ink,traced
177978,161496,270.1043,2100.5,0.9043,ink,traced,2166.5,0.9566,ink,traced
177979,161497,270.1059,2100.0,0.90325,ink,traced,2167.0,0.95553,ink,traced
177980,161498,270.1075,2100.5,0.90431,ink,traced,2168.0,0.9534,ink,traced
177981,161499,270.1091,2101.0,0.90536,ink,traced,2168.0,0.95339,ink,traced
177982,161500,270.1107,2100.5,0.90431,ink,traced,2168.5,0.95233,ink,traced
177983,161501,270.1123,2101.0,0.90536,ink,traced,2169.0,0.95126,ink,traced
177984,161502,270.1139,2100.5,0.90432,ink,traced,2169.0,0.95126,ink,traced
177985,161503,270.1155,2101.0,0.90537,ink,traced,2169.0,0.95125,ink,traced
177986,161504,270.117,2100.5,0.90432,ink,traced,2169.0,0.95125,ink,traced
177987,161505,270.1186,2100.5,0.90433,ink,traced,2169.0,0.95125,ink,traced
177988,161506,270.1202,2100.5,0.90433,ink,traced,2168.5,0.95231,ink,traced
177989,161507,270.1218,2101.0,0.90538,ink,traced,2168.5,0.9523,ink,traced
177990,161508,270.1234,2101.0,0.90539,ink,traced,2169.0,0.95124,ink,traced
177991,161509,270.125,2101.0,0.90539,ink,traced,2168.5,0.9523,ink,traced
177992,161510,270.1266,2101.0,0.90539,ink,traced,2169.5,0.95017,ink,traced
177993,161511,270.1282,2101.0,0.9054,ink,traced,2169.0,0.95123,ink,traced
177994,161512,270.1298,2101.0,0.9054,ink,traced,2169.5,0.95016,ink,traced
177995,161513,270.1314,2101.0,0.9054,ink,traced,2169.0,0.95122,ink,traced
177996,161514,270.133,2101.0,0.90541,ink,traced,2168.5,0.95228,ink,traced
177997,161515,270.1346,2101.0,0.90541,ink,traced,2168.5,0.95228,ink,traced
177998,161516,270.1362,2101.0,0.90541,ink,traced,2168.5,0.95227,ink,traced
177999,161517,270.1378,2101.0,0.90542,ink,traced,2168.5,0.95227,ink,traced
178000,161518,270.1393,2101.0,0.90542,ink,traced,2168.5,0.95227,ink,traced
178001,161519,270.1409,2101.0,0.90542,ink,traced,2169.0,0.9512,ink,traced
178002,161520,270.1425,2101.5,0.90647,ink,traced,2169.0,0.9512,ink,traced
178003,161521,270.1441,2101.0,0.90543,ink,traced,2168.5,0.95226,ink,traced
178004,161522,270.1457,2092.0,0.88655,ink,traced,2168.0,0.95332,ink,traced
178005,161523,270.1473,2090.0,0.88235,ink,traced,2167.5,0.95438,ink,traced
178006,161524,270.1489,2086.5,0.87501,ink,traced,2167.5,0.95438,ink,traced
178007,161525,270.1505,2081.0,0.86347,ink,traced,2167.0,0.95544,ink,traced
178008,161526,270.1521,2072.0,0.84459,ink,traced,2166.5,0.9565,ink,traced
178009,161527,270.1537,2061.0,0.82151,ink,traced,2166.5,0.95649,ink,traced
178010,161528,270.1553,2056.0,0.81102,ink,traced,2166.5,0.95649,ink,traced
178011,161529,270.1569,2049.0,0.79634,ink,traced,2166.5,0.95649,ink,traced
178012,161530,270.1585,2048.0,0.79424,ink,traced,2166.5,0.95649,ink,traced
178013,161531,270.1601,2034.0,0.76487,ink,traced,2166.0,0.95755,ink,traced
178014,161532,270.1616,2022.5,0.74074,ink,traced,2166.0,0.95754,ink,traced
178015,161533,270.1632,2015.0,0.725,ink,traced,2166.0,0.95754,ink,traced
178016,161534,270.1648,2011.0,0.71661,ink,traced,2166.5,0.95647,ink,traced
178017,161535,270.1664,1996.0,0.68514,ink,traced,2173.0,0.94264,ink,traced
178018,161536,270.168,1988.0,0.66835,ink,traced,2175.0,0.93838,ink,traced
178019,161537,270.1696,1980.0,0.65157,ink,traced,2177.0,0.93412,ink,traced
178020,161538,270.1712,1958.0,0.60541,ink,traced,2177.0,0.93411,ink,traced
178021,161539,270.1728,1935.0,0.55715,ink,traced,2190.0,0.90644,ink,traced
178022,161540,270.1744,1924.0,0.53407,ink,traced,2195.0,0.8958,ink,traced
178023,161541,270.176,1914.5,0.51413,ink,traced,2200.5,0.88409,ink,traced
178024,161542,270.1776,1915.0,0.51519,ink,traced,2208.0,0.86812,ink,traced
178025,161543,270.1792,1900.0,0.48354,ink,traced,2212.0,0.85961,ink,traced
178026,161544,270.1808,1888.0,0.45808,ink,traced,2224.0,0.83406,ink,traced
178027,161545,270.1823,1858.0,0.39445,ink,traced,2236.0,0.80852,ink,traced
178028,161546,270.1839,1838.0,0.35203,ink,traced,2252.0,0.77447,ink,traced
178029,161547,270.1855,1837.5,0.35097,ink,traced,2267.0,0.74254,ink,traced
178030,161548,270.1871,1836.0,0.34779,ink,traced,2273.0,0.72977,ink,traced
178031,161549,270.1887,1821.5,0.31703,ink,traced,2282.0,0.71061,ink,traced
178032,161550,270.1903,1820.0,0.31385,ink,traced,2304.0,0.66378,ink,traced
178033,161551,270.1919,1772.0,0.21204,ink,traced,2324.0,0.62121,ink,traced
178034,161552,270.1935,1758.0,0.18234,ink,traced,2334.0,0.59993,ink,traced
178035,161553,270.1951,1750.0,0.16537,ink,traced,2337.0,0.59354,ink,traced
178036,161554,270.1967,1742.0,0.14841,ink,traced,2337.0,0.59354,ink,traced
178037,161555,270.1983,1738.0,0.13992,ink,traced,2366.0,0.53181,ink,traced
178038,161556,270.1999,1735.0,0.13356,ink,traced,2394.0,0.47274,ink,traced
178039,161557,270.2015,1715.5,0.0922,ink,traced,2406.5,0.44663,hole,traced
178040,161558,270.2031,1714.5,0.09008,ink,traced,2407.0,0.44558,hole,traced
178041,161559,270.2046,1712.5,0.08584,ink,traced,2408.0,0.44349,hole,traced
178042,161560,270.2062,1708.0,0.0763,ink,traced,2445.5,0.36517,ink,traced
178043,161561,270.2078,1709.0,0.07843,ink,traced,2477.0,0.29937,ink,traced
178044,161562,270.2094,1700.0,0.05934,ink,traced,2485.0,0.28266,ink,traced
178045,161563,270.211,1699.5,0.05828,ink,traced,2503.0,0.24507,ink,traced
178046,161564,270.2126,1697.0,0.05298,ink,traced,2509.0,0.23253,ink,traced
178047,161565,270.2142,1696.0,0.05086,ink,traced,2521.0,0.20747,hole,traced
178048,161566,270.2158,1696.0,0.05086,ink,traced,2521.0,0.20746,hole,traced
178049,161567,270.2174,1691.0,0.04026,ink,traced,2565.5,0.11452,ink,traced
178050,161568,270.219,1692.0,0.04239,ink,traced,2578.0,0.08841,ink,traced
178051,161569,270.2206,1689.0,0.03603,ink,traced,2586.0,0.0717,ink,traced
178052,161570,270.2222,1688.0,0.03391,ink,traced,2595.0,0.0529,ink,traced
178053,161571,270.2238,1689.0,0.03603,ink,traced,2601.0,0.04036,ink,traced
178054,161572,270.2254,1689.0,0.03604,ink,traced,2605.0,0.03201,ink,traced
178055,161573,270.2269,1690.0,0.03816,ink,traced,2602.5,0.03722,ink,traced
178056,161574,270.2285,1691.0,0.04028,ink,traced,2602.5,0.03722,ink,traced
178057,161575,270.2301,1690.5,0.03923,ink,traced,2607.5,0.02677,ink,traced
178058,161576,270.2317,1692.0,0.04241,ink,traced,2608.5,0.02468,ink,traced
178059,161577,270.2333,1691.0,0.04029,ink,traced,2606.5,0.02886,ink,traced
178060,161578,270.2349,1693.0,0.04454,ink,traced,2608.5,0.02468,ink,traced
178061,161579,270.2365,1690.5,0.03924,ink,traced,2608.0,0.02572,ink,traced
178062,161580,270.2381,1692.0,0.04243,ink,traced,2606.0,0.02989,ink,traced
178063,161581,270.2397,1690.0,0.03819,ink,traced,2607.5,0.02676,ink,traced
178064,161582,270.2413,1691.0,0.04031,ink,traced,2607.0,0.0278,ink,traced
178065,161583,270.2429,1689.5,0.03713,ink,traced,2607.0,0.02779,ink,traced
178066,161584,270.2445,1690.5,0.03926,ink,traced,2606.5,0.02883,ink,traced
178067,161585,270.2461,1690.5,0.03926,ink,traced,2605.5,0.03092,ink,traced
178068,161586,270.2476,1689.5,0.03714,ink,traced,2602.5,0.03718,ink,traced
178069,161587,270.2492,1691.0,0.04033,ink,traced,2602.5,0.03718,ink,traced
178070,161588,270.2508,1689.0,0.03609,ink,traced,2605.5,0.03091,ink,traced
178071,161589,270.2524,1690.0,0.03821,ink,traced,2605.5,0.03091,ink,traced
178072,161590,270.254,1690.0,0.03821,ink,traced,2605.0,0.03195,ink,traced
178073,161591,270.2556,1689.5,0.03716,ink,traced,2605.5,0.0309,ink,traced
178074,161592,270.2572,1688.0,0.03398,ink,traced,2605.5,0.0309,ink,traced
178075,161593,270.2588,1687.5,0.03292,ink,traced,2604.5,0.03298,ink,traced
178076,161594,270.2604,1687.5,0.03292,ink,traced,2605.5,0.03089,ink,traced
178077,161595,270.262,1691.0,0.04035,ink,traced,2605.5,0.03089,ink,traced
178078,161596,270.2636,1690.5,0.03929,ink,traced,2605.5,0.03088,ink,traced
178079,161597,270.2652,1690.0,0.03824,ink,traced,2606.0,0.02984,ink,traced
178080,161598,270.2668,1691.0,0.04036,ink,traced,2606.0,0.02983,ink,traced
178081,161599,270.2684,1690.0,0.03824,ink,traced,2606.0,0.02983,ink,traced
178082,161600,270.2699,1691.0,0.04037,ink,traced,2606.0,0.02983,ink,traced
178083,161601,270.2715,1689.0,0.03613,ink,traced,2605.5,0.03087,ink,traced
178084,161602,270.2731,1691.0,0.04038,ink,traced,2606.0,0.02982,ink,traced
178085,161603,270.2747,1689.5,0.0372,ink,traced,2606.0,0.02982,ink,traced
178086,161604,270.2763,1689.5,0.0372,ink,traced,2606.5,0.02877,ink,traced
178087,161605,270.2779,1689.5,0.0372,ink,traced,2606.0,0.02981,ink,traced
178088,161606,270.2795,1692.0,0.04251,ink,traced,2606.0,0.02981,ink,traced
178089,161607,270.2811,1689.5,0.03721,ink,traced,2606.0,0.02981,ink,traced
178090,161608,270.2827,1691.0,0.04039,ink,traced,2605.5,0.03085,ink,traced
178091,161609,270.2843,1689.5,0.03722,ink,traced,2605.5,0.03084,ink,traced
178092,161610,270.2859,1689.5,0.03722,ink,traced,2605.5,0.03084,ink,traced
178093,161611,270.2875,1689.0,0.03616,ink,traced,2605.5,0.03084,ink,traced
178094,161612,270.2891,1689.0,0.03616,ink,traced,2606.0,0.02979,ink,traced
178095,161613,270.2907,1689.0,0.03617,ink,traced,2606.0,0.02979,ink,traced
178096,161614,270.2922,1689.0,0.03617,ink,traced,2606.0,0.02978,ink,traced
178097,161615,270.2938,1688.5,0.03511,ink,traced,2606.5,0.02874,ink,traced
178098,161616,270.2954,1691.0,0.04042,ink,traced,2605.5,0.03082,ink,traced
178099,161617,270.297,1688.5,0.03512,ink,traced,2605.5,0.03082,ink,traced
178100,161618,270.2986,1688.5,0.03512,ink,traced,2605.5,0.03081,ink,traced
178101,161619,270.3002,1691.0,0.04043,ink,traced,2604.5,0.0329,ink,traced
178102,161620,270.3018,1688.5,0.03513,ink,traced,2605.0,0.03185,ink,traced
178103,161621,270.3034,1688.5,0.03513,ink,traced,2604.0,0.03394,ink,traced
178104,161622,270.305,1689.5,0.03726,ink,traced,2604.5,0.03289,ink,traced
178105,161623,270.3066,1690.5,0.03938,ink,traced,2604.0,0.03393,ink,traced
178106,161624,270.3082,1691.5,0.04151,ink,traced,2603.0,0.03602,ink,traced
178107,161625,270.3098,1691.0,0.04045,ink,traced,2604.0,0.03393,ink,traced
178108,161626,270.3114,1691.0,0.04045,ink,traced,2604.0,0.03392,ink,traced
178109,161627,270.3129,1689.0,0.03621,ink,traced,2604.0,0.03392,ink,traced
178110,161628,270.3145,1689.0,0.03622,ink,traced,2603.0,0.036,ink,traced
178111,161629,270.3161,1689.0,0.03622,ink,traced,2603.0,0.036,ink,traced
178112,161630,270.3177,1688.5,0.03516,ink,traced,2602.5,0.03704,ink,traced
178113,161631,270.3193,1688.5,0.03517,ink,traced,2602.5,0.03704,ink,traced
178114,161632,270.3209,1688.5,0.03517,ink,traced,2601.5,0.03912,ink,traced
178115,161633,270.3225,1688.5,0.03517,ink,traced,2601.5,0.03912,ink,traced
178116,161634,270.3241,1689.0,0.03624,ink,traced,2601.5,0.03912,ink,traced
178117,161635,270.3257,1690.5,0.03942,ink,traced,2601.0,0.04016,ink,traced
178118,161636,270.3273,1688.5,0.03518,ink,traced,2601.0,0.04016,ink,traced
178119,161637,270.3289,1688.0,0.03412,ink,traced,2601.0,0.04015,ink,traced
178120,161638,270.3305,1689.0,0.03625,ink,traced,2601.0,0.04015,ink,traced
178121,161639,270.3321,1689.0,0.03625,ink,traced,2601.0,0.04015,ink,traced
178122,161640,270.3337,1688.5,0.03519,ink,traced,2600.5,0.04119,ink,traced
178123,161641,270.3352,1690.5,0.03944,ink,traced,2600.5,0.04118,ink,traced
178124,161642,270.3368,1688.5,0.0352,ink,traced,2597.5,0.04745,ink,traced
178125,161643,270.3384,1688.5,0.0352,ink,traced,2597.5,0.04744,ink,traced
178126,161644,270.34,1689.0,0.03627,ink,traced,2599.5,0.04326,ink,traced
178127,161645,270.3416,1688.5,0.03521,ink,traced,2599.0,0.0443,ink,traced
178128,161646,270.3432,1690.0,0.0384,ink,traced,2599.0,0.0443,ink,traced
178129,161647,270.3448,1690.0,0.0384,ink,traced,2599.0,0.0443,ink,traced
178130,161648,270.3464,1691.0,0.04052,ink,traced,2599.5,0.04325,ink,traced
178131,161649,270.348,1691.5,0.04159,ink,traced,2599.0,0.04429,ink,traced
178132,161650,270.3496,1691.5,0.04159,ink,traced,2599.0,0.04429,ink,traced
178133,161651,270.3512,1691.5,0.04159,ink,traced,2598.0,0.04637,ink,traced
178134,161652,270.3528,1692.0,0.04266,ink,traced,2598.0,0.04637,ink,traced
178135,161653,270.3544,1693.0,0.04478,ink,traced,2598.0,0.04637,ink,traced
178136,161654,270.356,1692.5,0.04373,ink,traced,2597.5,0.04741,ink,traced
178137,161655,270.3575,1693.0,0.04479,ink,traced,2597.0,0.04845,ink,traced
178138,161656,270.3591,1693.0,0.04479,ink,traced,2595.0,0.05262,ink,traced
178139,161657,270.3607,1693.0,0.0448,ink,traced,2597.0,0.04844,ink,traced
178140,161658,270.3623,1694.0,0.04692,ink,traced,2596.5,0.04948,ink,traced
178141,161659,270.3639,1694.0,0.04692,ink,traced,2596.5,0.04948,ink,traced
178142,161660,270.3655,1694.5,0.04799,ink,traced,2596.5,0.04948,ink,traced
178143,161661,270.3671,1694.5,0.04799,ink,traced,2596.5,0.04947,ink,traced
178144,161662,270.3687,1694.0,0.04693,ink,traced,2596.0,0.05052,ink,traced
178145,161663,270.3703,1694.5,0.048,ink,traced,2596.0,0.05051,ink,traced
178146,161664,270.3719,1695.5,0.05012,ink,traced,2595.5,0.05155,ink,traced
178147,161665,270.3735,1695.0,0.04906,ink,traced,2595.5,0.05155,ink,traced
178148,161666,270.3751,1695.5,0.05013,ink,traced,2595.0,0.05259,ink,traced
178149,161667,270.3767,1696.5,0.05225,ink,traced,2595.0,0.05259,ink,traced
178150,161668,270.3782,1697.0,0.05332,ink,traced,2595.0,0.05258,ink,traced
178151,161669,270.3798,1697.0,0.05332,ink,traced,2594.5,0.05363,ink,traced
178152,161670,270.3814,1697.0,0.05332,ink,traced,2594.0,0.05467,ink,traced
178153,161671,270.383,1698.0,0.05545,ink,traced,2593.5,0.05571,ink,traced
178154,161672,270.3846,1698.5,0.05651,ink,traced,2593.5,0.0557,ink,traced
178155,161673,270.3862,1699.0,0.05758,ink,traced,2590.5,0.06197,ink,traced
178156,161674,270.3878,1699.0,0.05758,ink,traced,2593.0,0.05674,ink,traced
178157,161675,270.3894,1700.0,0.0597,ink,traced,2593.5,0.0557,ink,traced
178158,161676,270.391,1700.0,0.05971,ink,traced,2593.5,0.05569,ink,traced
178159,161677,270.3926,1700.5,0.06077,ink,traced,2593.0,0.05673,ink,traced
178160,161678,270.3942,1700.0,0.05971,ink,traced,2593.0,0.05673,ink,traced
178161,161679,270.3958,1701.0,0.06184,ink,traced,2592.5,0.05777,ink,traced
178162,161680,270.3974,1701.5,0.0629,ink,traced,2592.5,0.05777,ink,traced
178163,161681,270.399,1701.5,0.0629,ink,traced,2592.0,0.05881,ink,traced
178164,161682,270.4005,1702.0,0.06397,ink,traced,2592.0,0.05881,ink,traced
178165,161683,270.4021,1702.5,0.06503,ink,traced,2590.0,0.06298,ink,traced
178166,161684,270.4037,1703.0,0.0661,ink,traced,2590.0,0.06298,ink,traced
178167,161685,270.4053,1703.0,0.0661,ink,traced,2591.0,0.06088,ink,traced
178168,161686,270.4069,1703.0,0.0661,ink,traced,2587.0,0.06924,ink,traced
178169,161687,270.4085,1703.5,0.06717,ink,traced,2590.5,0.06192,ink,traced
178170,161688,270.4101,1704.0,0.06823,ink,traced,2590.0,0.06296,ink,traced
178171,161689,270.4117,1705.0,0.07036,ink,traced,2589.5,0.064,ink,traced
178172,161690,270.4133,1705.5,0.07142,ink,traced,2589.5,0.064,ink,traced
178173,161691,270.4149,1706.0,0.07248,ink,traced,2589.0,0.06504,ink,traced
178174,161692,270.4165,1706.5,0.07355,ink,traced,2589.0,0.06504,ink,traced
178175,161693,270.4181,1707.0,0.07461,ink,traced,2589.0,0.06504,ink,traced
178176,161694,270.4197,1707.0,0.07461,ink,traced,2589.0,0.06503,ink,traced
178177,161695,270.4213,1707.0,0.07462,ink,traced,2588.0,0.06712,ink,traced
178178,161696,270.4228,1708.5,0.0778,ink,traced,2588.0,0.06712,ink,traced
178179,161697,270.4244,1708.0,0.07675,ink,traced,2587.5,0.06816,ink,traced
178180,161698,270.426,1708.0,0.07675,ink,traced,2588.0,0.06711,ink,traced
178181,161699,270.4276,1708.5,0.07781,ink,traced,2583.0,0.07755,ink,traced
178182,161700,270.4292,1709.0,0.07888,ink,traced,2587.5,0.06815,ink,traced
178183,161701,270.4308,1710.0,0.081,ink,traced,2587.5,0.06814,ink,traced
178184,161702,270.4324,1710.0,0.081,ink,traced,2587.0,0.06918,ink,traced
178185,161703,270.434,1710.5,0.08207,ink,traced,2587.0,0.06918,ink,traced
178186,161704,270.4356,1710.5,0.08207,ink,traced,2587.0,0.06918,ink,traced
178187,161705,270.4372,1711.5,0.0842,ink,traced,2586.0,0.07126,ink,traced
178188,161706,270.4388,1711.5,0.0842,ink,traced,2586.0,0.07126,ink,traced
178189,161707,270.4404,1711.0,0.08314,ink,traced,2585.5,0.0723,ink,traced
178190,161708,270.442,1714.5,0.09057,ink,traced,2585.0,0.07334,ink,traced
178191,161709,270.4436,1712.5,0.08633,ink,traced,2585.0,0.07334,ink,traced
178192,161710,270.4451,1713.5,0.08845,ink,traced,2584.5,0.07438,ink,traced
178193,161711,270.4467,1714.0,0.08952,ink,traced,2584.0,0.07542,ink,traced
178194,161712,270.4483,1713.5,0.08846,ink,traced,2584.0,0.07542,ink,traced
178195,161713,270.4499,1714.5,0.09059,ink,traced,2584.0,0.07542,ink,traced
178196,161714,270.4515,1714.5,0.09059,ink,traced,2584.0,0.07541,ink,traced
178197,161715,270.4531,1715.5,0.09271,ink,traced,2583.5,0.07645,ink,traced
178198,161716,270.4547,1715.5,0.09272,ink,traced,2583.0,0.07749,ink,traced
178199,161717,270.4563,1715.5,0.09272,ink,traced,2582.5,0.07854,ink,traced
178200,161718,270.4579,1716.5,0.09484,ink,traced,2583.0,0.07749,ink,traced
178201,161719,270.4595,1717.0,0.09591,ink,traced,2582.5,0.07853,ink,traced
178202,161720,270.4611,1717.0,0.09591,ink,traced,2582.5,0.07853,ink,traced
178203,161721,270.4627,1718.0,0.09804,ink,traced,2582.0,0.07957,ink,traced
178204,161722,270.4643,1717.5,0.09698,ink,traced,2581.5,0.08061,ink,traced
178205,161723,270.4658,1718.5,0.0991,ink,traced,2581.5,0.0806,ink,traced
178206,161724,270.4674,1718.0,0.09805,ink,traced,2580.5,0.08269,ink,traced
178207,161725,270.469,1718.0,0.09805,ink,traced,2581.0,0.08164,ink,traced
178208,161726,270.4706,1719.5,0.10123,ink,traced,2580.5,0.08268,ink,traced
178209,161727,270.4722,1720.0,0.1023,ink,traced,2580.0,0.08372,ink,traced
178210,161728,270.4738,1720.0,0.1023,ink,traced,2579.5,0.08477,ink,traced
178211,161729,270.4754,1720.0,0.1023,ink,traced,2579.5,0.08476,ink,traced
178212,161730,270.477,1721.0,0.10443,ink,traced,2579.0,0.0858,ink,traced
178213,161731,270.4786,1721.5,0.10549,ink,traced,2579.0,0.0858,ink,traced
178214,161732,270.4802,1722.0,0.10656,ink,traced,2579.0,0.0858,ink,traced
178215,161733,270.4818,1722.0,0.10656,ink,traced,2578.5,0.08684,ink,traced
178216,161734,270.4834,1722.5,0.10762,ink,traced,2578.5,0.08683,ink,traced
178217,161735,270.485,1723.5,0.10975,ink,traced,2578.5,0.08683,ink,traced
178218,161736,270.4866,1722.5,0.10763,ink,traced,2578.0,0.08787,ink,traced
178219,161737,270.4881,1723.0,0.10869,ink,traced,2578.0,0.08787,ink,traced
178220,161738,270.4897,1723.0,0.1087,ink,traced,2578.0,0.08787,ink,traced
178221,161739,270.4913,1723.5,0.10976,ink,traced,2577.0,0.08995,ink,traced
178222,161740,270.4929,1724.5,0.11189,ink,traced,2577.0,0.08995,ink,traced
178223,161741,270.4945,1724.5,0.11189,ink,traced,2576.5,0.09099,ink,traced
178224,161742,270.4961,1725.0,0.11295,ink,traced,2576.5,0.09099,ink,traced
178225,161743,270.4977,1725.5,0.11402,ink,traced,2576.0,0.09203,ink,traced
178226,161744,270.4993,1725.5,0.11402,ink,traced,2576.0,0.09202,ink,traced
178227,161745,270.5009,1727.0,0.11721,ink,traced,2576.0,0.09202,ink,traced
178228,161746,270.5025,1726.5,0.11615,ink,traced,2575.5,0.09306,ink,traced
178229,161747,270.5041,1727.0,0.11721,ink,traced,2575.0,0.0941,ink,traced
178230,161748,270.5057,1727.5,0.11828,ink,traced,2575.0,0.0941,ink,traced
178231,161749,270.5073,1727.0,0.11722,ink,traced,2574.5,0.09514,ink,traced
178232,161750,270.5089,1727.5,0.11828,ink,traced,2572.5,0.09932,ink,traced
178233,161751,270.5104,1728.0,0.11935,ink,traced,2570.5,0.10349,ink,traced
178234,161752,270.512,1728.5,0.12041,ink,traced,2569.5,0.10557,ink,traced
178235,161753,270.5136,1728.5,0.12041,ink,traced,2567.0,0.11079,ink,traced
178236,161754,270.5152,1729.0,0.12148,ink,traced,2565.0,0.11497,ink,traced
178237,161755,270.5168,1729.0,0.12148,ink,traced,2562.5,0.12018,ink,traced
178238,161756,270.5184,1729.0,0.12148,ink,traced,2558.0,0.12958,ink,traced
178239,161757,270.52,1730.5,0.12467,ink,traced,2557.0,0.13167,ink,traced
178240,161758,270.5216,1730.5,0.12467,ink,traced,2554.0,0.13793,ink,traced
178241,161759,270.5232,1731.0,0.12574,ink,traced,2552.5,0.14106,ink,traced
178242,161760,270.5248,1731.5,0.1268,ink,traced,2550.5,0.14523,ink,traced
178243,161761,270.5264,1731.5,0.1268,ink,traced,2548.0,0.15045,ink,traced
178244,161762,270.528,1732.5,0.12893,ink,traced,2546.5,0.15358,ink,traced
178245,161763,270.5296,1732.5,0.12893,ink,traced,2544.5,0.15775,ink,traced
178246,161764,270.5311,1733.5,0.13106,ink,traced,2543.0,0.16088,ink,traced
178247,161765,270.5327,1733.5,0.13106,ink,traced,2541.0,0.16506,ink,traced
178248,161766,270.5343,1733.5,0.13106,ink,traced,2538.5,0.17027,ink,traced
178249,161767,270.5359,1733.5,0.13107,ink,traced,2536.0,0.17549,ink,traced
178250,161768,270.5375,1734.5,0.13319,ink,traced,2534.0,0.17967,ink,traced
178251,161769,270.5391,1735.0,0.13425,ink,traced,2530.5,0.18698,ink,traced
178252,161770,270.5407,1735.0,0.13424,ink,traced,2525.0,0.19847,ink,traced
178253,161771,270.5423,1735.5,0.1353,ink,traced,2526.0,0.19639,ink,traced
178254,161772,270.5439,1735.5,0.13529,ink,traced,2524.0,0.20057,ink,traced
178255,161773,270.5455,1736.5,0.13741,ink,traced,2520.5,0.20788,ink,traced
178256,161774,270.5471,1736.5,0.13741,ink,traced,2518.0,0.21311,ink,traced
178257,161775,270.5487,1737.0,0.13846,ink,traced,2513.0,0.22355,ink,traced
178258,161776,270.5503,1737.0,0.13846,ink,traced,2513.0,0.22356,ink,traced
178259,161777,270.5519,1737.5,0.13952,ink,traced,2510.5,0.22878,ink,traced
178260,161778,270.5534,1738.0,0.14057,ink,traced,2507.0,0.2361,ink,traced
178261,161779,270.555,1739.0,0.14269,ink,traced,2504.5,0.24132,ink,traced
178262,161780,270.5566,1739.0,0.14269,ink,traced,2502.5,0.2455,ink,traced
178263,161781,270.5582,1739.0,0.14268,ink,traced,2500.0,0.25073,ink,traced
178264,161782,270.5598,1739.5,0.14374,ink,traced,2497.5,0.25595,ink,traced
178265,161783,270.5614,1740.5,0.14586,ink,traced,2493.0,0.26536,ink,traced
178266,161784,270.563,1741.5,0.14797,ink,traced,2491.5,0.26849,ink,traced
178267,161785,270.5646,1741.5,0.14797,ink,traced,2488.0,0.27581,ink,traced
178268,161786,270.5662,1743.0,0.15115,ink,traced,2485.0,0.28208,ink,traced
178269,161787,270.5678,1745.5,0.15645,ink,traced,2482.5,0.2873,ink,traced
178270,161788,270.5694,1751.0,0.16811,ink,traced,2480.0,0.29253,ink,traced
178271,161789,270.571,1752.0,0.17023,ink,traced,2477.0,0.2988,ink,traced
178272,161790,270.5726,1757.5,0.18189,ink,traced,2475.0,0.30298,ink,traced
178273,161791,270.5742,1759.0,0.18507,ink,traced,2466.0,0.32178,ink,traced
178274,161792,270.5757,1764.5,0.19673,ink,traced,2466.5,0.32074,ink,traced
178275,161793,270.5773,1767.5,0.20309,ink,traced,2465.5,0.32283,ink,traced
178276,161794,270.5789,1770.0,0.20839,ink,traced,2462.0,0.33015,ink,traced
178277,161795,270.5805,1771.0,0.21051,ink,traced,2459.5,0.33537,ink,traced
178278,161796,270.5821,1777.0,0.22323,ink,traced,2454.0,0.34686,ink,traced
178279,161797,270.5837,1782.0,0.23383,ink,traced,2451.5,0.35209,ink,traced
178280,161798,270.5853,1782.0,0.23383,ink,traced,2449.0,0.35731,ink,traced
178281,161799,270.5869,1782.5,0.23489,ink,traced,2446.5,0.36254,ink,traced
178282,161800,270.5885,1786.5,0.24337,ink,traced,2441.0,0.37403,ink,traced
178283,161801,270.5901,1786.5,0.24336,ink,traced,2437.5,0.38134,ink,traced
178284,161802,270.5917,1792.0,0.25503,ink,traced,2434.5,0.38761,ink,traced
178285,161803,270.5933,1794.0,0.25926,ink,traced,2432.0,0.39284,ink,traced
178286,161804,270.5949,1798.5,0.26881,ink,traced,2430.5,0.39597,ink,traced
178287,161805,270.5964,1801.0,0.27411,ink,traced,2427.5,0.40224,ink,traced
178288,161806,270.598,1803.0,0.27834,ink,traced,2424.5,0.40851,ink,traced
178289,161807,270.5996,1808.0,0.28895,ink,traced,2422.0,0.41374,ink,traced
178290,161808,270.6012,1811.5,0.29637,ink,traced,2418.5,0.42105,ink,traced
178291,161809,270.6028,1816.0,0.30591,ink,traced,2415.0,0.42837,ink,traced
178292,161810,270.6044,1819.0,0.31227,ink,traced,2412.5,0.43359,ink,traced
178293,161811,270.606,1822.5,0.31969,ink,traced,2410.0,0.43882,ink,traced
178294,161812,270.6076,1824.5,0.32393,ink,traced,2404.5,0.45031,ink,traced
178295,161813,270.6092,1826.5,0.32817,ink,traced,2404.0,0.45136,ink,traced
178296,161814,270.6108,1831.0,0.33771,ink,traced,2400.5,0.45867,ink,traced
178297,161815,270.6124,1834.0,0.34407,ink,traced,2394.0,0.47225,ink,traced
178298,161816,270.614,1835.5,0.34725,ink,traced,2392.5,0.47539,ink,traced
178299,161817,270.6156,1839.0,0.35467,ink,traced,2387.5,0.48583,ink,traced
178300,161818,270.6172,1842.0,0.36103,ink,traced,2387.5,0.48584,ink,traced
178301,161819,270.6187,1847.0,0.37163,ink,traced,2382.5,0.49629,rule,traced
178302,161820,270.6203,1849.0,0.37587,ink,traced,2387.0,0.48689,ink,traced
178303,161821,270.6219,1851.0,0.3801,ink,traced,2379.5,0.50261,rule,traced
178304,161822,270.6235,1855.5,0.38965,ink,traced,2378.0,0.5058,rule,traced
178305,161823,270.6251,1860.0,0.39919,ink,traced,2371.0,0.52071,ink,traced
178306,161824,270.6267,1861.0,0.40131,ink,traced,2371.0,0.52071,ink,traced
178307,161825,270.6283,1867.0,0.41403,ink,traced,2363.0,0.53774,ink,traced
178308,161826,270.6299,1868.0,0.41615,ink,traced,2364.0,0.53562,ink,traced
178309,161827,270.6315,1874.0,0.42887,ink,traced,2361.5,0.54094,ink,traced
178310,161828,270.6331,1875.5,0.43205,ink,traced,2357.5,0.54946,ink,traced
178311,161829,270.6347,1876.5,0.43417,ink,traced,2353.5,0.55798,ink,traced
178312,161830,270.6363,1881.0,0.44371,ink,traced,2350.5,0.56436,ink,traced
178313,161831,270.6379,1884.0,0.45007,ink,traced,2346.5,0.57288,ink,traced
178314,161832,270.6395,1885.5,0.45324,ink,traced,2345.5,0.57501,ink,traced
178315,161833,270.641,1889.0,0.46067,ink,traced,2342.0,0.58247,ink,traced
178316,161834,270.6426,1893.0,0.46915,ink,traced,2340.5,0.58566,ink,traced
178317,161835,270.6442,1898.0,0.47975,ink,traced,2338.5,0.58992,ink,traced
178318,161836,270.6458,1901.0,0.48611,faint,traced,2335.0,0.59738,ink,traced
178319,161837,270.6474,1901.0,0.4861,ink,traced,2333.0,0.60164,ink,traced
178320,161838,270.649,1901.0,0.4861,faint,traced,2329.5,0.60909,ink,traced
178321,161839,270.6506,1915.0,0.51562,faint,traced,2327.5,0.61335,ink,traced
178322,161840,270.6522,1918.0,0.52192,ink,traced,2318.0,0.63357,ink,traced
178323,161841,270.6538,1919.0,0.52401,ink,traced,2320.5,0.62826,ink,traced
178324,161842,270.6554,1918.5,0.52296,ink,traced,2316.0,0.63784,ink,traced
178325,161843,270.657,1924.0,0.53449,ink,traced,2314.0,0.6421,ink,traced
178326,161844,270.6586,1926.0,0.53869,ink,traced,2306.0,0.65913,ink,traced
178327,161845,270.6602,1931.0,0.54917,ink,traced,2307.5,0.65594,ink,traced
178328,161846,270.6617,1934.0,0.55547,faint,traced,2299.0,0.67404,ink,traced
178329,161847,270.6633,1937.0,0.56176,ink,traced,2299.5,0.67298,ink,traced
178330,161848,270.6649,1941.0,0.57015,ink,traced,2297.5,0.67724,ink,traced
178331,161849,270.6665,1947.0,0.58273,ink,traced,2295.0,0.68256,ink,traced
178332,161850,270.6681,1944.0,0.57643,ink,traced,2293.0,0.68682,ink,traced
178333,161851,270.6697,1950.0,0.58902,ink,traced,2288.5,0.6964,ink,traced
178334,161852,270.6713,1956.0,0.60161,ink,traced,2286.5,0.70066,ink,traced
178335,161853,270.6729,1957.0,0.6037,ink,traced,2283.0,0.70812,ink,traced
178336,161854,270.6745,1964.5,0.61944,ink,traced,2280.5,0.71344,ink,traced
178337,161855,270.6761,1966.5,0.62363,ink,traced,2280.0,0.71451,ink,traced
178338,161856,270.6777,1968.0,0.62677,ink,traced,2279.0,0.71664,hole,traced
178339,161857,270.6793,1973.0,0.63726,ink,traced,2248.0,0.78262,gap,traced
178340,161858,270.6809,1975.0,0.64145,ink,traced,2196.0,0.8933,faint,traced
178341,161859,270.6825,1978.0,0.64774,ink,traced,2197.0,0.89117,faint,traced
178342,161860,270.684,1981.0,0.65404,ink,traced,2200.0,0.88479,gap,traced
178343,161861,270.6856,1986.0,0.66452,ink,traced,2200.0,0.8848,faint,traced
178344,161862,270.6872,1987.0,0.66662,ink,traced,2257.0,0.76349,hole,traced
178345,161863,270.6888,1992.0,0.67711,ink,traced,2255.0,0.76775,faint,traced
178346,161864,270.6904,1996.0,0.6855,ink,traced,2255.0,0.76775,gap,traced
178347,161865,270.692,2000.0,0.69389,ink,traced,2245.0,0.78904,ink,traced
178348,161866,270.6936,2004.0,0.70228,ink,traced,2242.0,0.79543,ink,traced
178349,161867,270.6952,2009.0,0.71276,ink,traced,2239.5,0.80075,ink,traced
178350,161868,270.6968,2010.0,0.71486,ink,traced,2238.0,0.80395,ink,traced
178351,161869,270.6984,2011.0,0.71695,ink,traced,2236.5,0.80715,ink,traced
178352,161870,270.7,2015.0,0.72534,ink,traced,2228.0,0.82524,ink,traced
178353,161871,270.7016,2016.0,0.72744,ink,traced,2229.5,0.82205,ink,traced
178354,161872,270.7032,2020.0,0.73583,ink,traced,2218.0,0.84653,ink,traced
178355,161873,270.7048,2022.0,0.74002,ink,traced,2216.0,0.85079,ink,traced
178356,161874,270.7063,2022.0,0.74001,ink,traced,2213.0,0.85718,ink,traced
178357,161875,270.7079,2023.5,0.74316,ink,traced,2215.5,0.85187,ink,traced
178358,161876,270.7095,2024.0,0.7442,ink,traced,2213.5,0.85613,ink,traced
178359,161877,270.7111,2024.5,0.74525,ink,traced,2205.0,0.87422,ink,traced
178360,161878,270.7127,2025.5,0.74734,ink,traced,2199.0,0.88699,ink,traced
178361,161879,270.7143,2026.0,0.74839,ink,traced,2197.0,0.89125,ink,traced
178362,161880,270.7159,2028.5,0.75363,ink,traced,2199.0,0.887,ink,traced
178363,161881,270.7175,2029.0,0.75468,ink,traced,2196.5,0.89233,ink,traced
178364,161882,270.7191,2031.0,0.75887,ink,traced,2193.5,0.89872,ink,traced
178365,161883,270.7207,2032.5,0.76201,ink,traced,2186.5,0.91362,ink,traced
178366,161884,270.7223,2034.0,0.76516,ink,traced,2187.5,0.91149,ink,traced
178367,161885,270.7239,2034.5,0.7662,ink,traced,2185.5,0.91575,ink,traced
178368,161886,270.7255,2036.5,0.77039,ink,traced,2178.0,0.93172,ink,traced
178369,161887,270.727,2038.5,0.77459,ink,traced,2178.5,0.93066,ink,traced
178370,161888,270.7286,2039.5,0.77668,ink,traced,2175.5,0.93705,ink,traced
178371,161889,270.7302,2040.0,0.77773,ink,traced,2173.0,0.94237,ink,traced
178372,161890,270.7318,2042.0,0.78192,ink,traced,2169.5,0.94983,ink,traced
178373,161891,270.7334,2043.5,0.78506,ink,traced,2168.5,0.95196,ink,traced
178374,161892,270.735,2043.5,0.78506,ink,traced,2167.0,0.95516,ink,traced
178375,161893,270.7366,2045.0,0.7882,ink,traced,2164.5,0.96048,ink,traced
178376,161894,270.7382,2046.0,0.7903,ink,traced,2164.0,0.96155,ink,traced
178377,161895,270.7398,2048.5,0.79554,ink,traced,2164.0,0.96155,ink,traced
178378,161896,270.7414,2049.0,0.79658,ink,traced,2163.5,0.96262,ink,traced
178379,161897,270.743,2050.0,0.79868,ink,traced,2164.0,0.96156,ink,traced
178380,161898,270.7446,2051.5,0.80182,ink,traced,2169.0,0.95092,ink,traced
178381,161899,270.7462,2051.0,0.80077,ink,traced,2164.5,0.96051,ink,traced
178382,161900,270.7478,2054.5,0.80811,ink,traced,2170.0,0.9488,ink,traced
178383,161901,270.7493,2055.0,0.80915,ink,traced,2170.0,0.94881,ink,traced
178384,161902,270.7509,2056.0,0.81125,ink,traced,2170.0,0.94881,ink,traced
178385,161903,270.7525,2056.5,0.81229,ink,traced,2165.5,0.95839,ink,traced
178386,161904,270.7541,2056.0,0.81124,ink,traced,2165.5,0.9584,ink,traced
178387,161905,270.7557,2056.5,0.81229,ink,traced,2165.5,0.9584,ink,traced
178388,161906,270.7573,2056.0,0.81123,ink,traced,2166.0,0.95734,ink,traced
178389,161907,270.7589,2056.5,0.81228,ink,traced,2174.0,0.94032,ink,traced
178390,161908,270.7605,2056.0,0.81122,ink,traced,2175.0,0.9382,ink,traced
178391,161909,270.7621,2056.0,0.81122,ink,traced,2177.0,0.93394,ink,traced
178392,161910,270.7637,2055.0,0.80912,ink,traced,2177.0,0.93395,ink,traced
178393,161911,270.7653,2056.0,0.81121,ink,traced,2188.0,0.91054,ink,traced
178394,161912,270.7669,2055.5,0.81016,ink,traced,2196.0,0.89352,ink,traced
178395,161913,270.7685,2056.0,0.8112,ink,traced,2200.0,0.88501,ink,traced
178396,161914,270.7701,2055.0,0.8091,ink,traced,2209.0,0.86586,ink,traced
178397,161915,270.7716,2053.5,0.80595,ink,traced,2212.0,0.85948,ink,traced
178398,161916,270.7732,2053.0,0.8049,ink,traced,2217.0,0.84884,ink,traced
178399,161917,270.7748,2052.0,0.80279,ink,traced,2224.0,0.83395,ink,traced
178400,161918,270.7764,2050.0,0.79859,ink,traced,2237.0,0.80628,ink,traced
178401,161919,270.778,2049.5,0.79754,ink,traced,2247.0,0.78501,ink,traced
178402,161920,270.7796,2047.5,0.79334,ink,traced,2261.5,0.75415,ink,traced
178403,161921,270.7812,2045.0,0.78809,ink,traced,2272.0,0.73181,ink,traced
178404,161922,270.7828,2045.5,0.78913,ink,traced,2282.0,0.71053,ink,traced
178405,161923,270.7844,2043.0,0.78388,ink,traced,2292.0,0.68925,ink,traced
178406,161924,270.786,2041.5,0.78073,ink,traced,2305.0,0.66159,ink,traced
178407,161925,270.7876,2039.0,0.77548,ink,traced,2314.0,0.64244,ink,traced
178408,161926,270.7892,2038.0,0.77338,ink,traced,2323.5,0.62222,ink,traced
178409,161927,270.7908,2037.0,0.77128,ink,traced,2332.0,0.60414,ink,traced
178410,161928,270.7923,2035.5,0.76813,ink,traced,2332.0,0.60414,hole,traced
178411,161929,270.7939,2034.5,0.76602,ink,traced,2372.5,0.51795,ink,traced
178412,161930,270.7955,2034.0,0.76497,ink,traced,2389.0,0.48316,ink,traced
178413,161931,270.7971,2032.5,0.76182,ink,traced,2407.0,0.44557,hole,traced
178414,161932,270.7987,2028.5,0.75342,ink,traced,2407.0,0.44557,hole,traced
178415,161933,270.8003,2027.5,0.75132,ink,traced,2433.0,0.39127,ink,traced
178416,161934,270.8019,2029.0,0.75446,ink,traced,2466.0,0.32236,ink,traced
178417,161935,270.8035,2028.5,0.75341,ink,traced,2476.5,0.30043,ink,traced
178418,161936,270.8051,2026.0,0.74816,ink,traced,2483.0,0.28686,ink,traced
178419,161937,270.8067,2025.0,0.74606,ink,traced,2489.0,0.27433,ink,traced
178420,161938,270.8083,2024.0,0.74395,ink,traced,2511.0,0.22839,ink,traced
178421,161939,270.8099,2022.5,0.7408,ink,traced,2521.0,0.20751,ink,traced
178422,161940,270.8115,2020.5,0.7366,ink,traced,2556.0,0.13441,ink,traced
178423,161941,270.8131,2016.0,0.72715,ink,traced,2568.0,0.10935,ink,traced
178424,161942,270.8146,2018.5,0.73239,ink,traced,2576.0,0.09265,ink,traced
178425,161943,270.8162,2017.0,0.72924,ink,traced,2591.0,0.06133,ink,traced
178426,161944,270.8178,2017.0,0.72924,ink,traced,2603.0,0.03627,ink,traced
178427,161945,270.8194,2015.0,0.72504,ink,traced,2608.0,0.02583,ink,traced
178428,161946,270.821,2014.5,0.72399,ink,traced,2609.0,0.02374,ink,traced
178429,161947,270.8226,2013.5,0.72188,ink,traced,2609.0,0.02375,ink,traced
178430,161948,270.8242,2010.5,0.71558,ink,traced,2607.5,0.02688,ink,traced
178431,161949,270.8258,2010.0,0.71453,ink,traced,2609.0,0.02376,ink,traced
178432,161950,270.8274,2009.5,0.71348,ink,traced,2609.0,0.02376,ink,traced
178433,161951,270.829,2007.0,0.70823,ink,traced,2610.0,0.02168,ink,traced
178434,161952,270.8306,2005.0,0.70403,ink,traced,2608.0,0.02586,ink,traced
178435,161953,270.8322,2004.0,0.70192,ink,traced,2611.0,0.01959,ink,traced
178436,161954,270.8338,2003.0,0.69982,ink,traced,2608.5,0.02482,ink,traced
178437,161955,270.8354,2002.5,0.69877,ink,traced,2606.5,0.029,ink,traced
178438,161956,270.8369,2002.0,0.69771,ink,traced,2606.5,0.02901,ink,traced
178439,161957,270.8385,2001.5,0.69666,ink,traced,2607.0,0.02797,ink,traced
178440,161958,270.8401,1999.5,0.69246,ink,traced,2605.5,0.0311,ink,traced
178441,161959,270.8417,1998.0,0.68931,ink,traced,2606.0,0.03006,ink,traced
178442,161960,270.8433,1998.0,0.6893,ink,traced,2607.0,0.02798,ink,traced
178443,161961,270.8449,1993.5,0.67986,ink,traced,2607.0,0.02798,ink,traced
178444,161962,270.8465,1991.0,0.67461,ink,traced,2606.5,0.02903,ink,traced
178445,161963,270.8481,1992.5,0.67775,ink,traced,2606.0,0.03008,ink,traced
178446,161964,270.8497,1990.0,0.6725,ink,traced,2606.5,0.02904,ink,traced
178447,161965,270.8513,1990.0,0.6725,ink,traced,2607.0,0.028,ink,traced
178448,161966,270.8529,1990.0,0.67249,ink,traced,2606.0,0.03009,ink,traced
178449,161967,270.8545,1988.5,0.66934,ink,traced,2606.0,0.03009,ink,traced
178450,161968,270.8561,1988.0,0.66829,ink,traced,2606.0,0.0301,ink,traced
178451,161969,270.8576,1986.5,0.66514,ink,traced,2605.5,0.03115,ink,traced
178452,161970,270.8592,1986.0,0.66408,ink,traced,2606.0,0.03011,ink,traced
178453,161971,270.8608,1985.0,0.66198,ink,traced,2605.0,0.0322,ink,traced
178454,161972,270.8624,1983.5,0.65883,ink,traced,2604.0,0.03429,ink,traced
178455,161973,270.864,1983.0,0.65778,ink,traced,2603.5,0.03534,ink,traced
178456,161974,270.8656,1982.0,0.65567,ink,traced,2604.0,0.0343,ink,traced
178457,161975,270.8672,1981.0,0.65357,ink,traced,2604.5,0.03326,ink,traced
178458,161976,270.8688,1980.5,0.65252,ink,traced,2604.5,0.03326,ink,traced
178459,161977,270.8704,1980.5,0.65251,ink,traced,2603.5,0.03536,ink,traced
178460,161978,270.872,1980.0,0.65146,ink,traced,2604.0,0.03432,ink,traced
178461,161979,270.8736,1979.5,0.65041,ink,traced,2604.0,0.03432,ink,traced
178462,161980,270.8752,1979.0,0.64935,ink,traced,2604.0,0.03432,ink,traced
178463,161981,270.8768,1979.0,0.64935,ink,traced,2599.0,0.04477,ink,traced
178464,161982,270.8784,1978.0,0.64725,ink,traced,2602.5,0.03746,ink,traced
178465,161983,270.8799,1977.0,0.64514,hole,traced,2602.0,0.03851,ink,traced
178466,161984,270.8815,1961.0,0.61156,hole,traced,2601.5,0.03956,ink,traced
178467,161985,270.8831,1961.0,0.61156,hole,traced,2601.5,0.03956,ink,traced
178468,161986,270.8847,1961.0,0.61156,hole,traced,2601.5,0.03957,ink,traced
178469,161987,270.8863,1961.0,0.61155,hole,traced,2602.0,0.03853,ink,traced
178470,161988,270.8879,1961.0,0.61155,hole,traced,2601.0,0.04062,ink,traced
178471,161989,270.8895,1961.0,0.61154,hole,traced,2601.5,0.03958,ink,traced
178472,161990,270.8911,1961.0,0.61154,faint,traced,2601.5,0.03959,ink,traced
178473,161991,270.8927,1963.5,0.61678,ink,traced,2601.5,0.03959,ink,traced
178474,161992,270.8943,1964.0,0.61783,ink,traced,2600.5,0.04168,ink,traced
178475,161993,270.8959,1964.0,0.61782,ink,traced,2600.0,0.04273,ink,traced
178476,161994,270.8975,1963.0,0.61572,ink,traced,2600.0,0.04273,ink,traced
178477,161995,270.8991,1962.0,0.61362,ink,traced,2599.5,0.04378,ink,traced
178478,161996,270.9007,1961.0,0.61152,ink,traced,2599.5,0.04379,ink,traced
178479,161997,270.9022,1958.5,0.60627,ink,traced,2599.5,0.04379,ink,traced
178480,161998,270.9038,1957.0,0.60311,ink,traced,2599.0,0.04484,ink,traced
178481,161999,270.9054,1957.0,0.60311,ink,traced,2599.5,0.0438,ink,traced
178482,162000,270.907,1956.0,0.60101,ink,traced,2599.0,0.04485,ink,traced
178483,162001,270.9086,1956.5,0.60205,ink,traced,2599.0,0.04485,ink,traced
178484,162002,270.9102,1956.0,0.601,ink,traced,2598.5,0.0459,ink,traced
178485,162003,270.9118,1953.5,0.59575,ink,traced,2598.5,0.0459,ink,traced
178486,162004,270.9134,1953.0,0.5947,ink,traced,2597.5,0.048,ink,traced
178487,162005,270.915,1952.0,0.59259,ink,traced,2597.5,0.048,ink,traced
178488,162006,270.9166,1949.5,0.58734,ink,traced,2597.0,0.04905,ink,traced
178489,162007,270.9181,1948.0,0.58419,ink,traced,2597.0,0.04905,ink,traced
178490,162008,270.9197,1949.0,0.58629,ink,traced,2597.0,0.04906,ink,traced
178491,162009,270.9213,1948.0,0.58418,ink,traced,2597.0,0.04906,ink,traced
178492,162010,270.9229,1947.5,0.58313,ink,traced,2597.0,0.04906,ink,traced
178493,162011,270.9245,1945.0,0.57788,ink,traced,2596.0,0.05116,ink,traced
178494,162012,270.9261,1944.0,0.57578,ink,traced,2596.0,0.05116,ink,traced
178495,162013,270.9277,1944.0,0.57577,ink,traced,2596.5,0.05012,ink,traced
178496,162014,270.9293,1942.0,0.57157,ink,traced,2596.0,0.05117,ink,traced
178497,162015,270.9309,1943.0,0.57367,ink,traced,2596.0,0.05117,ink,traced
178498,162016,270.9325,1942.0,0.57157,ink,traced,2595.5,0.05222,ink,traced
178499,162017,270.934,1942.0,0.57156,ink,traced,2595.5,0.05223,ink,traced
178500,162018,270.9356,1941.5,0.57051,ink,traced,2595.0,0.05327,ink,traced
178501,162019,270.9372,1940.5,0.56841,ink,traced,2595.0,0.05328,ink,traced
178502,162020,270.9388,1940.0,0.56735,ink,traced,2595.0,0.05328,ink,traced
178503,162021,270.9404,1938.5,0.5642,ink,traced,2594.5,0.05433,ink,traced
178504,162022,270.942,1938.0,0.56315,ink,traced,2594.0,0.05538,ink,traced
178505,162023,270.9436,1937.0,0.56104,ink,traced,2594.0,0.05538,ink,traced
178506,162024,270.9452,1936.5,0.55999,ink,traced,2594.0,0.05539,ink,traced
178507,162025,270.9468,1936.5,0.55999,ink,traced,2593.5,0.05643,ink,traced
178508,162026,270.9483,1935.0,0.55684,ink,traced,2593.0,0.05748,ink,traced
178509,162027,270.9499,1934.0,0.55473,ink,traced,2593.0,0.05749,ink,traced
178510,162028,270.9515,1932.5,0.55158,ink,traced,2593.0,0.05749,ink,traced
178511,162029,270.9531,1932.0,0.55053,ink,traced,2592.5,0.05854,ink,traced
178512,162030,270.9547,1932.0,0.55052,ink,traced,2592.0,0.05959,ink,traced
178513,162031,270.9563,1930.0,0.54632,ink,traced,2591.5,0.06064,ink,traced
178514,162032,270.9579,1929.5,0.54527,ink,traced,2591.5,0.06064,ink,traced
178515,162033,270.9595,1928.5,0.54317,ink,traced,2591.5,0.06064,ink,traced
178516,162034,270.9611,1927.5,0.54106,ink,traced,2591.5,0.06065,ink,traced
178517,162035,270.9626,1926.5,0.53896,ink,traced,2591.5,0.06065,ink,traced
178518,162036,270.9642,1926.5,0.53896,ink,traced,2590.5,0.06274,ink,traced
178519,162037,270.9658,1925.0,0.53581,ink,traced,2590.5,0.06275,ink,traced
178520,162038,270.9674,1924.0,0.5337,ink,traced,2590.5,0.06275,ink,traced
178521,162039,270.969,1923.5,0.53265,ink,traced,2590.0,0.0638,ink,traced
178522,162040,270.9706,1922.5,0.53055,ink,traced,2589.0,0.06589,ink,traced
178523,162041,270.9722,1922.0,0.5295,ink,traced,2589.0,0.0659,ink,traced
178524,162042,270.9738,1921.0,0.52739,ink,traced,2589.0,0.0659,ink,traced
178525,162043,270.9754,1921.0,0.52739,ink,traced,2588.5,0.06695,ink,traced
178526,162044,270.9769,1919.5,0.52424,ink,traced,2588.5,0.06695,ink,traced
178527,162045,270.9785,1919.0,0.52318,ink,traced,2588.0,0.068,ink,traced
178528,162046,270.9801,1917.5,0.52003,ink,traced,2588.0,0.06801,ink,traced
178529,162047,270.9817,1917.0,0.51898,ink,traced,2587.0,0.0701,ink,traced
178530,162048,270.9833,1914.0,0.51268,ink,traced,2585.0,0.07428,ink,traced
178531,162049,270.9849,1911.5,0.50743,rule,traced,2584.0,0.07637,ink,traced
178532,162050,270.9865,1911.5,0.50743,rule,traced,2577.5,0.08995,ink,traced
178533,162051,270.9881,1910.5,0.50532,rule,traced,2574.0,0.09727,ink,traced
178534,162052,270.9897,1910.5,0.50532,rule,traced,2576.0,0.09309,ink,traced
178535,162053,270.9913,1910.0,0.50427,rule,traced,2574.5,0.09623,ink,traced
178536,162054,270.9928,1909.5,0.50321,rule,traced,2573.0,0.09937,ink,traced
178537,162055,270.9944,1914.0,0.51265,ink,traced,2571.0,0.10355,ink,traced
178538,162056,270.996,1926.0,0.53783,faint,traced,2569.5,0.10668,ink,traced
178539,162057,270.9976,1916.0,0.51684,gap,traced,2567.0,0.11191,ink,traced
178540,162058,270.9992,1914.0,0.51264,gap,traced,2563.5,0.11922,ink,traced
178541,162059,271.0008,1901.0,0.4852,faint,traced,2561.5,0.1234,ink,traced
178542,162060,271.0024,1901.0,0.48519,faint,traced,2559.5,0.12759,ink,traced
178543,162061,271.004,1901.0,0.48519,ink,traced,2558.0,0.13072,ink,traced
178544,162062,271.0056,1905.5,0.49473,rule,traced,2556.0,0.1349,ink,traced
178545,162063,271.0071,1905.5,0.49472,rule,traced,2553.5,0.14013,ink,traced
178546,162064,271.0087,1905.5,0.49472,rule,traced,2552.5,0.14222,ink,traced
178547,162065,271.0103,1900.0,0.48305,ink,traced,2550.5,0.1464,ink,traced
178548,162066,271.0119,1904.5,0.49259,rule,traced,2548.5,0.15058,ink,traced
178549,162067,271.0135,1898.0,0.4788,ink,traced,2547.0,0.15372,ink,traced
178550,162068,271.0151,1899.0,0.48092,ink,traced,2546.5,0.15477,ink,traced
178551,162069,271.0167,1897.0,0.47667,ink,traced,2545.0,0.15791,ink,traced
178552,162070,271.0183,1898.5,0.47985,ink,traced,2544.0,0.16,faint,traced
178553,162071,271.0199,1899.0,0.4809,ink,traced,2523.0,0.20386,hole,traced
178554,162072,271.0214,1898.5,0.47984,ink,traced,2507.0,0.23728,faint,traced
178555,162073,271.023,1898.5,0.47983,ink,traced,2506.0,0.23937,faint,traced
178556,162074,271.0246,1897.0,0.47665,ink,traced,2506.0,0.23938,gap,traced
178557,162075,271.0262,1896.5,0.47558,ink,traced,2523.0,0.20388,hole,traced
178558,162076,271.0278,1895.0,0.4724,ink,traced,2522.0,0.20597,hole,traced
178559,162077,271.0294,1894.5,0.47133,ink,traced,2522.0,0.20597,hole,traced
178560,162078,271.031,1894.0,0.47027,ink,traced,2521.0,0.20807,ink,traced
178561,162079,271.0326,1893.0,0.46814,ink,traced,2521.0,0.20807,ink,traced
178562,162080,271.0342,1893.0,0.46814,ink,traced,2518.0,0.21434,ink,traced
178563,162081,271.0357,1892.0,0.46601,ink,traced,2516.5,0.21748,ink,traced
178564,162082,271.0373,1890.0,0.46177,ink,traced,2514.5,0.22166,ink,traced
178565,162083,271.0389,1889.0,0.45964,ink,traced,2504.0,0.24359,ink,traced
178566,162084,271.0405,1890.5,0.46282,ink,traced,2501.0,0.24986,ink,traced
178567,162085,271.0421,1890.5,0.46282,ink,traced,2503.5,0.24464,ink,traced
178568,162086,271.0437,1889.0,0.45963,ink,traced,2501.0,0.24987,ink,traced
178569,162087,271.0453,1888.0,0.4575,ink,traced,2499.5,0.25301,ink,traced
178570,162088,271.0469,1887.5,0.45644,ink,traced,2498.0,0.25614,ink,traced
178571,162089,271.0485,1887.0,0.45537,ink,traced,2496.5,0.25928,ink,traced
178572,162090,271.0501,1887.0,0.45537,ink,traced,2491.5,0.26973,ink,traced
178573,162091,271.0516,1885.0,0.45112,ink,traced,2484.0,0.2854,ink,traced
178574,162092,271.0532,1884.0,0.449,ink,traced,2481.0,0.29166,ink,traced
178575,162093,271.0548,1884.0,0.44899,ink,traced,2477.0,0.30002,ink,traced
178576,162094,271.0564,1884.0,0.44899,ink,traced,2475.0,0.3042,ink,traced
178577,162095,271.058,1883.0,0.44686,ink,traced,2473.0,0.30839,ink,traced
178578,162096,271.0596,1882.0,0.44474,ink,traced,2470.0,0.31465,ink,traced
178579,162097,271.0612,1883.0,0.44686,ink,traced,2468.0,0.31884,ink,traced
178580,162098,271.0628,1883.5,0.44791,ink,traced,2470.0,0.31466,ink,traced
178581,162099,271.0644,1882.5,0.44579,ink,traced,2467.5,0.31989,ink,traced
178582,162100,271.0659,1882.0,0.44472,ink,traced,2460.0,0.33556,ink,traced
178583,162101,271.0675,1881.0,0.4426,ink,traced,2456.0,0.34391,ink,traced
178584,162102,271.0691,1881.0,0.44259,ink,traced,2458.5,0.3387,ink,traced
178585,162103,271.0707,1883.0,0.44683,ink,traced,2452.0,0.35228,ink,traced
178586,162104,271.0723,1880.0,0.44046,ink,traced,2454.5,0.34706,ink,traced
178587,162105,271.0739,1880.0,0.44046,ink,traced,2445.0,0.3669,ink,traced
178588,162106,271.0755,1880.5,0.44152,ink,traced,2442.0,0.37317,ink,traced
178589,162107,271.0771,1881.5,0.44363,ink,traced,2439.0,0.37944,ink,traced
178590,162108,271.0787,1879.5,0.43939,ink,traced,2434.0,0.38989,ink,traced
178591,162109,271.0802,1879.5,0.43938,ink,traced,2431.0,0.39616,ink,traced
178592,162110,271.0818,1880.0,0.44044,ink,traced,2428.0,0.40243,ink,traced
178593,162111,271.0834,1880.5,0.4415,ink,traced,2423.0,0.41288,ink,traced
178594,162112,271.085,1880.0,0.44043,ink,traced,2420.0,0.41915,ink,traced
178595,162113,271.0866,1880.5,0.44149,ink,traced,2417.0,0.42542,ink,traced
178596,162114,271.0882,1882.0,0.44467,ink,traced,2419.5,0.4202,ink,traced
178597,162115,271.0898,1880.5,0.44148,ink,traced,2417.0,0.42542,ink,traced
178598,162116,271.0914,1881.5,0.4436,ink,traced,2414.5,0.43065,ink,traced
178599,162117,271.093,1881.5,0.44359,ink,traced,2412.0,0.43587,ink,traced
178600,162118,271.0945,1881.5,0.44359,ink,traced,2408.5,0.44319,ink,traced
178601,162119,271.0961,1881.5,0.44358,ink,traced,2405.0,0.4505,ink,traced
178602,162120,271.0977,1882.5,0.4457,ink,traced,2403.0,0.45468,ink,traced
178603,162121,271.0993,1882.5,0.4457,ink,traced,2398.5,0.46409,ink,traced
178604,162122,271.1009,1883.0,0.44675,ink,traced,2395.5,0.47036,ink,traced
178605,162123,271.1025,1883.5,0.44781,ink,traced,2391.5,0.47871,ink,traced
178606,162124,271.1041,1883.0,0.44675,ink,traced,2387.0,0.48812,rule,traced
178607,162125,271.1057,1883.0,0.44674,ink,traced,2384.5,0.49334,rule,traced
178608,162126,271.1073,1883.5,0.4478,ink,traced,2382.5,0.49752,rule,traced
178609,162127,271.1089,1885.0,0.45098,ink,traced,2374.5,0.51451,ink,traced
178610,162128,271.1104,1885.0,0.45097,ink,traced,2370.0,0.52409,ink,traced
178611,162129,271.112,1885.0,0.45097,ink,traced,2371.5,0.5209,ink,traced
178612,162130,271.1136,1885.0,0.45096,ink,traced,2368.5,0.52729,ink,traced
178613,162131,271.1152,1885.0,0.45096,ink,traced,2363.5,0.53793,ink,traced
178614,162132,271.1168,1885.5,0.45202,ink,traced,2360.5,0.54432,ink,traced
178615,162133,271.1184,1886.0,0.45307,ink,traced,2358.0,0.54965,ink,traced
178616,162134,271.12,1887.0,0.45519,ink,traced,2355.0,0.55604,ink,traced
178617,162135,271.1216,1886.5,0.45413,ink,traced,2352.0,0.56242,ink,traced
178618,162136,271.1232,1887.0,0.45518,ink,traced,2348.0,0.57094,ink,traced
178619,162137,271.1247,1887.0,0.45518,ink,traced,2345.5,0.57627,ink,traced
178620,162138,271.1263,1887.0,0.45517,ink,traced,2342.5,0.58266,ink,traced
178621,162139,271.1279,1887.5,0.45623,ink,traced,2335.0,0.59862,ink,traced
178622,162140,271.1295,1888.5,0.45835,ink,traced,2336.0,0.5965,ink,traced
178623,162141,271.1311,1887.5,0.45622,ink,traced,2332.5,0.60395,ink,traced
178624,162142,271.1327,1888.5,0.45834,ink,traced,2329.0,0.6114,ink,traced
178625,162143,271.1343,1887.5,0.45621,ink,traced,2323.0,0.62418,ink,traced
178626,162144,271.1359,1887.5,0.45621,ink,traced,2321.0,0.62844,ink,traced
178627,162145,271.1375,1888.5,0.45833,ink,traced,2319.0,0.6327,ink,traced
178628,162146,271.139,1888.5,0.45832,ink,traced,2315.5,0.64015,ink,traced
178629,162147,271.1406,1889.0,0.45938,ink,traced,2309.0,0.65399,ink,traced
178630,162148,271.1422,1889.5,0.46044,ink,traced,2307.5,0.65719,ink,traced
178631,162149,271.1438,1889.5,0.46043,ink,traced,2305.0,0.66251,ink,traced
178632,162150,271.1454,1889.5,0.46043,ink,traced,2303.0,0.66677,ink,traced
178633,162151,271.147,1889.5,0.46042,ink,traced,2300.5,0.6721,ink,traced
178634,162152,271.1486,1889.5,0.46042,ink,traced,2297.5,0.67849,ink,traced
178635,162153,271.1502,1890.5,0.46254,ink,traced,2293.0,0.68807,ink,traced
178636,162154,271.1518,1893.0,0.46784,ink,traced,2291.5,0.69126,ink,traced
178637,162155,271.1533,1892.5,0.46677,ink,traced,2287.0,0.70084,ink,traced
178638,162156,271.1549,1893.0,0.46783,ink,traced,2285.5,0.70404,ink,traced
178639,162157,271.1565,1891.0,0.46358,ink,traced,2279.5,0.71681,ink,traced
178640,162158,271.1581,1891.0,0.46358,ink,traced,2276.0,0.72427,ink,traced
178641,162159,271.1597,1891.0,0.46357,ink,traced,2275.5,0.72534,ink,traced
178642,162160,271.1613,1891.5,0.46463,ink,traced,2272.0,0.73279,ink,traced
178643,162161,271.1629,1891.5,0.46463,ink,traced,2266.0,0.74556,ink,traced
178644,162162,271.1645,1891.5,0.46462,ink,traced,2266.5,0.7445,ink,traced
178645,162163,271.1661,1892.0,0.46568,ink,traced,2264.0,0.74983,ink,traced
178646,162164,271.1677,1892.0,0.46567,ink,traced,2261.5,0.75515,ink,traced
178647,162165,271.1692,1892.5,0.46673,ink,traced,2259.0,0.76048,ink,traced
178648,162166,271.1708,1893.5,0.46885,ink,traced,2256.5,0.7658,ink,traced
178649,162167,271.1724,1892.5,0.46672,ink,traced,2253.0,0.77325,ink,traced
178650,162168,271.174,1893.0,0.46778,ink,traced,2251.0,0.77752,ink,traced
178651,162169,271.1756,1893.5,0.46884,ink,traced,2248.0,0.7839,ink,traced
178652,162170,271.1772,1893.5,0.46883,ink,traced,2244.0,0.79242,ink,traced
178653,162171,271.1788,1894.0,0.46989,ink,traced,2241.5,0.79775,ink,traced
178654,162172,271.1804,1894.0,0.46988,ink,traced,2238.5,0.80414,ink,traced
178655,162173,271.182,1896.0,0.47412,ink,traced,2235.5,0.81052,ink,traced
178656,162174,271.1835,1894.5,0.47094,ink,traced,2232.5,0.81691,ink,traced
178657,162175,271.1851,1894.5,0.47093,ink,traced,2230.5,0.82117,ink,traced
178658,162176,271.1867,1894.5,0.47093,ink,traced,2229.5,0.82331,ink,traced
178659,162177,271.1883,1894.5,0.47092,ink,traced,2226.0,0.83076,ink,traced
178660,162178,271.1899,1895.0,0.47198,ink,traced,2221.5,0.84034,ink,traced
178661,162179,271.1915,1895.0,0.47198,ink,traced,2221.0,0.84141,ink,traced
178662,162180,271.1931,1894.5,0.47091,ink,traced,2218.5,0.84673,ink,traced
178663,162181,271.1947,1895.5,0.47303,ink,traced,2216.5,0.85099,ink,traced
178664,162182,271.1963,1895.5,0.47302,ink,traced,2215.0,0.85419,ink,traced
178665,162183,271.1978,1895.0,0.47196,ink,traced,2210.0,0.86484,ink,traced
178666,162184,271.1994,1899.0,0.48044,ink,traced,2207.0,0.87123,ink,traced
178667,162185,271.201,1896.5,0.47513,ink,traced,2203.0,0.87974,ink,traced
178668,162186,271.2026,1896.5,0.47513,ink,traced,2201.5,0.88294,ink,traced
178669,162187,271.2042,1897.0,0.47619,ink,traced,2199.0,0.88826,ink,traced
178670,162188,271.2058,1897.5,0.47724,ink,traced,2196.5,0.89359,ink,traced
178671,162189,271.2074,1897.0,0.47618,ink,traced,2195.0,0.89678,ink,traced
178672,162190,271.209,1897.0,0.47617,ink,traced,2191.5,0.90424,ink,traced
178673,162191,271.2106,1899.5,0.48147,ink,traced,2188.0,0.91169,ink,traced
178674,162192,271.2121,1897.0,0.47617,ink,traced,2184.5,0.91914,ink,traced
178675,162193,271.2137,1898.0,0.47828,ink,traced,2183.0,0.92234,ink,traced
178676,162194,271.2153,1898.5,0.47934,ink,traced,2181.5,0.92554,ink,traced
178677,162195,271.2169,1899.0,0.4804,ink,traced,2179.0,0.93086,ink,traced
178678,162196,271.2185,1899.0,0.48039,ink,traced,2178.5,0.93193,ink,traced
178679,162197,271.2201,1898.5,0.47933,ink,traced,2176.0,0.93725,ink,traced
178680,162198,271.2217,1899.0,0.48038,ink,traced,2171.5,0.94684,ink,traced
178681,162199,271.2233,1899.0,0.48038,ink,traced,2170.0,0.95003,ink,traced
178682,162200,271.2249,1899.0,0.48038,ink,traced,2168.0,0.95429,ink,traced
178683,162201,271.2265,1899.0,0.48037,ink,traced,2166.5,0.95749,ink,traced
178684,162202,271.228,1899.5,0.48143,ink,traced,2165.0,0.96069,ink,traced
178685,162203,271.2296,1899.5,0.48142,ink,traced,2165.5,0.95963,ink,traced
178686,162204,271.2312,1904.0,0.49097,rule,traced,2165.5,0.95963,ink,traced
178687,162205,271.2328,1905.0,0.49308,rule,traced,2165.0,0.9607,ink,traced
178688,162206,271.2344,1904.0,0.49096,rule,traced,2163.0,0.96496,ink,traced
178689,162207,271.236,1901.0,0.48459,ink,traced,2163.5,0.9639,ink,traced
178690,162208,271.2376,1904.5,0.49201,rule,traced,2165.0,0.96071,ink,traced
178691,162209,271.2392,1904.0,0.49095,rule,traced,2164.0,0.96284,ink,traced
178692,162210,271.2408,1904.0,0.49094,rule,traced,2166.0,0.95859,ink,traced
178693,162211,271.2423,1904.5,0.492,rule,traced,2165.0,0.96072,ink,traced
178694,162212,271.2439,1904.5,0.49199,rule,traced,2167.0,0.95647,ink,traced
178695,162213,271.2455,1905.0,0.49305,rule,traced,2166.5,0.95754,ink,traced
178696,162214,271.2471,1905.0,0.49305,rule,traced,2166.5,0.95754,ink,traced
178697,162215,271.2487,1901.0,0.48456,ink,traced,2167.0,0.95648,ink,traced
178698,162216,271.2503,1905.5,0.4941,rule,traced,2167.5,0.95542,ink,traced
178699,162217,271.2519,1905.5,0.49409,rule,traced,2167.0,0.95649,ink,traced
178700,162218,271.2535,1905.5,0.49409,rule,traced,2167.0,0.9565,ink,traced
178701,162219,271.2551,1905.5,0.49409,rule,traced,2167.0,0.9565,ink,traced
178702,162220,271.2566,1900.0,0.48241,ink,traced,2167.0,0.9565,ink,traced
178703,162221,271.2582,1901.0,0.48453,ink,traced,2168.5,0.95332,ink,traced
178704,162222,271.2598,1901.0,0.48453,ink,traced,2167.0,0.95651,ink,traced
178705,162223,271.2614,1901.0,0.48452,ink,traced,2167.5,0.95545,ink,traced
178706,162224,271.263,1901.0,0.48452,ink,traced,2167.5,0.95546,ink,traced
178707,162225,271.2646,1901.0,0.48452,ink,traced,2167.5,0.95546,ink,traced
178708,162226,271.2662,1901.0,0.48451,ink,traced,2167.5,0.95546,ink,traced
178709,162227,271.2678,1901.0,0.48451,ink,traced,2166.5,0.9576,ink,traced
178710,162228,271.2694,1901.0,0.4845,ink,traced,2166.5,0.9576,ink,traced
178711,162229,271.2709,1901.0,0.4845,ink,traced,2166.5,0.9576,ink,traced
178712,162230,271.2725,1960.0,0.60847,faint,traced,2167.0,0.95654,ink,traced
178713,162231,271.2741,1958.0,0.60427,gap,traced,2171.0,0.94804,ink,traced
178714,162232,271.2757,1988.0,0.66722,faint,traced,2167.0,0.95655,ink,traced
178715,162233,271.2773,1974.0,0.63784,faint,traced,2167.0,0.95656,ink,traced
178716,162234,271.2789,1976.0,0.64203,faint,traced,2167.5,0.9555,ink,traced
178717,162235,271.2805,1977.0,0.64412,gap,traced,2167.5,0.9555,ink,traced
178718,162236,271.2821,1996.0,0.68399,faint,traced,2167.5,0.95551,ink,traced
178719,162237,271.2837,2016.0,0.72595,faint,traced,2167.5,0.95551,ink,traced
178720,162238,271.2853,2005.0,0.70287,gap,traced,2167.5,0.95551,ink,traced
178721,162239,271.2868,2005.0,0.70286,gap,traced,2167.5,0.95552,ink,traced
178722,162240,271.2884,2010.0,0.71335,faint,traced,2167.5,0.95552,ink,traced
178723,162241,271.29,1974.0,0.6378,gap,traced,2167.5,0.95553,ink,traced
178724,162242,271.2916,1968.0,0.62521,gap,traced,2167.5,0.95553,ink,traced
178725,162243,271.2932,1984.0,0.65878,faint,traced,2167.5,0.95553,ink,traced
178726,162244,271.2948,1837.0,0.34867,faint,traced,2167.5,0.95554,ink,traced
178727,162245,271.2964,1837.0,0.34867,faint,traced,2167.5,0.95554,ink,traced
178728,162246,271.298,1836.0,0.34654,gap,traced,2167.5,0.95555,ink,traced
178729,162247,271.2996,1836.0,0.34654,faint,traced,2167.5,0.95555,ink,traced
178730,162248,271.3011,1836.0,0.34654,gap,traced,2167.5,0.95555,ink,traced
178731,162249,271.3027,1914.0,0.51187,rule,traced,2167.5,0.95556,ink,traced
178732,162250,271.3043,1914.0,0.51186,rule,traced,2168.0,0.9545,ink,traced
178733,162251,271.3059,1914.0,0.51186,rule,traced,2168.0,0.9545,ink,traced
178734,162252,271.3075,1914.0,0.51185,rule,traced,2168.0,0.95451,ink,traced
178735,162253,271.3091,1914.0,0.51185,rule,traced,2167.5,0.95558,ink,traced
178736,162254,271.3107,1914.0,0.51184,rule,traced,2167.5,0.95558,ink,traced
178737,162255,271.3123,1914.0,0.51184,rule,traced,2167.0,0.95665,ink,traced
178738,162256,271.3139,1914.0,0.51184,rule,traced,2167.0,0.95665,ink,traced
178739,162257,271.3154,1914.0,0.51183,rule,traced,2167.5,0.95559,ink,traced
178740,162258,271.317,1914.0,0.51183,rule,traced,2167.5,0.9556,ink,traced
178741,162259,271.3186,1914.0,0.51182,rule,traced,2167.5,0.9556,ink,traced
178742,162260,271.3202,1914.0,0.51182,rule,traced,2167.5,0.9556,ink,traced
178743,162261,271.3218,1909.5,0.50237,rule,traced,2167.5,0.95561,ink,traced
178744,162262,271.3234,1910.0,0.50342,rule,traced,2167.5,0.95561,ink,traced
178745,162263,271.325,1910.0,0.50341,rule,traced,2167.5,0.95562,ink,traced
178746,162264,271.3266,1909.5,0.50236,rule,traced,2167.0,0.95668,ink,traced
178747,162265,271.3282,1910.0,0.50341,rule,traced,2167.5,0.95562,ink,traced
178748,162266,271.3297,1909.5,0.50235,rule,traced,2173.0,0.94392,ink,traced
178749,162267,271.3313,1910.0,0.5034,rule,traced,2174.0,0.9418,ink,traced
178750,162268,271.3329,1909.5,0.50235,rule,traced,2176.0,0.93755,ink,traced
178751,162269,271.3345,1910.0,0.50339,rule,traced,2181.0,0.92691,ink,traced
178752,162270,271.3361,1910.0,0.50339,rule,traced,2184.0,0.92052,ink,traced
178753,162271,271.3377,1910.0,0.50339,rule,traced,2188.0,0.91201,ink,traced
178754,162272,271.3393,1910.5,0.50444,rule,traced,2193.0,0.90137,ink,traced
178755,162273,271.3409,1910.0,0.50339,rule,traced,2200.0,0.88647,ink,traced
178756,162274,271.3425,1910.0,0.50339,rule,traced,2206.0,0.8737,ink,traced
178757,162275,271.3441,1910.0,0.50339,rule,traced,2211.0,0.86306,ink,traced
178758,162276,271.3456,1910.0,0.50339,rule,traced,2217.0,0.85029,ink,traced
178759,162277,271.3472,1910.0,0.50339,rule,traced,2226.0,0.83113,ink,traced
178760,162278,271.3488,1910.0,0.50339,rule,traced,2237.0,0.80772,ink,traced
178761,162279,271.3504,1910.5,0.50444,rule,traced,2252.0,0.7758,ink,traced
178762,162280,271.352,1910.0,0.50339,rule,traced,2255.0,0.76941,ink,traced
178763,162281,271.3536,1911.0,0.50549,rule,traced,2255.0,0.76941,ink,traced
178764,162282,271.3552,1911.0,0.50549,rule,traced,2280.0,0.71621,hole,traced
178765,162283,271.3568,1910.5,0.50444,rule,traced,2290.0,0.69492,ink,traced
178766,162284,271.3584,1911.0,0.50549,rule,traced,2310.0,0.65236,ink,traced
178767,162285,271.3599,1910.5,0.50444,rule,traced,2322.0,0.62682,ink,traced
178768,162286,271.3615,1911.0,0.50549,rule,traced,2334.0,0.60128,ink,traced
178769,162287,271.3631,1911.0,0.50549,rule,traced,2342.5,0.58319,ink,traced
178770,162288,271.3647,1910.5,0.50444,rule,traced,2363.5,0.5385,ink,traced
178771,162289,271.3663,1910.5,0.50444,rule,traced,2388.0,0.48661,ink,traced
178772,162290,271.3679,1910.5,0.50444,rule,traced,2392.0,0.47825,ink,traced
178773,162291,271.3695,1911.0,0.50549,rule,traced,2407.0,0.44693,ink,traced
178774,162292,271.3711,1911.0,0.50549,rule,traced,2424.0,0.41142,ink,traced
178775,162293,271.3727,1910.5,0.50444,rule,traced,2435.5,0.3874,ink,traced
178776,162294,271.3742,1910.5,0.50444,rule,traced,2445.0,0.36756,ink,traced
178777,162295,271.3758,1910.5,0.50444,rule,traced,2445.0,0.36756,ink,traced
178778,162296,271.3774,1910.5,0.50444,rule,traced,2489.5,0.27462,ink,traced
178779,162297,271.379,1910.5,0.50444,rule,traced,2497.0,0.25896,ink,traced
178780,162298,271.3806,1911.0,0.50549,rule,traced,2516.0,0.21928,ink,traced
178781,162299,271.3822,1910.0,0.50339,rule,traced,2529.0,0.19212,ink,traced
178782,162300,271.3838,1909.5,0.50235,rule,traced,2539.0,0.17124,ink,traced
178783,162301,271.3854,1909.5,0.50235,rule,traced,2569.0,0.10858,ink,traced
178784,162302,271.387,1910.0,0.50339,rule,traced,2585.0,0.07517,ink,traced
178785,162303,271.3885,1910.0,0.50339,rule,traced,2589.5,0.06577,ink,traced
178786,162304,271.3901,1910.0,0.50339,rule,traced,2597.0,0.0501,hole,traced
178787,162305,271.3917,1909.5,0.50235,rule,traced,2597.0,0.0501,ink,traced
178788,162306,271.3933,1914.0,0.51179,rule,traced,2596.0,0.05219,ink,traced
178789,162307,271.3949,1914.0,0.51179,rule,traced,2597.5,0.04906,ink,traced
178790,162308,271.3965,1868.0,0.41434,gap,traced,2599.5,0.04488,ink,traced
178791,162309,271.3981,1878.0,0.43555,gap,traced,2600.0,0.04384,faint,traced
178792,162310,271.3997,1882.0,0.44403,gap,traced,2602.0,0.03966,ink,traced
178793,162311,271.4013,1878.0,0.43555,faint,traced,2612.5,0.01773,ink,traced
178794,162312,271.4029,1876.0,0.43131,faint,traced,2609.5,0.024,ink,traced
178795,162313,271.4044,1877.0,0.43343,faint,traced,2609.0,0.02504,ink,traced
178796,162314,271.406,1901.0,0.48434,ink,traced,2608.0,0.02713,ink,traced
178797,162315,271.4076,1901.0,0.48434,ink,traced,2607.5,0.02817,ink,traced
178798,162316,271.4092,1905.5,0.49389,rule,traced,2607.5,0.02817,ink,traced
178799,162317,271.4108,1905.5,0.49389,rule,traced,2607.5,0.02817,ink,traced
178800,162318,271.4124,1899.0,0.4801,ink,traced,2603.5,0.03653,ink,traced
178801,162319,271.414,1898.0,0.47798,ink,traced,2602.0,0.03966,ink,traced
178802,162320,271.4156,1897.0,0.47585,ink,traced,2590.0,0.06472,gap,traced
178803,162321,271.4172,1900.0,0.48222,ink,traced,2601.0,0.04175,hole,traced
178804,162322,271.4187,1899.5,0.48116,ink,traced,2592.0,0.06055,gap,traced
178805,162323,271.4203,1899.0,0.4801,ink,traced,2573.0,0.10023,gap,traced
178806,162324,271.4219,1898.0,0.47798,ink,traced,2570.0,0.10649,faint,traced
178807,162325,271.4235,1897.5,0.47692,ink,traced,2540.0,0.16915,faint,traced
178808,162326,271.4251,1895.5,0.47267,ink,traced,2533.0,0.18377,gap,traced
178809,162327,271.4267,1897.0,0.47585,ink,traced,2508.0,0.23598,gap,traced
178810,162328,271.4283,1896.0,0.47373,ink,traced,2508.0,0.23598,gap,traced
178811,162329,271.4299,1895.5,0.47267,ink,traced,2495.0,0.26313,gap,traced
178812,162330,271.4315,1896.0,0.47373,ink,traced,2498.0,0.25687,faint,traced
178813,162331,271.433,1895.0,0.47161,ink,traced,2498.0,0.25687,faint,traced
178814,162332,271.4346,1894.0,0.46949,ink,traced,2520.0,0.21092,faint,traced
178815,162333,271.4362,1893.0,0.46737,ink,traced,2567.0,0.11276,ink,traced
178816,162334,271.4378,1892.5,0.46631,ink,traced,2566.5,0.1138,ink,traced
178817,162335,271.4394,1892.0,0.46525,ink,traced,2567.0,0.11276,ink,traced
178818,162336,271.441,1892.0,0.46525,ink,traced,2567.0,0.11276,faint,traced
178819,162337,271.4426,1890.5,0.46207,ink,traced,2567.0,0.11276,faint,traced
178820,162338,271.4442,1890.5,0.46207,ink,traced,2594.0,0.05637,faint,traced
178821,162339,271.4458,1890.0,0.46101,ink,traced,2600.0,0.04384,faint,traced
178822,162340,271.4473,1889.5,0.45994,ink,traced,2601.0,0.04175,hole,traced
178823,162341,271.4489,1889.0,0.45888,ink,traced,2602.0,0.03966,ink,traced
178824,162342,271.4505,1888.0,0.45676,ink,traced,2604.5,0.03444,ink,traced
178825,162343,271.4521,1888.0,0.45676,ink,traced,2602.0,0.03966,ink,traced
178826,162344,271.4537,1887.5,0.4557,ink,traced,2602.0,0.03966,ink,traced
178827,162345,271.4553,1885.5,0.45146,ink,traced,2602.0,0.03966,ink,traced
178828,162346,271.4569,1886.0,0.45252,ink,traced,2606.5,0.03026,ink,traced
178829,162347,271.4585,1886.0,0.45252,ink,traced,2606.5,0.03026,ink,traced
178830,162348,271.4601,1885.5,0.45146,ink,traced,2606.5,0.03026,ink,traced
178831,162349,271.4617,1884.0,0.44828,ink,traced,2601.5,0.04071,ink,traced
178832,162350,271.4632,1884.5,0.44934,ink,traced,2599.0,0.04593,faint,traced
178833,162351,271.4648,1882.5,0.4451,ink,traced,2601.0,0.04175,hole,traced
178834,162352,271.4664,1882.0,0.44403,ink,traced,2600.0,0.04384,hole,traced
178835,162353,271.468,1882.0,0.44403,ink,traced,2597.0,0.0501,faint,traced
178836,162354,271.4696,1882.0,0.44403,ink,traced,2584.0,0.07726,gap,traced
178837,162355,271.4712,1881.0,0.44191,ink,traced,2548.0,0.15244,faint,traced
178838,162356,271.4728,1880.5,0.44085,ink,traced,2552.0,0.14409,gap,traced
178839,162357,271.4744,1880.0,0.43979,ink,traced,2562.0,0.1232,gap,traced
178840,162358,271.476,1879.5,0.43873,ink,traced,2562.0,0.1232,gap,traced
178841,162359,271.4775,1878.5,0.43661,ink,traced,2578.0,0.08979,gap,traced
178842,162360,271.4791,1877.0,0.43343,ink,traced,2578.0,0.08979,faint,traced
178843,162361,271.4807,1877.5,0.43449,ink,traced,2589.0,0.06681,gap,traced
178844,162362,271.4823,1877.5,0.43449,ink,traced,2599.0,0.04593,hole,traced
178845,162363,271.4839,1877.0,0.43343,ink,traced,2599.0,0.04593,hole,traced
178846,162364,271.4855,1876.5,0.43237,ink,traced,2599.0,0.04593,hole,traced
178847,162365,271.4871,1876.0,0.43131,ink,traced,2599.0,0.04593,hole,traced
178848,162366,271.4887,1875.0,0.42919,ink,traced,2599.0,0.04593,hole,traced
178849,162367,271.4903,1873.5,0.426,ink,traced,2599.5,0.04488,ink,traced
178850,162368,271.4918,1873.0,0.42494,ink,traced,2600.0,0.04384,hole,traced
178851,162369,271.4934,1873.0,0.42494,ink,traced,2599.5,0.04488,ink,traced
178852,162370,271.495,1872.5,0.42388,ink,traced,2600.5,0.04279,ink,traced
178853,162371,271.4966,1872.0,0.42282,ink,traced,2601.0,0.04175,ink,traced
178854,162372,271.4982,1872.0,0.42282,ink,traced,2601.0,0.04175,ink,traced
178855,162373,271.4998,1871.5,0.42176,ink,traced,2602.5,0.03862,ink,traced
178856,162374,271.5014,1871.5,0.42176,ink,traced,2602.5,0.03862,ink,traced
178857,162375,271.503,1870.0,0.41858,ink,traced,2602.0,0.03966,ink,traced
178858,162376,271.5046,1869.0,0.41646,ink,traced,2601.5,0.04071,ink,traced
178859,162377,271.5061,1868.5,0.4154,ink,traced,2601.5,0.04071,ink,traced
178860,162378,271.5077,1868.0,0.41434,ink,traced,2599.5,0.04488,ink,traced
178861,162379,271.5093,1867.0,0.41222,ink,traced,2598.5,0.04697,ink,traced
178862,162380,271.5109,1866.0,0.41009,ink,traced,2598.0,0.04802,ink,traced
178863,162381,271.5125,1866.0,0.41009,ink,traced,2597.5,0.04906,ink,traced
178864,162382,271.5141,1865.5,0.40903,ink,traced,2597.5,0.04906,ink,traced
178865,162383,271.5157,1865.5,0.40903,ink,traced,2596.5,0.05115,ink,traced
178866,162384,271.5173,1864.0,0.40585,ink,traced,2596.5,0.05115,hole,traced
178867,162385,271.5189,1865.0,0.40797,ink,traced,2596.0,0.05219,ink,traced
178868,162386,271.5205,1865.5,0.40903,ink,traced,2596.0,0.05219,ink,traced
178869,162387,271.522,1865.5,0.40903,ink,traced,2596.0,0.05219,ink,traced
178870,162388,271.5236,1866.5,0.41115,ink,traced,2596.0,0.05219,ink,traced
178871,162389,271.5252,1865.0,0.40797,ink,traced,2596.0,0.05219,ink,traced
178872,162390,271.5268,1865.0,0.40797,ink,traced,2596.0,0.05219,ink,traced
178873,162391,271.5284,1865.0,0.40797,ink,traced,2596.0,0.05219,ink,traced
178874,162392,271.53,1867.0,0.41222,ink,traced,2595.5,0.05324,ink,traced
178875,162393,271.5316,1864.5,0.40691,ink,traced,2595.5,0.05324,ink,traced
178876,162394,271.5332,1864.5,0.40691,ink,traced,2596.0,0.05219,ink,traced
178877,162395,271.5348,1864.5,0.40691,ink,traced,2595.5,0.05324,ink,traced
178878,162396,271.5363,1867.0,0.41222,ink,traced,2596.0,0.05219,ink,traced
178879,162397,271.5379,1865.0,0.40797,ink,traced,2596.0,0.05219,ink,traced
178880,162398,271.5395,1864.5,0.40691,ink,traced,2597.5,0.04906,ink,traced
178881,162399,271.5411,1863.5,0.40479,ink,traced,2597.5,0.04906,ink,traced
178882,162400,271.5427,1863.5,0.40479,ink,traced,2598.0,0.04802,ink,traced
178883,162401,271.5443,1863.5,0.40479,ink,traced,2597.5,0.04906,ink,traced
178884,162402,271.5459,1863.5,0.40479,ink,traced,2596.5,0.05115,ink,traced
178885,162403,271.5475,1863.5,0.40479,ink,traced,2596.0,0.05219,ink,traced
178886,162404,271.5491,1864.0,0.40585,ink,traced,2593.0,0.05846,ink,traced
178887,162405,271.5506,1864.0,0.40585,ink,traced,2592.0,0.06055,ink,traced
178888,162406,271.5522,1865.0,0.40797,ink,traced,2592.0,0.06055,ink,traced
178889,162407,271.5538,1865.0,0.40797,ink,traced,2594.5,0.05533,ink,traced
178890,162408,271.5554,1865.0,0.40797,ink,traced,2594.5,0.05533,ink,traced
178891,162409,271.557,1865.0,0.40797,ink,traced,2594.5,0.05533,ink,traced
178892,162410,271.5586,1865.5,0.40903,ink,traced,2594.0,0.05637,ink,traced
178893,162411,271.5602,1866.5,0.41115,ink,traced,2595.0,0.05428,ink,traced
178894,162412,271.5618,1866.0,0.41009,ink,traced,2594.5,0.05533,ink,traced
178895,162413,271.5634,1866.0,0.41009,ink,traced,2593.5,0.05741,ink,traced
178896,162414,271.5649,1866.5,0.41115,ink,traced,2593.5,0.05741,ink,traced
178897,162415,271.5665,1866.0,0.41009,ink,traced,2592.5,0.0595,ink,traced
178898,162416,271.5681,1867.0,0.41222,ink,traced,2592.5,0.0595,ink,traced
178899,162417,271.5697,1867.0,0.41222,ink,traced,2591.5,0.06159,ink,traced
178900,162418,271.5713,1867.0,0.41222,ink,traced,2593.0,0.05846,ink,traced
178901,162419,271.5729,1867.0,0.41222,ink,traced,2592.0,0.06055,ink,traced
178902,162420,271.5745,1867.5,0.41328,ink,traced,2591.5,0.06159,ink,traced
178903,162421,271.5761,1868.5,0.4154,ink,traced,2591.5,0.06159,ink,traced
178904,162422,271.5777,1869.0,0.41646,ink,traced,2590.0,0.06472,ink,traced
178905,162423,271.5793,1869.0,0.41646,ink,traced,2591.0,0.06264,ink,traced
178906,162424,271.5808,1869.0,0.41646,ink,traced,2587.5,0.06995,ink,traced
178907,162425,271.5824,1869.0,0.41646,ink,traced,2590.0,0.06472,ink,traced
178908,162426,271.584,1869.0,0.41646,ink,traced,2590.5,0.06368,ink,traced
178909,162427,271.5856,1870.0,0.41858,ink,traced,2590.0,0.06472,ink,traced
178910,162428,271.5872,1870.0,0.41858,ink,traced,2589.5,0.06577,ink,traced
178911,162429,271.5888,1870.5,0.41964,ink,traced,2589.5,0.06577,ink,traced
178912,162430,271.5904,1870.0,0.41858,ink,traced,2589.0,0.06681,ink,traced
178913,162431,271.592,1870.0,0.41858,ink,traced,2586.0,0.07308,ink,traced
178914,162432,271.5936,1870.0,0.41858,ink,traced,2588.0,0.0689,ink,traced
178915,162433,271.5951,1870.5,0.41964,ink,traced,2587.0,0.07099,ink,traced
178916,162434,271.5967,1871.0,0.4207,ink,traced,2585.5,0.07412,ink,traced
178917,162435,271.5983,1871.0,0.4207,ink,traced,2585.5,0.07412,ink,traced
178918,162436,271.5999,1872.0,0.42282,ink,traced,2587.5,0.06995,ink,traced
178919,162437,271.6015,1871.0,0.4207,ink,traced,2587.0,0.07099,ink,traced
178920,162438,271.6031,1871.5,0.42176,ink,traced,2587.0,0.07099,ink,traced
178921,162439,271.6047,1873.0,0.42494,ink,traced,2587.0,0.07099,ink,traced
178922,162440,271.6063,1873.0,0.42494,ink,traced,2586.5,0.07203,ink,traced
178923,162441,271.6079,1875.0,0.42919,ink,traced,2586.5,0.07203,ink,traced
178924,162442,271.6094,1873.0,0.42494,ink,traced,2586.5,0.07203,ink,traced
178925,162443,271.611,1873.5,0.426,ink,traced,2586.0,0.07308,ink,traced
178926,162444,271.6126,1874.0,0.42706,ink,traced,2586.0,0.07308,ink,traced
178927,162445,271.6142,1873.5,0.426,ink,traced,2585.0,0.07517,ink,traced
178928,162446,271.6158,1873.5,0.426,ink,traced,2585.0,0.07517,ink,traced
178929,162447,271.6174,1875.0,0.42919,ink,traced,2585.0,0.07517,ink,traced
178930,162448,271.619,1874.5,0.42813,ink,traced,2584.5,0.07621,ink,traced
178931,162449,271.6206,1875.0,0.42919,ink,traced,2585.0,0.07517,ink,traced
178932,162450,271.6222,1874.5,0.42813,ink,traced,2583.5,0.0783,ink,traced
178933,162451,271.6237,1876.0,0.43131,ink,traced,2583.5,0.0783,ink,traced
178934,162452,271.6253,1875.5,0.43025,ink,traced,2583.5,0.0783,ink,traced
178935,162453,271.6269,1877.5,0.43449,ink,traced,2583.0,0.07934,ink,traced
178936,162454,271.6285,1876.5,0.43237,ink,traced,2583.0,0.07934,ink,traced
178937,162455,271.6301,1877.0,0.43343,ink,traced,2582.5,0.08039,ink,traced
178938,162456,271.6317,1877.0,0.43343,ink,traced,2582.5,0.08039,ink,traced
178939,162457,271.6333,1877.0,0.43343,ink,traced,2582.5,0.08039,ink,traced
178940,162458,271.6349,1876.5,0.43237,ink,traced,2582.0,0.08143,ink,traced
178941,162459,271.6365,1876.5,0.43237,ink,traced,2581.5,0.08248,ink,traced
178942,162460,271.6381,1877.5,0.43449,ink,traced,2581.5,0.08248,ink,traced
178943,162461,271.6396,1878.0,0.43555,ink,traced,2581.0,0.08352,ink,traced
178944,162462,271.6412,1878.0,0.43555,ink,traced,2581.0,0.08352,ink,traced
178945,162463,271.6428,1878.0,0.43555,ink,traced,2581.0,0.08352,ink,traced
178946,162464,271.6444,1878.5,0.43661,ink,traced,2581.0,0.08352,ink,traced
178947,162465,271.646,1878.5,0.43661,ink,traced,2580.5,0.08457,ink,traced
178948,162466,271.6476,1879.0,0.43767,ink,traced,2580.0,0.08561,ink,traced
178949,162467,271.6492,1879.5,0.43873,ink,traced,2579.5,0.08665,ink,traced
178950,162468,271.6508,1879.5,0.43873,ink,traced,2579.0,0.0877,ink,traced
178951,162469,271.6524,1880.0,0.43979,ink,traced,2578.5,0.08874,ink,traced
178952,162470,271.6539,1880.0,0.43979,ink,traced,2578.5,0.08874,ink,traced
178953,162471,271.6555,1880.5,0.44085,ink,traced,2578.5,0.08874,ink,traced
178954,162472,271.6571,1880.5,0.44085,ink,traced,2578.5,0.08874,ink,traced
178955,162473,271.6587,1881.0,0.44191,ink,traced,2578.5,0.08874,ink,traced
178956,162474,271.6603,1881.5,0.44297,ink,traced,2578.5,0.08874,ink,traced
178957,162475,271.6619,1881.5,0.44297,ink,traced,2578.0,0.08979,ink,traced
178958,162476,271.6635,1881.5,0.44297,ink,traced,2578.0,0.08979,ink,traced
178959,162477,271.6651,1882.0,0.44403,ink,traced,2578.0,0.08979,ink,traced
178960,162478,271.6667,1882.5,0.4451,ink,traced,2578.5,0.08874,ink,traced
178961,162479,271.6682,1882.5,0.4451,ink,traced,2579.0,0.0877,ink,traced
178962,162480,271.6698,1883.0,0.44616,ink,traced,2578.5,0.08874,ink,traced
178963,162481,271.6714,1883.5,0.44722,ink,traced,2574.0,0.09814,ink,traced
178964,162482,271.673,1883.5,0.44722,ink,traced,2578.5,0.08874,ink,traced
178965,162483,271.6746,1883.5,0.44722,ink,traced,2578.5,0.08874,ink,traced
178966,162484,271.6762,1884.5,0.44934,ink,traced,2578.5,0.08874,ink,traced
178967,162485,271.6778,1884.5,0.44934,ink,traced,2578.5,0.08874,ink,traced
178968,162486,271.6794,1884.5,0.44934,ink,traced,2578.5,0.08874,ink,traced
178969,162487,271.681,1884.0,0.44828,ink,traced,2578.5,0.08874,ink,traced
178970,162488,271.6826,1884.5,0.44934,ink,traced,2578.0,0.08979,ink,traced
178971,162489,271.6841,1885.0,0.4504,ink,traced,2578.0,0.08979,ink,traced
178972,162490,271.6857,1884.5,0.44934,ink,traced,2577.0,0.09187,ink,traced
178973,162491,271.6873,1884.5,0.44934,ink,traced,2577.0,0.09187,ink,traced
178974,162492,271.6889,1885.0,0.4504,ink,traced,2576.5,0.09292,ink,traced
178975,162493,271.6905,1885.0,0.4504,ink,traced,2575.5,0.09501,ink,traced
178976,162494,271.6921,1885.0,0.4504,ink,traced,2574.5,0.0971,ink,traced
178977,162495,271.6937,1885.5,0.45146,ink,traced,2572.5,0.10127,ink,traced
178978,162496,271.6953,1886.0,0.45252,ink,traced,2571.0,0.10441,ink,traced
178979,162497,271.6969,1886.5,0.45358,ink,traced,2569.5,0.10754,ink,traced
178980,162498,271.6984,1886.5,0.45358,ink,traced,2567.0,0.11276,ink,traced
178981,162499,271.7,1887.0,0.45464,ink,traced,2564.5,0.11798,ink,traced
178982,162500,271.7016,1887.5,0.4557,ink,traced,2563.5,0.12007,ink,traced
178983,162501,271.7032,1887.5,0.4557,ink,traced,2561.5,0.12425,ink,traced
178984,162502,271.7048,1887.5,0.4557,ink,traced,2560.5,0.12634,ink,traced
178985,162503,271.7064,1887.5,0.4557,ink,traced,2559.0,0.12947,ink,traced
178986,162504,271.708,1888.0,0.45676,ink,traced,2558.0,0.13156,ink,traced
178987,162505,271.7096,1888.0,0.45676,ink,traced,2556.0,0.13573,ink,traced
178988,162506,271.7112,1889.0,0.45888,ink,traced,2554.5,0.13887,ink,traced
178989,162507,271.7127,1888.5,0.45782,ink,traced,2553.5,0.14096,ink,traced
178990,162508,271.7143,1888.5,0.45782,ink,traced,2553.0,0.142,ink,traced
178991,162509,271.7159,1889.0,0.45888,ink,traced,2551.5,0.14513,ink,traced
178992,162510,271.7175,1886.5,0.45358,ink,traced,2549.5,0.14931,ink,traced
178993,162511,271.7191,1889.0,0.45888,ink,traced,2549.5,0.14931,ink,traced
178994,162512,271.7207,1889.0,0.45888,ink,traced,2546.5,0.15558,ink,traced
178995,162513,271.7223,1890.5,0.46207,ink,traced,2545.0,0.15871,ink,traced
178996,162514,271.7239,1890.0,0.46101,ink,traced,2543.5,0.16184,ink,traced
178997,162515,271.7255,1889.0,0.45888,ink,traced,2542.0,0.16497,ink,traced
178998,162516,271.727,1889.5,0.45994,ink,traced,2540.0,0.16915,ink,traced
178999,162517,271.7286,1890.0,0.46101,ink,traced,2539.0,0.17124,ink,traced
