y_px,tick,seconds,bass_x,bass_value,bass_flag,bass_source,treble_x,treble_value,treble_flag,treble_source
147000,130518,220.3354,1944.5,0.57803,ink,traced,2322.5,0.62348,ink,traced
147001,130519,220.337,1943.5,0.57593,ink,traced,2323.5,0.62136,ink,traced
147002,130520,220.3386,1944.5,0.57803,ink,traced,2322.5,0.62348,ink,traced
147003,130521,220.3403,1945.0,0.57908,ink,traced,2322.5,0.62348,ink,traced
147004,130522,220.3419,1945.0,0.57908,ink,traced,2323.0,0.62242,ink,traced
147005,130523,220.3435,1944.5,0.57803,ink,traced,2322.5,0.62348,ink,traced
147006,130524,220.3451,1944.5,0.57803,ink,traced,2323.0,0.62242,ink,traced
147007,130525,220.3467,1944.5,0.57803,ink,traced,2322.5,0.62348,ink,traced
147008,130526,220.3484,1944.0,0.57698,ink,traced,2322.0,0.62455,ink,traced
147009,130527,220.35,1944.5,0.57803,ink,traced,2322.5,0.62348,ink,traced
147010,130528,220.3516,1943.5,0.57593,ink,traced,2323.5,0.62136,ink,traced
147011,130529,220.3532,1943.5,0.57593,ink,traced,2322.0,0.62455,ink,traced
147012,130530,220.3549,1944.0,0.57698,ink,traced,2322.0,0.62455,ink,traced
147013,130531,220.3565,1943.0,0.57488,ink,traced,2321.5,0.62561,ink,traced
147014,130532,220.3581,1943.5,0.57593,ink,traced,2323.0,0.62242,ink,traced
147015,130533,220.3597,1943.0,0.57488,ink,traced,2322.0,0.62455,ink,traced
147016,130534,220.3613,1942.5,0.57383,ink,traced,2323.0,0.62242,ink,traced
147017,130535,220.363,1944.0,0.57698,ink,traced,2323.0,0.62242,ink,traced
147018,130536,220.3646,1944.0,0.57698,ink,traced,2320.0,0.6288,ink,traced
147019,130537,220.3662,1944.0,0.57698,ink,traced,2323.0,0.62242,ink,traced
147020,130538,220.3678,1944.5,0.57803,ink,traced,2324.0,0.62029,ink,traced
147021,130539,220.3694,1944.0,0.57698,ink,traced,2323.0,0.62242,ink,traced
147022,130540,220.3711,1944.0,0.57698,ink,traced,2323.0,0.62242,ink,traced
147023,130541,220.3727,1944.0,0.57698,ink,traced,2323.5,0.62136,ink,traced
147024,130542,220.3743,1943.5,0.57593,ink,traced,2324.0,0.62029,ink,traced
147025,130543,220.3759,1943.0,0.57488,ink,traced,2323.5,0.62136,ink,traced
147026,130544,220.3775,1944.0,0.57698,ink,traced,2323.0,0.62242,ink,traced
147027,130545,220.3792,1944.0,0.57698,ink,traced,2323.0,0.62242,ink,traced
147028,130546,220.3808,1943.5,0.57593,ink,traced,2323.5,0.62136,ink,traced
147029,130547,220.3824,1944.0,0.57698,ink,traced,2322.0,0.62455,ink,traced
147030,130548,220.384,1945.0,0.57908,ink,traced,2322.5,0.62348,ink,traced
147031,130549,220.3857,1944.5,0.57803,ink,traced,2322.0,0.62455,ink,traced
147032,130550,220.3873,1944.0,0.57698,ink,traced,2322.5,0.62348,ink,traced
147033,130551,220.3889,1944.0,0.57698,ink,traced,2323.0,0.62242,ink,traced
147034,130552,220.3905,1943.5,0.57593,ink,traced,2322.0,0.62455,ink,traced
147035,130553,220.3921,1943.0,0.57488,ink,traced,2323.0,0.62242,ink,traced
147036,130554,220.3938,1945.0,0.57908,ink,traced,2323.5,0.62136,ink,traced
147037,130555,220.3954,1944.0,0.57698,ink,traced,2323.5,0.62136,ink,traced
147038,130556,220.397,1944.0,0.57698,ink,traced,2323.5,0.62136,ink,traced
147039,130557,220.3986,1944.0,0.57698,ink,traced,2323.0,0.62242,ink,traced
147040,130558,220.4002,1943.5,0.57593,ink,traced,2323.5,0.62136,ink,traced
147041,130559,220.4019,1942.5,0.57383,ink,traced,2323.5,0.62136,ink,traced
147042,130560,220.4035,1944.0,0.57698,ink,traced,2323.0,0.62242,ink,traced
147043,130561,220.4051,1944.5,0.57803,ink,traced,2323.0,0.62242,ink,traced
147044,130562,220.4067,1944.0,0.57698,ink,traced,2323.0,0.62242,ink,traced
147045,130563,220.4083,1944.5,0.57803,ink,traced,2323.0,0.62242,ink,traced
147046,130564,220.41,1944.0,0.57698,ink,traced,2323.0,0.62242,ink,traced
147047,130565,220.4116,1944.0,0.57698,ink,traced,2323.5,0.62136,ink,traced
147048,130566,220.4132,1945.0,0.57908,ink,traced,2323.0,0.62242,ink,traced
147049,130567,220.4148,1942.5,0.57383,ink,traced,2323.5,0.62136,ink,traced
147050,130568,220.4164,1942.5,0.57383,ink,traced,2323.0,0.62242,ink,traced
147051,130569,220.4181,1942.5,0.57383,ink,traced,2323.0,0.62242,ink,traced
147052,130570,220.4197,1942.0,0.57278,ink,traced,2323.0,0.62242,ink,traced
147053,130571,220.4213,1945.0,0.57908,ink,traced,2323.0,0.62242,ink,traced
147054,130572,220.4229,1944.5,0.57803,ink,traced,2323.5,0.62136,ink,traced
147055,130573,220.4246,1943.5,0.57593,ink,traced,2322.5,0.62348,ink,traced
147056,130574,220.4262,1943.5,0.57593,ink,traced,2323.0,0.62242,ink,traced
147057,130575,220.4278,1943.5,0.57593,ink,traced,2323.0,0.62242,ink,traced
147058,130576,220.4294,1944.5,0.57803,ink,traced,2323.0,0.62242,ink,traced
147059,130577,220.431,1945.0,0.57908,ink,traced,2322.5,0.62348,ink,traced
147060,130578,220.4327,1945.0,0.57908,ink,traced,2322.5,0.62348,ink,traced
147061,130579,220.4343,1944.0,0.57698,ink,traced,2322.5,0.62348,ink,traced
147062,130580,220.4359,1944.5,0.57803,ink,traced,2323.0,0.62242,ink,traced
147063,130581,220.4375,1944.0,0.57698,ink,traced,2322.0,0.62455,ink,traced
147064,130582,220.4391,1944.5,0.57803,ink,traced,2322.0,0.62455,ink,traced
147065,130583,220.4408,1943.5,0.57593,ink,traced,2322.0,0.62455,ink,traced
147066,130584,220.4424,1943.5,0.57593,ink,traced,2322.0,0.62455,ink,traced
147067,130585,220.444,1943.0,0.57488,ink,traced,2322.5,0.62348,ink,traced
147068,130586,220.4456,1943.0,0.57488,ink,traced,2322.5,0.62348,ink,traced
147069,130587,220.4472,1942.5,0.57383,ink,traced,2322.0,0.62455,ink,traced
147070,130588,220.4489,1942.5,0.57383,ink,traced,2320.5,0.62774,ink,traced
147071,130589,220.4505,1944.5,0.57803,ink,traced,2319.0,0.63093,ink,traced
147072,130590,220.4521,1943.0,0.57488,ink,traced,2318.0,0.63306,ink,traced
147073,130591,220.4537,1944.5,0.57803,ink,traced,2315.0,0.63945,ink,traced
147074,130592,220.4554,1944.5,0.57803,ink,traced,2313.5,0.64264,ink,traced
147075,130593,220.457,1944.5,0.57803,ink,traced,2311.0,0.64796,ink,traced
147076,130594,220.4586,1944.0,0.57698,ink,traced,2309.5,0.65115,ink,traced
147077,130595,220.4602,1944.0,0.57698,ink,traced,2307.0,0.65647,ink,traced
147078,130596,220.4618,1944.0,0.57698,ink,traced,2304.5,0.66179,ink,traced
147079,130597,220.4635,1943.5,0.57593,ink,traced,2303.5,0.66392,ink,traced
147080,130598,220.4651,1944.0,0.57698,ink,traced,2300.0,0.67137,ink,traced
147081,130599,220.4667,1944.0,0.57698,ink,traced,2299.5,0.67243,ink,traced
147082,130600,220.4683,1943.5,0.57593,ink,traced,2296.5,0.67882,ink,traced
147083,130601,220.4699,1944.5,0.57803,ink,traced,2295.5,0.68095,ink,traced
147084,130602,220.4716,1944.5,0.57803,ink,traced,2293.5,0.6852,ink,traced
147085,130603,220.4732,1944.0,0.57698,ink,traced,2291.5,0.68946,ink,traced
147086,130604,220.4748,1944.0,0.57698,ink,traced,2287.5,0.69797,ink,traced
147087,130605,220.4764,1943.5,0.57593,ink,traced,2286.0,0.70117,ink,traced
147088,130606,220.478,1943.5,0.57593,ink,traced,2286.0,0.70117,ink,traced
147089,130607,220.4797,1942.5,0.57383,ink,traced,2285.5,0.70223,ink,traced
147090,130608,220.4813,1944.5,0.57803,ink,traced,2284.0,0.70542,ink,traced
147091,130609,220.4829,1944.0,0.57698,ink,traced,2280.5,0.71287,ink,traced
147092,130610,220.4845,1944.5,0.57803,ink,traced,2281.5,0.71074,ink,traced
147093,130611,220.4861,1945.0,0.57908,ink,traced,2279.0,0.71606,ink,traced
147094,130612,220.4878,1943.5,0.57593,ink,traced,2279.0,0.71606,ink,traced
147095,130613,220.4894,1944.5,0.57803,ink,traced,2276.5,0.72138,ink,traced
147096,130614,220.491,1944.5,0.57803,ink,traced,2273.5,0.72777,ink,traced
147097,130615,220.4926,1944.0,0.57698,ink,traced,2272.5,0.7299,ink,traced
147098,130616,220.4943,1944.0,0.57698,ink,traced,2269.0,0.73735,ink,traced
147099,130617,220.4959,1943.5,0.57593,ink,traced,2269.0,0.73735,ink,traced
147100,130618,220.4975,1944.0,0.57698,ink,traced,2268.0,0.73947,ink,traced
147101,130619,220.4991,1943.5,0.57593,ink,traced,2265.5,0.7448,ink,traced
147102,130620,220.5007,1944.5,0.57803,ink,traced,2264.0,0.74799,ink,traced
147103,130621,220.5024,1944.0,0.57698,ink,traced,2262.0,0.75224,ink,traced
147104,130622,220.504,1944.0,0.57698,ink,traced,2260.5,0.75544,ink,traced
147105,130623,220.5056,1944.5,0.57803,ink,traced,2259.5,0.75756,ink,traced
147106,130624,220.5072,1943.5,0.57593,ink,traced,2259.0,0.75863,ink,traced
147107,130625,220.5088,1944.0,0.57698,ink,traced,2259.0,0.75863,ink,traced
147108,130626,220.5105,1944.5,0.57803,ink,traced,2255.5,0.76608,ink,traced
147109,130627,220.5121,1944.5,0.57803,ink,traced,2253.5,0.77033,ink,traced
147110,130628,220.5137,1944.0,0.57698,ink,traced,2253.0,0.7714,ink,traced
147111,130629,220.5153,1944.0,0.57698,ink,traced,2249.0,0.77991,ink,traced
147112,130630,220.5169,1944.0,0.57698,ink,traced,2244.5,0.78949,ink,traced
147113,130631,220.5186,1944.0,0.57698,ink,traced,2245.5,0.78736,ink,traced
147114,130632,220.5202,1944.0,0.57698,ink,traced,2243.0,0.79268,ink,traced
147115,130633,220.5218,1944.0,0.57698,ink,traced,2242.5,0.79375,ink,traced
147116,130634,220.5234,1944.0,0.57698,ink,traced,2241.5,0.79587,ink,traced
147117,130635,220.5251,1944.5,0.57803,ink,traced,2238.5,0.80226,ink,traced
147118,130636,220.5267,1944.5,0.57803,ink,traced,2238.5,0.80226,ink,traced
147119,130637,220.5283,1944.0,0.57698,ink,traced,2238.0,0.80332,ink,traced
147120,130638,220.5299,1944.0,0.57698,ink,traced,2235.5,0.80864,ink,traced
147121,130639,220.5315,1944.5,0.57803,ink,traced,2234.5,0.81077,ink,traced
147122,130640,220.5332,1944.5,0.57803,ink,traced,2233.0,0.81396,ink,traced
147123,130641,220.5348,1944.0,0.57698,ink,traced,2231.5,0.81716,ink,traced
147124,130642,220.5364,1944.0,0.57698,ink,traced,2227.0,0.82673,ink,traced
147125,130643,220.538,1944.0,0.57698,ink,traced,2227.0,0.82673,ink,traced
147126,130644,220.5396,1944.5,0.57803,ink,traced,2226.0,0.82886,ink,traced
147127,130645,220.5413,1944.5,0.57803,ink,traced,2225.0,0.83099,ink,traced
147128,130646,220.5429,1944.5,0.57803,ink,traced,2219.0,0.84376,ink,traced
147129,130647,220.5445,1944.0,0.57698,ink,traced,2220.0,0.84163,ink,traced
147130,130648,220.5461,1944.0,0.57698,ink,traced,2218.5,0.84482,ink,traced
147131,130649,220.5477,1944.0,0.57698,ink,traced,2217.0,0.84802,ink,traced
147132,130650,220.5494,1944.5,0.57803,ink,traced,2215.0,0.85227,ink,traced
147133,130651,220.551,1946.0,0.58118,ink,traced,2215.5,0.85121,ink,traced
147134,130652,220.5526,1948.5,0.58642,ink,traced,2215.0,0.85227,ink,traced
147135,130653,220.5542,1950.5,0.59062,ink,traced,2212.5,0.85759,ink,traced
147136,130654,220.5559,1956.0,0.60216,ink,traced,2211.0,0.86079,ink,traced
147137,130655,220.5575,1956.5,0.60321,ink,traced,2207.0,0.8693,ink,traced
147138,130656,220.5591,1958.0,0.60636,ink,traced,2205.0,0.87356,ink,traced
147139,130657,220.5607,1961.0,0.61265,ink,traced,2206.5,0.87036,ink,traced
147140,130658,220.5623,1963.0,0.61685,ink,traced,2205.0,0.87356,ink,traced
147141,130659,220.564,1964.5,0.62,ink,traced,2202.5,0.87888,ink,traced
147142,130660,220.5656,1968.5,0.62839,ink,traced,2202.0,0.87994,ink,traced
147143,130661,220.5672,1968.0,0.62734,ink,traced,2200.0,0.8842,ink,traced
147144,130662,220.5688,1970.0,0.63154,ink,traced,2199.5,0.88526,ink,traced
147145,130663,220.5704,1972.5,0.63679,ink,traced,2199.5,0.88526,ink,traced
147146,130664,220.5721,1973.5,0.63888,ink,traced,2195.5,0.89377,ink,traced
147147,130665,220.5737,1975.5,0.64308,ink,traced,2197.0,0.89058,ink,traced
147148,130666,220.5753,1977.0,0.64623,ink,traced,2194.5,0.8959,ink,traced
147149,130667,220.5769,1979.5,0.65148,ink,traced,2195.0,0.89484,ink,traced
147150,130668,220.5785,1980.5,0.65357,ink,traced,2195.0,0.89484,ink,traced
147151,130669,220.5802,1983.0,0.65882,ink,traced,2194.0,0.89697,ink,traced
147152,130670,220.5818,1983.0,0.65882,ink,traced,2192.5,0.90016,ink,traced
147153,130671,220.5834,1987.0,0.66721,ink,traced,2191.0,0.90335,ink,traced
147154,130672,220.585,1989.0,0.67141,ink,traced,2189.0,0.90761,ink,traced
147155,130673,220.5866,1992.0,0.67771,ink,traced,2188.0,0.90974,ink,traced
147156,130674,220.5883,1992.5,0.67875,ink,traced,2186.0,0.91399,ink,traced
147157,130675,220.5899,1993.5,0.68085,ink,traced,2184.0,0.91825,ink,traced
147158,130676,220.5915,1996.0,0.6861,ink,traced,2185.0,0.91612,ink,traced
147159,130677,220.5931,1996.0,0.6861,ink,traced,2185.0,0.91612,ink,traced
147160,130678,220.5948,1998.5,0.69135,ink,traced,2182.5,0.92144,ink,traced
147161,130679,220.5964,1999.0,0.69239,ink,traced,2183.0,0.92038,ink,traced
147162,130680,220.598,2002.0,0.69869,ink,traced,2182.5,0.92144,ink,traced
147163,130681,220.5996,2005.0,0.70499,ink,traced,2182.0,0.92251,ink,traced
147164,130682,220.6012,2007.0,0.70918,ink,traced,2182.5,0.92144,ink,traced
147165,130683,220.6029,2008.0,0.71128,ink,traced,2182.0,0.92251,ink,traced
147166,130684,220.6045,2010.0,0.71548,ink,traced,2179.0,0.92889,ink,traced
147167,130685,220.6061,2010.0,0.71548,ink,traced,2177.5,0.93208,ink,traced
147168,130686,220.6077,2011.0,0.71758,ink,traced,2178.5,0.92995,ink,traced
147169,130687,220.6093,2014.0,0.72387,ink,traced,2177.5,0.93208,ink,traced
147170,130688,220.611,2015.0,0.72597,ink,traced,2177.0,0.93315,ink,traced
147171,130689,220.6126,2018.0,0.73226,ink,traced,2176.0,0.93528,ink,traced
147172,130690,220.6142,2018.0,0.73226,ink,traced,2175.5,0.93634,ink,traced
147173,130691,220.6158,2021.0,0.73856,ink,traced,2175.5,0.93634,ink,traced
147174,130692,220.6174,2022.0,0.74066,ink,traced,2175.0,0.9374,ink,traced
147175,130693,220.6191,2022.5,0.74171,ink,traced,2176.0,0.93528,ink,traced
147176,130694,220.6207,2023.0,0.74276,ink,traced,2172.5,0.94272,ink,traced
147177,130695,220.6223,2024.5,0.7459,ink,traced,2172.0,0.94379,ink,traced
147178,130696,220.6239,2028.0,0.75325,ink,traced,2171.5,0.94485,ink,traced
147179,130697,220.6256,2030.0,0.75745,ink,traced,2171.5,0.94485,ink,traced
147180,130698,220.6272,2030.0,0.75745,ink,traced,2171.0,0.94592,ink,traced
147181,130699,220.6288,2032.5,0.76269,ink,traced,2171.0,0.94592,ink,traced
147182,130700,220.6304,2032.0,0.76164,ink,traced,2171.0,0.94592,ink,traced
147183,130701,220.632,2033.5,0.76479,ink,traced,2170.5,0.94698,ink,traced
147184,130702,220.6337,2035.5,0.76899,ink,traced,2170.5,0.94698,ink,traced
147185,130703,220.6353,2036.0,0.77004,ink,traced,2170.5,0.94698,ink,traced
147186,130704,220.6369,2037.0,0.77214,ink,traced,2170.5,0.94698,ink,traced
147187,130705,220.6385,2039.5,0.77738,ink,traced,2170.5,0.94698,ink,traced
147188,130706,220.6401,2040.0,0.77843,ink,traced,2170.5,0.94698,ink,traced
147189,130707,220.6418,2040.5,0.77948,ink,traced,2170.5,0.94698,ink,traced
147190,130708,220.6434,2041.5,0.78158,ink,traced,2170.5,0.94698,ink,traced
147191,130709,220.645,2042.0,0.78263,ink,traced,2170.0,0.94804,ink,traced
147192,130710,220.6466,2044.5,0.78787,ink,traced,2170.5,0.94698,ink,traced
147193,130711,220.6482,2046.5,0.79207,ink,traced,2170.5,0.94698,ink,traced
147194,130712,220.6499,2049.0,0.79732,ink,traced,2170.5,0.94698,ink,traced
147195,130713,220.6515,2049.5,0.79837,ink,traced,2170.5,0.94698,ink,traced
147196,130714,220.6531,2050.0,0.79941,ink,traced,2170.5,0.94698,ink,traced
147197,130715,220.6547,2050.5,0.80046,ink,traced,2170.5,0.94698,ink,traced
147198,130716,220.6563,2052.0,0.80361,ink,traced,2170.5,0.94698,ink,traced
147199,130717,220.658,2052.0,0.80361,ink,traced,2170.5,0.94698,ink,traced
147200,130718,220.6596,2052.5,0.80466,ink,traced,2170.5,0.94698,ink,traced
147201,130719,220.6612,2054.0,0.80781,ink,traced,2170.5,0.94698,ink,traced
147202,130720,220.6628,2054.0,0.80781,ink,traced,2170.5,0.94698,ink,traced
147203,130721,220.6645,2055.0,0.80991,ink,traced,2170.5,0.94698,ink,traced
147204,130722,220.6661,2056.0,0.81201,ink,traced,2176.0,0.93528,ink,traced
147205,130723,220.6677,2056.5,0.81305,ink,traced,2178.0,0.93102,ink,traced
147206,130724,220.6693,2057.5,0.81515,ink,traced,2181.0,0.92463,ink,traced
147207,130725,220.6709,2058.0,0.8162,ink,traced,2182.0,0.92251,ink,traced
147208,130726,220.6726,2058.5,0.81725,ink,traced,2187.5,0.9108,ink,traced
147209,130727,220.6742,2058.5,0.81725,ink,traced,2194.0,0.89697,ink,traced
147210,130728,220.6758,2058.0,0.8162,ink,traced,2206.0,0.87143,ink,traced
147211,130729,220.6774,2057.5,0.81515,ink,traced,2212.0,0.85866,ink,traced
147212,130730,220.679,2047.0,0.79312,ink,traced,2216.0,0.85014,ink,traced
147213,130731,220.6807,2041.5,0.78158,ink,traced,2217.0,0.84802,ink,traced
147214,130732,220.6823,2038.5,0.77528,ink,traced,2235.0,0.80971,ink,traced
147215,130733,220.6839,2034.0,0.76584,ink,traced,2247.0,0.78417,ink,traced
147216,130734,220.6855,2026.0,0.74905,ink,traced,2262.0,0.75224,ink,traced
147217,130735,220.6871,2024.0,0.74486,ink,traced,2272.0,0.73096,ink,traced
147218,130736,220.6888,2011.5,0.71862,ink,traced,2286.0,0.70117,ink,traced
147219,130737,220.6904,2005.0,0.70499,ink,traced,2295.5,0.68095,ink,traced
147220,130738,220.692,1999.5,0.69344,ink,traced,2305.0,0.66073,ink,traced
147221,130739,220.6936,1992.0,0.67771,ink,traced,2326.0,0.61603,ink,traced
147222,130740,220.6953,1986.5,0.66616,ink,traced,2326.0,0.61603,ink,traced
147223,130741,220.6969,1970.0,0.63154,ink,traced,2326.0,0.61603,ink,traced
147224,130742,220.6985,1968.0,0.62734,ink,traced,2326.0,0.61603,ink,traced
147225,130743,220.7001,1946.5,0.58223,ink,traced,2326.0,0.61603,ink,traced
147226,130744,220.7017,1942.0,0.57278,ink,traced,2324.0,0.62029,ink,traced
147227,130745,220.7034,1941.0,0.57069,ink,traced,2326.5,0.61497,ink,traced
147228,130746,220.705,1943.5,0.57593,ink,traced,2321.5,0.62561,ink,traced
147229,130747,220.7066,1943.5,0.57593,ink,traced,2317.0,0.63519,ink,traced
147230,130748,220.7082,1945.0,0.57908,ink,traced,2316.0,0.63732,ink,traced
147231,130749,220.7098,1946.0,0.58118,ink,traced,2316.0,0.63732,ink,traced
147232,130750,220.7115,1949.5,0.58852,ink,traced,2316.5,0.63625,ink,traced
147233,130751,220.7131,1951.5,0.59272,ink,traced,2317.0,0.63519,ink,traced
147234,130752,220.7147,1952.5,0.59482,ink,traced,2316.0,0.63732,ink,traced
147235,130753,220.7163,1953.5,0.59692,ink,traced,2317.0,0.63519,ink,traced
147236,130754,220.7179,1954.0,0.59797,ink,traced,2318.0,0.63306,ink,traced
147237,130755,220.7196,1953.0,0.59587,ink,traced,2315.5,0.63838,ink,traced
147238,130756,220.7212,1949.0,0.58747,ink,traced,2318.0,0.63306,ink,traced
147239,130757,220.7228,1947.5,0.58433,ink,traced,2318.5,0.632,ink,traced
147240,130758,220.7244,1947.5,0.58433,ink,traced,2318.5,0.632,ink,traced
147241,130759,220.726,1946.0,0.58118,ink,traced,2318.0,0.63306,ink,traced
147242,130760,220.7277,1945.0,0.57908,ink,traced,2319.5,0.62987,ink,traced
147243,130761,220.7293,1945.0,0.57908,ink,traced,2319.5,0.62987,ink,traced
147244,130762,220.7309,1944.0,0.57698,ink,traced,2319.0,0.63093,ink,traced
147245,130763,220.7325,1944.5,0.57803,ink,traced,2319.5,0.62987,ink,traced
147246,130764,220.7342,1945.0,0.57908,ink,traced,2320.0,0.6288,ink,traced
147247,130765,220.7358,1945.5,0.58013,ink,traced,2317.0,0.63519,ink,traced
147248,130766,220.7374,1945.0,0.57908,ink,traced,2321.0,0.62668,ink,traced
147249,130767,220.739,1945.5,0.58013,ink,traced,2320.0,0.6288,ink,traced
147250,130768,220.7406,1945.5,0.58013,ink,traced,2321.0,0.62668,ink,traced
147251,130769,220.7423,1945.5,0.58012,ink,traced,2321.0,0.62668,ink,traced
147252,130770,220.7439,1945.5,0.58012,ink,traced,2321.0,0.62668,ink,traced
147253,130771,220.7455,1946.0,0.58117,ink,traced,2322.0,0.62456,ink,traced
147254,130772,220.7471,1945.5,0.58011,ink,traced,2322.5,0.6235,ink,traced
147255,130773,220.7487,1945.5,0.58011,ink,traced,2322.5,0.6235,ink,traced
147256,130774,220.7504,1944.5,0.57801,ink,traced,2322.5,0.62351,ink,traced
147257,130775,220.752,1944.5,0.578,ink,traced,2321.0,0.6267,ink,traced
147258,130776,220.7536,1944.5,0.578,ink,traced,2322.5,0.62352,ink,traced
147259,130777,220.7552,1944.5,0.57799,ink,traced,2323.0,0.62246,ink,traced
147260,130778,220.7568,1944.5,0.57799,ink,traced,2323.0,0.62246,ink,traced
147261,130779,220.7585,1944.0,0.57694,ink,traced,2322.5,0.62353,ink,traced
147262,130780,220.7601,1944.5,0.57798,ink,traced,2322.5,0.62353,ink,traced
147263,130781,220.7617,1944.0,0.57693,ink,traced,2323.5,0.62141,ink,traced
147264,130782,220.7633,1944.0,0.57692,ink,traced,2323.0,0.62248,ink,traced
147265,130783,220.765,1944.0,0.57692,ink,traced,2322.5,0.62354,ink,traced
147266,130784,220.7666,1944.0,0.57692,ink,traced,2322.5,0.62355,ink,traced
147267,130785,220.7682,1944.5,0.57796,ink,traced,2322.0,0.62462,ink,traced
147268,130786,220.7698,1945.0,0.57901,ink,traced,2322.5,0.62356,ink,traced
147269,130787,220.7714,1945.0,0.579,ink,traced,2322.5,0.62356,ink,traced
147270,130788,220.7731,1945.0,0.579,ink,traced,2319.5,0.62995,ink,traced
147271,130789,220.7747,1945.0,0.579,ink,traced,2323.0,0.6225,ink,traced
147272,130790,220.7763,1945.5,0.58004,ink,traced,2323.0,0.62251,ink,traced
147273,130791,220.7779,1945.0,0.57899,ink,traced,2323.5,0.62145,ink,traced
147274,130792,220.7795,1945.0,0.57898,ink,traced,2323.0,0.62252,ink,traced
147275,130793,220.7812,1945.5,0.58003,ink,traced,2323.0,0.62252,ink,traced
147276,130794,220.7828,1945.0,0.57898,ink,traced,2323.0,0.62252,ink,traced
147277,130795,220.7844,1945.0,0.57897,ink,traced,2322.5,0.62359,ink,traced
147278,130796,220.786,1944.5,0.57792,ink,traced,2322.5,0.6236,ink,traced
147279,130797,220.7876,1945.0,0.57896,ink,traced,2323.0,0.62254,ink,traced
147280,130798,220.7893,1945.0,0.57896,ink,traced,2323.0,0.62254,ink,traced
147281,130799,220.7909,1945.0,0.57896,ink,traced,2323.0,0.62255,ink,traced
147282,130800,220.7925,1945.0,0.57895,ink,traced,2323.0,0.62255,ink,traced
147283,130801,220.7941,1944.0,0.57685,ink,traced,2323.0,0.62255,ink,traced
147284,130802,220.7957,1944.5,0.57789,ink,traced,2321.0,0.62681,ink,traced
147285,130803,220.7974,1944.5,0.57789,ink,traced,2323.0,0.62256,ink,traced
147286,130804,220.799,1944.5,0.57789,ink,traced,2320.5,0.62789,ink,traced
147287,130805,220.8006,1944.5,0.57788,ink,traced,2322.5,0.62363,ink,traced
147288,130806,220.8022,1944.5,0.57788,ink,traced,2322.0,0.6247,ink,traced
147289,130807,220.8039,1945.0,0.57892,ink,traced,2320.0,0.62896,ink,traced
147290,130808,220.8055,1945.0,0.57892,ink,traced,2320.0,0.62897,ink,traced
147291,130809,220.8071,1945.0,0.57892,ink,traced,2322.5,0.62365,ink,traced
147292,130810,220.8087,1945.0,0.57891,ink,traced,2321.0,0.62685,ink,traced
147293,130811,220.8103,1945.0,0.57891,ink,traced,2321.0,0.62685,ink,traced
147294,130812,220.812,1945.0,0.5789,ink,traced,2322.5,0.62366,ink,traced
147295,130813,220.8136,1945.5,0.57995,ink,traced,2323.5,0.62154,ink,traced
147296,130814,220.8152,1944.5,0.57785,ink,traced,2323.0,0.62261,ink,traced
147297,130815,220.8168,1944.5,0.57784,ink,traced,2323.0,0.62261,ink,traced
147298,130816,220.8184,1944.5,0.57784,ink,traced,2323.0,0.62261,ink,traced
147299,130817,220.8201,1945.0,0.57888,ink,traced,2323.0,0.62262,ink,traced
147300,130818,220.8217,1945.0,0.57888,ink,traced,2323.5,0.62156,ink,traced
147301,130819,220.8233,1945.0,0.57888,ink,traced,2323.5,0.62156,ink,traced
147302,130820,220.8249,1944.5,0.57782,ink,traced,2323.0,0.62263,ink,traced
147303,130821,220.8265,1945.0,0.57887,ink,traced,2321.0,0.62689,ink,traced
147304,130822,220.8282,1945.0,0.57886,ink,traced,2321.0,0.62689,ink,traced
147305,130823,220.8298,1944.5,0.57781,ink,traced,2322.5,0.62371,ink,traced
147306,130824,220.8314,1944.5,0.57781,ink,traced,2323.0,0.62265,ink,traced
147307,130825,220.833,1944.5,0.5778,ink,traced,2323.0,0.62265,ink,traced
147308,130826,220.8347,1944.5,0.5778,ink,traced,2322.5,0.62372,ink,traced
147309,130827,220.8363,1945.0,0.57884,ink,traced,2321.0,0.62692,ink,traced
147310,130828,220.8379,1945.0,0.57884,ink,traced,2321.0,0.62692,ink,traced
147311,130829,220.8395,1945.0,0.57884,ink,traced,2322.0,0.6248,ink,traced
147312,130830,220.8411,1945.0,0.57883,ink,traced,2322.5,0.62373,ink,traced
147313,130831,220.8428,1945.0,0.57883,ink,traced,2322.0,0.6248,ink,traced
147314,130832,220.8444,1945.0,0.57882,ink,traced,2322.5,0.62374,ink,traced
147315,130833,220.846,1945.0,0.57882,ink,traced,2323.0,0.62268,ink,traced
147316,130834,220.8476,1945.0,0.57882,ink,traced,2323.0,0.62269,ink,traced
147317,130835,220.8492,1945.0,0.57881,ink,traced,2322.5,0.62376,ink,traced
147318,130836,220.8509,1945.0,0.57881,ink,traced,2323.0,0.6227,ink,traced
147319,130837,220.8525,1945.0,0.5788,ink,traced,2321.0,0.62696,ink,traced
147320,130838,220.8541,1945.0,0.5788,ink,traced,2320.5,0.62802,ink,traced
147321,130839,220.8557,1945.0,0.5788,ink,traced,2320.5,0.62803,ink,traced
147322,130840,220.8573,1945.0,0.57879,ink,traced,2323.5,0.62165,ink,traced
147323,130841,220.859,1945.0,0.57879,ink,traced,2321.5,0.62591,ink,traced
147324,130842,220.8606,1944.5,0.57773,ink,traced,2321.5,0.62591,ink,traced
147325,130843,220.8622,1945.0,0.57878,ink,traced,2323.0,0.62272,ink,traced
147326,130844,220.8638,1945.0,0.57878,ink,traced,2320.5,0.62805,ink,traced
147327,130845,220.8654,1945.0,0.57877,ink,traced,2323.5,0.62167,ink,traced
147328,130846,220.8671,1945.0,0.57877,ink,traced,2323.0,0.62274,ink,traced
147329,130847,220.8687,1945.0,0.57876,ink,traced,2321.5,0.62593,ink,traced
147330,130848,220.8703,1945.0,0.57876,ink,traced,2321.0,0.627,ink,traced
147331,130849,220.8719,1945.0,0.57876,ink,traced,2321.0,0.627,ink,traced
147332,130850,220.8736,1944.5,0.5777,ink,traced,2322.0,0.62488,ink,traced
147333,130851,220.8752,1945.0,0.57875,ink,traced,2323.0,0.62276,ink,traced
147334,130852,220.8768,1944.5,0.57769,ink,traced,2323.0,0.62276,ink,traced
147335,130853,220.8784,1945.0,0.57874,ink,traced,2323.5,0.6217,ink,traced
147336,130854,220.88,1945.0,0.57874,ink,traced,2323.0,0.62277,ink,traced
147337,130855,220.8817,1945.5,0.57978,ink,traced,2323.0,0.62277,ink,traced
147338,130856,220.8833,1945.0,0.57873,ink,traced,2320.5,0.6281,ink,traced
147339,130857,220.8849,1944.5,0.57767,ink,traced,2321.0,0.62704,ink,traced
147340,130858,220.8865,1945.0,0.57872,ink,traced,2323.0,0.62278,ink,traced
147341,130859,220.8881,1945.5,0.57976,ink,traced,2323.0,0.62279,ink,traced
147342,130860,220.8898,1945.0,0.57871,ink,traced,2323.0,0.62279,ink,traced
147343,130861,220.8914,1945.0,0.57871,ink,traced,2323.5,0.62173,ink,traced
147344,130862,220.893,1945.0,0.5787,ink,traced,2323.5,0.62174,ink,traced
147345,130863,220.8946,1944.5,0.57765,ink,traced,2324.0,0.62068,ink,traced
147346,130864,220.8962,1944.5,0.57765,ink,traced,2323.5,0.62174,ink,traced
147347,130865,220.8979,1945.0,0.57869,ink,traced,2323.0,0.62281,ink,traced
147348,130866,220.8995,1945.0,0.57869,ink,traced,2323.0,0.62282,ink,traced
147349,130867,220.9011,1945.5,0.57973,ink,traced,2323.0,0.62282,ink,traced
147350,130868,220.9027,1945.0,0.57868,ink,traced,2323.0,0.62282,ink,traced
147351,130869,220.9044,1944.5,0.57763,ink,traced,2324.0,0.6207,ink,traced
147352,130870,220.906,1944.5,0.57762,ink,traced,2323.0,0.62283,ink,traced
147353,130871,220.9076,1945.0,0.57867,ink,traced,2324.0,0.62071,ink,traced
147354,130872,220.9092,1945.0,0.57866,ink,traced,2324.0,0.62071,ink,traced
147355,130873,220.9108,1944.5,0.57761,ink,traced,2323.0,0.62284,ink,traced
147356,130874,220.9125,1945.0,0.57866,ink,traced,2323.5,0.62178,ink,traced
147357,130875,220.9141,1945.0,0.57865,ink,traced,2323.5,0.62179,ink,traced
147358,130876,220.9157,1945.0,0.57865,ink,traced,2323.0,0.62286,ink,traced
147359,130877,220.9173,1945.0,0.57864,ink,traced,2323.0,0.62286,ink,traced
147360,130878,220.9189,1944.5,0.57759,ink,traced,2323.5,0.6218,ink,traced
147361,130879,220.9206,1945.5,0.57969,ink,traced,2323.5,0.62181,ink,traced
147362,130880,220.9222,1944.0,0.57653,ink,traced,2323.0,0.62287,ink,traced
147363,130881,220.9238,1945.0,0.57863,ink,traced,2323.5,0.62181,ink,traced
147364,130882,220.9254,1944.5,0.57757,ink,traced,2324.0,0.62075,ink,traced
147365,130883,220.927,1945.0,0.57862,ink,traced,2323.5,0.62182,ink,traced
147366,130884,220.9287,1944.5,0.57757,ink,traced,2323.5,0.62183,ink,traced
147367,130885,220.9303,1945.0,0.57861,ink,traced,2323.0,0.62289,ink,traced
147368,130886,220.9319,1945.0,0.57861,ink,traced,2323.5,0.62183,ink,traced
147369,130887,220.9335,1945.0,0.5786,ink,traced,2323.5,0.62184,ink,traced
147370,130888,220.9352,1944.5,0.57755,ink,traced,2322.5,0.62397,ink,traced
147371,130889,220.9368,1945.0,0.5786,ink,traced,2323.5,0.62185,ink,traced
147372,130890,220.9384,1945.5,0.57964,ink,traced,2322.5,0.62398,ink,traced
147373,130891,220.94,1945.5,0.57964,ink,traced,2320.5,0.62824,ink,traced
147374,130892,220.9416,1945.0,0.57858,ink,traced,2322.5,0.62399,ink,traced
147375,130893,220.9433,1946.0,0.58068,ink,traced,2323.5,0.62186,ink,traced
147376,130894,220.9449,1945.5,0.57963,ink,traced,2320.5,0.62825,ink,traced
147377,130895,220.9465,1944.5,0.57752,ink,traced,2324.0,0.62081,ink,traced
147378,130896,220.9481,1945.0,0.57857,ink,traced,2323.0,0.62294,ink,traced
147379,130897,220.9497,1945.0,0.57856,ink,traced,2323.0,0.62294,ink,traced
147380,130898,220.9514,1944.0,0.57646,ink,traced,2321.5,0.62614,ink,traced
147381,130899,220.953,1944.5,0.57751,ink,traced,2323.0,0.62295,ink,traced
147382,130900,220.9546,1945.0,0.57855,ink,traced,2321.5,0.62615,ink,traced
147383,130901,220.9562,1945.5,0.5796,ink,traced,2321.0,0.62721,ink,traced
147384,130902,220.9578,1946.0,0.58064,ink,traced,2321.5,0.62615,ink,traced
147385,130903,220.9595,1944.5,0.57749,ink,traced,2321.5,0.62616,ink,traced
147386,130904,220.9611,1944.5,0.57749,ink,traced,2321.0,0.62723,ink,traced
147387,130905,220.9627,1945.5,0.57958,ink,traced,2320.5,0.6283,ink,traced
147388,130906,220.9643,1944.5,0.57748,ink,traced,2322.5,0.62404,ink,traced
147389,130907,220.9659,1945.0,0.57852,ink,traced,2323.0,0.62298,ink,traced
147390,130908,220.9676,1945.5,0.57957,ink,traced,2320.5,0.62831,ink,traced
147391,130909,220.9692,1945.0,0.57852,ink,traced,2320.0,0.62938,ink,traced
147392,130910,220.9708,1945.5,0.57956,ink,traced,2324.0,0.62087,ink,traced
147393,130911,220.9724,1945.0,0.57851,ink,traced,2323.5,0.62193,ink,traced
147394,130912,220.9741,1945.0,0.5785,ink,traced,2323.0,0.623,ink,traced
147395,130913,220.9757,1945.0,0.5785,ink,traced,2323.0,0.62301,ink,traced
147396,130914,220.9773,1944.5,0.57745,ink,traced,2323.5,0.62195,ink,traced
147397,130915,220.9789,1945.5,0.57954,ink,traced,2323.5,0.62195,ink,traced
147398,130916,220.9805,1945.5,0.57954,ink,traced,2323.5,0.62196,ink,traced
147399,130917,220.9822,1945.0,0.57848,ink,traced,2323.5,0.62196,ink,traced
147400,130918,220.9838,1945.5,0.57953,ink,traced,2323.5,0.62196,ink,traced
147401,130919,220.9854,1945.5,0.57953,ink,traced,2324.0,0.6209,ink,traced
147402,130920,220.987,1946.0,0.58057,ink,traced,2323.5,0.62197,ink,traced
147403,130921,220.9886,1945.5,0.57952,ink,traced,2323.0,0.62304,ink,traced
147404,130922,220.9903,1945.5,0.57951,ink,traced,2323.5,0.62198,ink,traced
147405,130923,220.9919,1945.5,0.57951,ink,traced,2323.5,0.62198,ink,traced
147406,130924,220.9935,1945.5,0.57951,ink,traced,2323.5,0.62199,ink,traced
147407,130925,220.9951,1945.0,0.57845,ink,traced,2323.5,0.62199,ink,traced
147408,130926,220.9967,1945.0,0.57845,ink,traced,2323.0,0.62306,ink,traced
147409,130927,220.9984,1945.5,0.57949,ink,traced,2323.0,0.62306,ink,traced
147410,130928,221.0,1945.0,0.57844,ink,traced,2323.0,0.62307,ink,traced
147411,130929,221.0016,1944.5,0.57739,ink,traced,2323.0,0.62307,ink,traced
147412,130930,221.0032,1946.0,0.58053,ink,traced,2323.0,0.62308,ink,traced
147413,130931,221.0049,1944.5,0.57738,ink,traced,2323.0,0.62308,ink,traced
147414,130932,221.0065,1945.0,0.57842,ink,traced,2323.5,0.62202,ink,traced
147415,130933,221.0081,1945.0,0.57842,ink,traced,2323.5,0.62202,ink,traced
147416,130934,221.0097,1945.0,0.57842,ink,traced,2323.5,0.62203,ink,traced
147417,130935,221.0113,1945.5,0.57946,ink,traced,2323.0,0.6231,ink,traced
147418,130936,221.013,1945.0,0.57841,ink,traced,2324.0,0.62097,ink,traced
147419,130937,221.0146,1945.0,0.5784,ink,traced,2324.0,0.62098,ink,traced
147420,130938,221.0162,1947.5,0.58365,ink,traced,2323.5,0.62204,ink,traced
147421,130939,221.0178,1946.5,0.58154,ink,traced,2323.5,0.62205,ink,traced
147422,130940,221.0194,1946.5,0.58154,ink,traced,2323.5,0.62205,ink,traced
147423,130941,221.0211,1945.5,0.57944,ink,traced,2323.5,0.62206,ink,traced
147424,130942,221.0227,1947.5,0.58363,ink,traced,2323.0,0.62312,ink,traced
147425,130943,221.0243,1945.5,0.57943,ink,traced,2323.0,0.62313,ink,traced
147426,130944,221.0259,1947.5,0.58362,ink,traced,2323.0,0.62313,ink,traced
147427,130945,221.0275,1945.5,0.57942,ink,traced,2322.5,0.6242,ink,traced
147428,130946,221.0292,1945.5,0.57942,ink,traced,2321.5,0.62633,ink,traced
147429,130947,221.0308,1945.5,0.57941,ink,traced,2319.5,0.63059,ink,traced
147430,130948,221.0324,1945.5,0.57941,ink,traced,2318.0,0.63379,ink,traced
147431,130949,221.034,1945.0,0.57836,ink,traced,2316.0,0.63805,ink,traced
147432,130950,221.0356,1945.5,0.5794,ink,traced,2313.5,0.64338,ink,traced
147433,130951,221.0373,1945.0,0.57835,ink,traced,2312.0,0.64657,ink,traced
147434,130952,221.0389,1945.5,0.57939,ink,traced,2310.0,0.65083,ink,traced
147435,130953,221.0405,1945.5,0.57939,ink,traced,2308.0,0.65509,ink,traced
147436,130954,221.0421,1945.5,0.57939,ink,traced,2306.5,0.65829,ink,traced
147437,130955,221.0438,1945.0,0.57833,ink,traced,2300.0,0.67213,ink,traced
147438,130956,221.0454,1946.0,0.58043,ink,traced,2301.5,0.66894,ink,traced
147439,130957,221.047,1945.5,0.57937,ink,traced,2300.5,0.67107,ink,traced
147440,130958,221.0486,1945.0,0.57832,ink,traced,2297.5,0.67746,ink,traced
147441,130959,221.0502,1945.5,0.57937,ink,traced,2295.5,0.68172,ink,traced
147442,130960,221.0519,1945.0,0.57831,ink,traced,2292.5,0.68811,ink,traced
147443,130961,221.0535,1945.5,0.57936,ink,traced,2292.5,0.68811,ink,traced
147444,130962,221.0551,1945.5,0.57935,ink,traced,2291.5,0.69025,ink,traced
147445,130963,221.0567,1945.5,0.57935,ink,traced,2290.5,0.69238,ink,traced
147446,130964,221.0583,1945.5,0.57935,ink,traced,2286.5,0.7009,ink,traced
147447,130965,221.06,1945.0,0.57829,ink,traced,2285.0,0.70409,ink,traced
147448,130966,221.0616,1945.0,0.57829,ink,traced,2285.0,0.7041,ink,traced
147449,130967,221.0632,1945.5,0.57933,ink,traced,2283.5,0.70729,ink,traced
147450,130968,221.0648,1945.5,0.57933,ink,traced,2280.5,0.71368,ink,traced
147451,130969,221.0664,1945.5,0.57933,ink,traced,2276.5,0.7222,ink,traced
147452,130970,221.0681,1945.5,0.57932,ink,traced,2275.0,0.72539,ink,traced
147453,130971,221.0697,1945.5,0.57932,ink,traced,2274.0,0.72753,ink,traced
147454,130972,221.0713,1945.0,0.57826,ink,traced,2273.5,0.7286,ink,traced
147455,130973,221.0729,1945.0,0.57826,ink,traced,2272.0,0.73179,ink,traced
147456,130974,221.0746,1944.5,0.57721,ink,traced,2270.5,0.73499,ink,traced
147457,130975,221.0762,1945.0,0.57825,ink,traced,2267.0,0.74244,ink,traced
147458,130976,221.0778,1945.0,0.57825,ink,traced,2267.5,0.74138,ink,traced
147459,130977,221.0794,1946.5,0.58139,ink,traced,2264.0,0.74883,ink,traced
147460,130978,221.081,1945.5,0.57929,ink,traced,2262.0,0.75309,ink,traced
147461,130979,221.0827,1945.0,0.57824,ink,traced,2261.0,0.75523,ink,traced
147462,130980,221.0843,1945.5,0.57928,ink,traced,2258.0,0.76162,ink,traced
147463,130981,221.0859,1945.5,0.57928,ink,traced,2258.0,0.76162,ink,traced
147464,130982,221.0875,1946.0,0.58032,ink,traced,2254.0,0.77014,ink,traced
147465,130983,221.0891,1945.0,0.57822,ink,traced,2254.0,0.77014,ink,traced
147466,130984,221.0908,1945.0,0.57822,ink,traced,2249.5,0.77972,ink,traced
147467,130985,221.0924,1945.0,0.57821,ink,traced,2249.5,0.77973,ink,traced
147468,130986,221.094,1945.0,0.57821,ink,traced,2246.0,0.78718,ink,traced
147469,130987,221.0956,1945.5,0.57925,ink,traced,2246.5,0.78612,ink,traced
147470,130988,221.0972,1945.5,0.57925,ink,traced,2245.0,0.78932,ink,traced
147471,130989,221.0989,1945.5,0.57925,ink,traced,2243.0,0.79358,ink,traced
147472,130990,221.1005,1946.0,0.58029,ink,traced,2243.0,0.79358,ink,traced
147473,130991,221.1021,1946.0,0.58029,ink,traced,2240.5,0.79891,ink,traced
147474,130992,221.1037,1945.0,0.57818,ink,traced,2237.0,0.80636,ink,traced
147475,130993,221.1053,1945.0,0.57818,ink,traced,2236.5,0.80743,ink,traced
147476,130994,221.107,1946.0,0.58027,ink,traced,2235.0,0.81062,ink,traced
147477,130995,221.1086,1946.0,0.58027,ink,traced,2233.5,0.81382,ink,traced
147478,130996,221.1102,1945.5,0.57922,ink,traced,2233.0,0.81489,ink,traced
147479,130997,221.1118,1945.0,0.57816,ink,traced,2232.0,0.81702,ink,traced
147480,130998,221.1135,1945.0,0.57816,ink,traced,2230.5,0.82022,ink,traced
147481,130999,221.1151,1945.5,0.57921,ink,traced,2229.5,0.82235,ink,traced
147482,131000,221.1167,1946.0,0.58025,ink,traced,2228.0,0.82554,ink,traced
147483,131001,221.1183,1946.5,0.5813,ink,traced,2227.0,0.82768,ink,traced
147484,131002,221.1199,1947.5,0.58339,ink,traced,2226.0,0.82981,ink,traced
147485,131003,221.1216,1949.0,0.58653,ink,traced,2223.5,0.83513,ink,traced
147486,131004,221.1232,1950.0,0.58863,ink,traced,2222.0,0.83833,ink,traced
147487,131005,221.1248,1952.0,0.59282,ink,traced,2221.5,0.8394,ink,traced
147488,131006,221.1264,1954.0,0.59701,ink,traced,2220.5,0.84153,ink,traced
147489,131007,221.128,1956.0,0.60121,ink,traced,2218.5,0.84579,ink,traced
147490,131008,221.1297,1959.0,0.6075,ink,traced,2214.0,0.85537,ink,traced
147491,131009,221.1313,1960.0,0.60959,ink,traced,2214.0,0.85538,ink,traced
147492,131010,221.1329,1965.0,0.62008,ink,traced,2211.5,0.8607,ink,traced
147493,131011,221.1345,1966.0,0.62218,ink,traced,2211.5,0.86071,ink,traced
147494,131012,221.1361,1967.5,0.62532,ink,traced,2209.0,0.86603,ink,traced
147495,131013,221.1378,1969.0,0.62846,ink,traced,2208.5,0.8671,ink,traced
147496,131014,221.1394,1972.0,0.63475,ink,traced,2209.5,0.86497,ink,traced
147497,131015,221.141,1973.0,0.63685,ink,traced,2208.0,0.86817,ink,traced
147498,131016,221.1426,1974.0,0.63894,ink,traced,2205.0,0.87456,ink,traced
147499,131017,221.1443,1975.5,0.64209,ink,traced,2206.5,0.87137,ink,traced
147500,131018,221.1459,1975.5,0.64208,ink,traced,2206.0,0.87244,ink,traced
147501,131019,221.1475,1979.0,0.64942,ink,traced,2205.5,0.87351,ink,traced
147502,131020,221.1491,1980.0,0.65152,ink,traced,2203.5,0.87777,ink,traced
147503,131021,221.1507,1982.0,0.65571,ink,traced,2202.5,0.8799,ink,traced
147504,131022,221.1524,1984.5,0.66095,ink,traced,2200.5,0.88416,ink,traced
147505,131023,221.154,1986.0,0.6641,ink,traced,2200.5,0.88417,ink,traced
147506,131024,221.1556,1988.5,0.66934,ink,traced,2201.5,0.88204,ink,traced
147507,131025,221.1572,1990.0,0.67248,ink,traced,2195.5,0.89481,ink,traced
147508,131026,221.1588,1991.5,0.67563,ink,traced,2197.0,0.89163,ink,traced
147509,131027,221.1605,1994.5,0.68192,ink,traced,2195.0,0.89589,ink,traced
147510,131028,221.1621,1996.5,0.68611,ink,traced,2193.5,0.89908,ink,traced
147511,131029,221.1637,1999.0,0.69135,ink,traced,2194.5,0.89696,ink,traced
147512,131030,221.1653,2000.0,0.69345,ink,traced,2193.0,0.90016,ink,traced
147513,131031,221.1669,2003.0,0.69974,ink,traced,2192.5,0.90122,ink,traced
147514,131032,221.1686,2003.5,0.70078,ink,traced,2188.5,0.90974,ink,traced
147515,131033,221.1702,2006.0,0.70603,ink,traced,2189.0,0.90868,ink,traced
147516,131034,221.1718,2007.5,0.70917,ink,traced,2189.0,0.90869,ink,traced
147517,131035,221.1734,2009.5,0.71336,ink,traced,2188.0,0.91082,ink,traced
147518,131036,221.175,2011.0,0.71651,ink,traced,2186.5,0.91401,ink,traced
147519,131037,221.1767,2013.0,0.7207,ink,traced,2186.0,0.91508,ink,traced
147520,131038,221.1783,2014.5,0.72384,ink,traced,2184.5,0.91828,ink,traced
147521,131039,221.1799,2016.5,0.72803,ink,traced,2185.5,0.91615,ink,traced
147522,131040,221.1815,2017.0,0.72908,ink,traced,2183.0,0.92148,ink,traced
147523,131041,221.1832,2019.5,0.73432,ink,traced,2183.5,0.92042,ink,traced
147524,131042,221.1848,2021.5,0.73852,ink,traced,2178.0,0.93213,ink,traced
147525,131043,221.1864,2023.0,0.74166,ink,traced,2180.5,0.92681,ink,traced
147526,131044,221.188,2026.0,0.74795,ink,traced,2179.5,0.92894,ink,traced
147527,131045,221.1896,2026.0,0.74795,ink,traced,2179.5,0.92895,ink,traced
147528,131046,221.1913,2027.5,0.75109,ink,traced,2178.5,0.93108,ink,traced
147529,131047,221.1929,2029.5,0.75528,ink,traced,2178.0,0.93215,ink,traced
147530,131048,221.1945,2030.0,0.75633,ink,traced,2177.5,0.93322,ink,traced
147531,131049,221.1961,2031.5,0.75947,ink,traced,2177.0,0.93429,ink,traced
147532,131050,221.1977,2033.5,0.76366,ink,traced,2176.0,0.93642,ink,traced
147533,131051,221.1994,2034.5,0.76576,ink,traced,2175.0,0.93855,ink,traced
147534,131052,221.201,2036.5,0.76995,ink,traced,2174.5,0.93962,ink,traced
147535,131053,221.2026,2037.0,0.771,ink,traced,2174.0,0.94069,ink,traced
147536,131054,221.2042,2039.0,0.77519,ink,traced,2173.0,0.94282,ink,traced
147537,131055,221.2058,2042.0,0.78148,ink,traced,2173.0,0.94282,ink,traced
147538,131056,221.2075,2044.0,0.78567,ink,traced,2172.5,0.94389,ink,traced
147539,131057,221.2091,2044.5,0.78672,ink,traced,2172.0,0.94496,ink,traced
147540,131058,221.2107,2045.5,0.78881,ink,traced,2172.5,0.9439,ink,traced
147541,131059,221.2123,2046.0,0.78986,ink,traced,2172.5,0.9439,ink,traced
147542,131060,221.214,2049.0,0.79615,ink,traced,2172.5,0.94391,ink,traced
147543,131061,221.2156,2048.0,0.79405,ink,traced,2172.5,0.94391,ink,traced
147544,131062,221.2172,2049.5,0.79719,ink,traced,2172.0,0.94498,ink,traced
147545,131063,221.2188,2050.5,0.79929,ink,traced,2172.5,0.94392,ink,traced
147546,131064,221.2204,2051.5,0.80138,ink,traced,2172.0,0.94499,ink,traced
147547,131065,221.2221,2052.5,0.80347,ink,traced,2172.0,0.94499,ink,traced
147548,131066,221.2237,2054.5,0.80767,ink,traced,2171.5,0.94606,ink,traced
147549,131067,221.2253,2056.5,0.81186,ink,traced,2177.0,0.93436,ink,traced
147550,131068,221.2269,2057.0,0.81291,ink,traced,2180.0,0.92798,ink,traced
147551,131069,221.2285,2056.5,0.81185,ink,traced,2182.0,0.92372,ink,traced
147552,131070,221.2302,2057.0,0.8129,ink,traced,2187.0,0.91309,ink,traced
147553,131071,221.2318,2059.0,0.81709,ink,traced,2191.0,0.90458,ink,traced
147554,131072,221.2334,2060.5,0.82023,ink,traced,2198.0,0.88968,ink,traced
147555,131073,221.235,2061.5,0.82233,ink,traced,2205.0,0.87479,ink,traced
147556,131074,221.2366,2062.5,0.82442,ink,traced,2212.0,0.8599,ink,traced
147557,131075,221.2383,2063.0,0.82547,ink,traced,2217.0,0.84926,ink,traced
147558,131076,221.2399,2064.0,0.82756,ink,traced,2217.0,0.84926,ink,traced
147559,131077,221.2415,2067.0,0.83385,ink,traced,2217.0,0.84927,ink,traced
147560,131078,221.2431,2067.0,0.83385,ink,traced,2254.5,0.76946,ink,traced
147561,131079,221.2447,2068.0,0.83594,ink,traced,2267.5,0.7418,ink,traced
147562,131080,221.2464,2069.5,0.83909,ink,traced,2274.5,0.7269,ink,traced
147563,131081,221.248,2069.5,0.83908,ink,traced,2286.0,0.70243,ink,traced
147564,131082,221.2496,2068.5,0.83698,ink,traced,2306.5,0.65881,ink,traced
147565,131083,221.2512,2071.0,0.84222,ink,traced,2320.0,0.63008,ink,traced
147566,131084,221.2529,2073.0,0.84642,ink,traced,2330.0,0.6088,ink,traced
147567,131085,221.2545,2072.0,0.84431,ink,traced,2330.0,0.60881,ink,traced
147568,131086,221.2561,2072.5,0.84536,ink,traced,2330.0,0.60881,ink,traced
147569,131087,221.2577,2072.5,0.84536,ink,traced,2330.0,0.60881,ink,traced
147570,131088,221.2593,2073.0,0.8464,ink,traced,2329.0,0.61095,ink,traced
147571,131089,221.261,2074.0,0.8485,ink,traced,2332.5,0.6035,ink,traced
147572,131090,221.2626,2075.0,0.85059,ink,traced,2328.0,0.61308,ink,traced
147573,131091,221.2642,2075.0,0.85059,ink,traced,2326.0,0.61734,ink,traced
147574,131092,221.2658,2075.5,0.85163,ink,traced,2320.0,0.63012,ink,traced
147575,131093,221.2674,2075.5,0.85163,ink,traced,2318.5,0.63331,ink,traced
147576,131094,221.2691,2075.5,0.85162,ink,traced,2317.0,0.63651,ink,traced
147577,131095,221.2707,2075.5,0.85162,ink,traced,2317.0,0.63651,ink,traced
147578,131096,221.2723,2076.5,0.85371,ink,traced,2316.5,0.63758,ink,traced
147579,131097,221.2739,2076.5,0.85371,ink,traced,2316.5,0.63759,ink,traced
147580,131098,221.2755,2077.5,0.8558,ink,traced,2316.5,0.63759,ink,traced
147581,131099,221.2772,2077.5,0.8558,ink,traced,2316.0,0.63866,ink,traced
147582,131100,221.2788,2077.5,0.8558,ink,traced,2317.0,0.63653,ink,traced
147583,131101,221.2804,2078.0,0.85684,ink,traced,2317.5,0.63547,ink,traced
147584,131102,221.282,2078.5,0.85789,ink,traced,2319.0,0.63229,ink,traced
147585,131103,221.2837,2078.0,0.85683,ink,traced,2321.5,0.62697,ink,traced
147586,131104,221.2853,2072.0,0.84424,ink,traced,2321.5,0.62697,ink,traced
147587,131105,221.2869,2069.0,0.83794,ink,traced,2322.5,0.62485,ink,traced
147588,131106,221.2885,2064.0,0.82744,ink,traced,2321.0,0.62805,ink,traced
147589,131107,221.2901,2054.0,0.80645,ink,traced,2323.0,0.62379,ink,traced
147590,131108,221.2918,2051.0,0.80016,ink,traced,2322.0,0.62593,ink,traced
147591,131109,221.2934,2043.0,0.78336,ink,traced,2322.0,0.62593,ink,traced
147592,131110,221.295,2037.5,0.77182,ink,traced,2322.5,0.62487,ink,traced
147593,131111,221.2966,2032.5,0.76132,ink,traced,2322.5,0.62487,ink,traced
147594,131112,221.2982,2026.5,0.74873,ink,traced,2324.0,0.62168,ink,traced
147595,131113,221.2999,2016.0,0.72669,ink,traced,2322.5,0.62488,ink,traced
147596,131114,221.3015,2012.0,0.71829,ink,traced,2320.5,0.62914,ink,traced
147597,131115,221.3031,2009.0,0.71199,ink,traced,2323.0,0.62383,ink,traced
147598,131116,221.3047,1994.0,0.68051,ink,traced,2323.0,0.62383,ink,traced
147599,131117,221.3063,1981.0,0.65323,ink,traced,2324.0,0.62171,ink,traced
147600,131118,221.308,1980.0,0.65113,faint,traced,2323.5,0.62277,ink,traced
147601,131119,221.3096,1940.0,0.56719,ink,traced,2323.5,0.62278,ink,traced
147602,131120,221.3112,1941.0,0.56928,ink,traced,2324.0,0.62172,ink,traced
147603,131121,221.3128,1941.5,0.57032,ink,traced,2324.5,0.62066,ink,traced
147604,131122,221.3145,1943.5,0.57452,ink,traced,2324.0,0.62173,ink,traced
147605,131123,221.3161,1949.0,0.58606,ink,traced,2323.5,0.62279,ink,traced
147606,131124,221.3177,1950.0,0.58815,ink,traced,2323.5,0.6228,ink,traced
147607,131125,221.3193,1953.5,0.59549,ink,traced,2323.5,0.6228,ink,traced
147608,131126,221.3209,1956.5,0.60178,ink,traced,2323.5,0.62281,ink,traced
147609,131127,221.3226,1957.0,0.60283,ink,traced,2323.5,0.62281,ink,traced
147610,131128,221.3242,1993.0,0.67837,faint,traced,2324.5,0.62069,ink,traced
147611,131129,221.3258,1994.0,0.68046,faint,traced,2324.0,0.62175,ink,traced
147612,131130,221.3274,1935.0,0.55665,ink,traced,2322.5,0.62495,ink,traced
147613,131131,221.329,1934.5,0.5556,ink,traced,2324.0,0.62176,ink,traced
147614,131132,221.3307,1946.0,0.57972,ink,traced,2323.5,0.62283,ink,traced
147615,131133,221.3323,1947.0,0.58182,ink,traced,2321.0,0.62815,ink,traced
147616,131134,221.3339,1946.0,0.57972,ink,traced,2324.5,0.62071,ink,traced
147617,131135,221.3355,1945.0,0.57761,ink,traced,2324.5,0.62071,ink,traced
147618,131136,221.3371,1944.5,0.57656,ink,traced,2325.0,0.61965,ink,traced
147619,131137,221.3388,1945.0,0.57761,ink,traced,2325.0,0.61966,ink,traced
147620,131138,221.3404,1945.5,0.57865,ink,traced,2325.5,0.6186,ink,traced
147621,131139,221.342,1945.5,0.57865,ink,traced,2325.5,0.6186,ink,traced
147622,131140,221.3436,1945.5,0.57864,ink,traced,2324.5,0.62073,ink,traced
147623,131141,221.3452,1945.5,0.57864,ink,traced,2325.0,0.61967,ink,traced
147624,131142,221.3469,1946.0,0.57968,ink,traced,2323.5,0.62287,ink,traced
147625,131143,221.3485,1946.0,0.57968,ink,traced,2324.5,0.62075,ink,traced
147626,131144,221.3501,1946.0,0.57968,ink,traced,2324.5,0.62075,ink,traced
147627,131145,221.3517,1946.0,0.57967,ink,traced,2324.0,0.62182,ink,traced
147628,131146,221.3534,1946.0,0.57967,ink,traced,2324.5,0.62076,ink,traced
147629,131147,221.355,1945.5,0.57861,ink,traced,2324.5,0.62076,ink,traced
147630,131148,221.3566,1945.5,0.57861,ink,traced,2324.5,0.62077,ink,traced
147631,131149,221.3582,1945.5,0.57861,ink,traced,2324.0,0.62183,ink,traced
147632,131150,221.3598,1945.5,0.5786,ink,traced,2324.5,0.62077,ink,traced
147633,131151,221.3615,1945.5,0.5786,ink,traced,2321.0,0.62823,ink,traced
147634,131152,221.3631,1945.5,0.57859,ink,traced,2324.5,0.62078,ink,traced
147635,131153,221.3647,1945.5,0.57859,ink,traced,2324.0,0.62185,ink,traced
147636,131154,221.3663,1945.0,0.57754,ink,traced,2324.5,0.62079,ink,traced
147637,131155,221.3679,1945.5,0.57858,ink,traced,2324.5,0.62079,ink,traced
147638,131156,221.3696,1946.0,0.57963,ink,traced,2324.0,0.62186,ink,traced
147639,131157,221.3712,1946.0,0.57962,ink,traced,2321.0,0.62825,ink,traced
147640,131158,221.3728,1945.5,0.57857,ink,traced,2321.5,0.62719,ink,traced
147641,131159,221.3744,1945.5,0.57857,ink,traced,2324.0,0.62188,ink,traced
147642,131160,221.376,1945.5,0.57856,ink,traced,2324.0,0.62188,ink,traced
147643,131161,221.3777,1945.5,0.57856,ink,traced,2324.5,0.62082,ink,traced
147644,131162,221.3793,1945.5,0.57855,ink,traced,2322.0,0.62614,ink,traced
147645,131163,221.3809,1946.0,0.5796,ink,traced,2322.0,0.62615,ink,traced
147646,131164,221.3825,1946.0,0.5796,ink,traced,2322.0,0.62615,ink,traced
147647,131165,221.3842,1946.0,0.57959,ink,traced,2324.0,0.6219,ink,traced
147648,131166,221.3858,1946.0,0.57959,ink,traced,2324.0,0.6219,ink,traced
147649,131167,221.3874,1946.0,0.57958,ink,traced,2324.0,0.62191,ink,traced
147650,131168,221.389,1946.0,0.57958,ink,traced,2324.0,0.62191,ink,traced
147651,131169,221.3906,1946.0,0.57958,ink,traced,2324.0,0.62192,ink,traced
147652,131170,221.3923,1946.0,0.57957,ink,traced,2324.0,0.62192,ink,traced
147653,131171,221.3939,1946.0,0.57957,ink,traced,2324.0,0.62192,ink,traced
147654,131172,221.3955,1946.0,0.57956,ink,traced,2323.5,0.62299,ink,traced
147655,131173,221.3971,1946.0,0.57956,ink,traced,2321.0,0.62832,ink,traced
147656,131174,221.3987,1946.0,0.57956,ink,traced,2324.5,0.62087,ink,traced
147657,131175,221.4004,1945.0,0.57745,ink,traced,2324.5,0.62088,ink,traced
147658,131176,221.402,1945.0,0.57745,ink,traced,2324.0,0.62194,ink,traced
147659,131177,221.4036,1945.5,0.57849,ink,traced,2324.0,0.62195,ink,traced
147660,131178,221.4052,1945.0,0.57744,ink,traced,2324.5,0.62089,ink,traced
147661,131179,221.4068,1945.5,0.57849,ink,traced,2325.0,0.61983,ink,traced
147662,131180,221.4085,1945.5,0.57848,ink,traced,2324.0,0.62196,ink,traced
147663,131181,221.4101,1945.0,0.57743,ink,traced,2324.5,0.6209,ink,traced
147664,131182,221.4117,1945.5,0.57847,ink,traced,2324.0,0.62197,ink,traced
147665,131183,221.4133,1945.5,0.57847,ink,traced,2324.0,0.62197,ink,traced
147666,131184,221.4149,1945.5,0.57847,ink,traced,2324.0,0.62198,ink,traced
147667,131185,221.4166,1945.5,0.57846,ink,traced,2324.0,0.62198,ink,traced
147668,131186,221.4182,1945.0,0.57741,ink,traced,2324.0,0.62198,ink,traced
147669,131187,221.4198,1945.5,0.57845,ink,traced,2321.5,0.62731,ink,traced
147670,131188,221.4214,1945.5,0.57845,ink,traced,2324.0,0.62199,ink,traced
147671,131189,221.4231,1945.5,0.57845,ink,traced,2322.0,0.62625,ink,traced
147672,131190,221.4247,1945.5,0.57844,ink,traced,2322.0,0.62626,ink,traced
147673,131191,221.4263,1945.0,0.57739,ink,traced,2321.0,0.62839,ink,traced
147674,131192,221.4279,1945.0,0.57739,ink,traced,2324.5,0.62094,ink,traced
147675,131193,221.4295,1945.0,0.57738,ink,traced,2322.0,0.62627,ink,traced
147676,131194,221.4312,1945.5,0.57843,ink,traced,2325.0,0.61989,ink,traced
147677,131195,221.4328,1945.5,0.57842,ink,traced,2324.5,0.62096,ink,traced
147678,131196,221.4344,1945.5,0.57842,ink,traced,2325.0,0.6199,ink,traced
147679,131197,221.436,1946.0,0.57946,ink,traced,2324.5,0.62096,ink,traced
147680,131198,221.4376,1945.5,0.57841,ink,traced,2324.0,0.62203,ink,traced
147681,131199,221.4393,1945.5,0.57841,ink,traced,2324.0,0.62204,ink,traced
147682,131200,221.4409,1945.5,0.5784,ink,traced,2324.0,0.62204,ink,traced
147683,131201,221.4425,1945.5,0.5784,ink,traced,2324.0,0.62205,ink,traced
147684,131202,221.4441,1945.5,0.5784,ink,traced,2323.5,0.62311,ink,traced
147685,131203,221.4457,1945.5,0.57839,ink,traced,2324.0,0.62205,ink,traced
147686,131204,221.4474,1945.5,0.57839,ink,traced,2324.0,0.62206,ink,traced
147687,131205,221.449,1945.5,0.57838,ink,traced,2324.5,0.621,ink,traced
147688,131206,221.4506,1945.0,0.57733,ink,traced,2324.5,0.621,ink,traced
147689,131207,221.4522,1945.5,0.57838,ink,traced,2324.5,0.62101,ink,traced
147690,131208,221.4539,1945.5,0.57837,ink,traced,2324.5,0.62101,ink,traced
147691,131209,221.4555,1944.5,0.57627,ink,traced,2324.0,0.62208,ink,traced
147692,131210,221.4571,1945.0,0.57731,ink,traced,2324.5,0.62102,ink,traced
147693,131211,221.4587,1945.5,0.57836,ink,traced,2324.5,0.62102,ink,traced
147694,131212,221.4603,1945.5,0.57836,ink,traced,2325.0,0.61996,ink,traced
147695,131213,221.462,1945.0,0.5773,ink,traced,2324.5,0.62103,ink,traced
147696,131214,221.4636,1945.5,0.57835,ink,traced,2324.0,0.6221,ink,traced
147697,131215,221.4652,1945.5,0.57834,ink,traced,2324.5,0.62104,ink,traced
147698,131216,221.4668,1945.0,0.57729,ink,traced,2324.0,0.62211,ink,traced
147699,131217,221.4684,1945.5,0.57834,ink,traced,2324.5,0.62105,ink,traced
147700,131218,221.4701,1945.5,0.57833,ink,traced,2323.0,0.62424,ink,traced
147701,131219,221.4717,1945.0,0.57728,ink,traced,2322.0,0.62637,ink,traced
147702,131220,221.4733,1945.0,0.57727,ink,traced,2322.0,0.62638,ink,traced
147703,131221,221.4749,1945.0,0.57727,ink,traced,2324.5,0.62106,ink,traced
147704,131222,221.4765,1945.0,0.57727,ink,traced,2324.0,0.62213,ink,traced
147705,131223,221.4782,1945.0,0.57726,ink,traced,2324.0,0.62213,ink,traced
147706,131224,221.4798,1945.5,0.57831,ink,traced,2324.0,0.62214,ink,traced
147707,131225,221.4814,1945.5,0.5783,ink,traced,2324.5,0.62108,ink,traced
147708,131226,221.483,1945.5,0.5783,ink,traced,2324.0,0.62215,ink,traced
147709,131227,221.4846,1945.0,0.57725,ink,traced,2324.0,0.62215,ink,traced
147710,131228,221.4863,1945.5,0.57829,ink,traced,2324.5,0.62109,ink,traced
147711,131229,221.4879,1945.5,0.57829,ink,traced,2324.5,0.62109,ink,traced
147712,131230,221.4895,1945.5,0.57828,ink,traced,2324.0,0.62216,ink,traced
147713,131231,221.4911,1945.5,0.57828,ink,traced,2324.5,0.6211,ink,traced
147714,131232,221.4928,1945.5,0.57828,ink,traced,2324.5,0.62111,ink,traced
147715,131233,221.4944,1945.5,0.57827,ink,traced,2325.0,0.62005,ink,traced
147716,131234,221.496,1945.5,0.57827,ink,traced,2324.0,0.62218,ink,traced
147717,131235,221.4976,1945.5,0.57826,ink,traced,2324.5,0.62112,ink,traced
147718,131236,221.4992,1945.0,0.57721,ink,traced,2324.5,0.62112,ink,traced
147719,131237,221.5009,1945.0,0.57721,ink,traced,2324.5,0.62113,ink,traced
147720,131238,221.5025,1945.0,0.5772,ink,traced,2324.5,0.62113,ink,traced
147721,131239,221.5041,1945.0,0.5772,ink,traced,2324.0,0.6222,ink,traced
147722,131240,221.5057,1945.0,0.57719,ink,traced,2324.0,0.6222,ink,traced
147723,131241,221.5073,1945.0,0.57719,ink,traced,2323.5,0.62327,ink,traced
147724,131242,221.509,1945.5,0.57824,ink,traced,2324.0,0.62221,ink,traced
147725,131243,221.5106,1945.0,0.57718,ink,traced,2324.0,0.62222,ink,traced
147726,131244,221.5122,1945.0,0.57718,ink,traced,2324.5,0.62116,ink,traced
147727,131245,221.5138,1945.0,0.57717,ink,traced,2325.0,0.6201,ink,traced
147728,131246,221.5154,1945.5,0.57822,ink,traced,2324.5,0.62116,ink,traced
147729,131247,221.5171,1945.5,0.57822,ink,traced,2324.5,0.62117,ink,traced
147730,131248,221.5187,1945.5,0.57821,ink,traced,2324.5,0.62117,ink,traced
147731,131249,221.5203,1945.5,0.57821,ink,traced,2324.5,0.62118,ink,traced
147732,131250,221.5219,1945.5,0.5782,ink,traced,2324.5,0.62118,ink,traced
147733,131251,221.5236,1945.5,0.5782,ink,traced,2324.5,0.62118,ink,traced
147734,131252,221.5252,1945.5,0.5782,ink,traced,2324.5,0.62119,ink,traced
147735,131253,221.5268,1945.0,0.57714,ink,traced,2324.0,0.62226,ink,traced
147736,131254,221.5284,1945.5,0.57819,ink,traced,2324.0,0.62226,ink,traced
147737,131255,221.53,1945.5,0.57818,ink,traced,2323.5,0.62333,ink,traced
147738,131256,221.5317,1945.5,0.57818,ink,traced,2323.0,0.6244,ink,traced
147739,131257,221.5333,1945.5,0.57818,ink,traced,2321.0,0.62866,ink,traced
147740,131258,221.5349,1945.5,0.57817,ink,traced,2319.5,0.63185,ink,traced
147741,131259,221.5365,1945.5,0.57817,ink,traced,2318.5,0.63399,ink,traced
147742,131260,221.5381,1945.5,0.57816,ink,traced,2316.0,0.63931,ink,traced
147743,131261,221.5398,1946.0,0.57921,ink,traced,2314.0,0.64357,ink,traced
147744,131262,221.5414,1945.5,0.57816,ink,traced,2312.0,0.64783,ink,traced
147745,131263,221.543,1945.5,0.57815,ink,traced,2311.0,0.64996,ink,traced
147746,131264,221.5446,1944.5,0.57605,ink,traced,2308.5,0.65529,ink,traced
147747,131265,221.5462,1945.5,0.57814,ink,traced,2305.5,0.66168,ink,traced
147748,131266,221.5479,1945.0,0.57709,ink,traced,2300.0,0.67339,ink,traced
147749,131267,221.5495,1945.5,0.57814,ink,traced,2300.0,0.67339,ink,traced
147750,131268,221.5511,1945.0,0.57708,ink,traced,2299.0,0.67552,ink,traced
147751,131269,221.5527,1945.0,0.57708,ink,traced,2297.0,0.67978,ink,traced
147752,131270,221.5543,1945.0,0.57709,ink,traced,2297.0,0.67978,ink,traced
147753,131271,221.556,1945.5,0.57814,ink,traced,2294.0,0.68616,ink,traced
147754,131272,221.5576,1945.5,0.57814,ink,traced,2293.0,0.68828,ink,traced
147755,131273,221.5592,1945.5,0.57814,ink,traced,2291.5,0.69147,ink,traced
147756,131274,221.5608,1945.5,0.57814,ink,traced,2291.0,0.69254,ink,traced
147757,131275,221.5625,1945.5,0.57815,ink,traced,2289.0,0.69679,ink,traced
147758,131276,221.5641,1945.0,0.5771,ink,traced,2288.0,0.69892,ink,traced
147759,131277,221.5657,1945.0,0.5771,ink,traced,2287.0,0.70104,ink,traced
147760,131278,221.5673,1945.5,0.57815,ink,traced,2285.0,0.7053,ink,traced
147761,131279,221.5689,1945.5,0.57816,ink,traced,2282.5,0.71062,ink,traced
147762,131280,221.5706,1945.5,0.57816,ink,traced,2281.5,0.71274,ink,traced
147763,131281,221.5722,1945.5,0.57816,ink,traced,2277.5,0.72125,ink,traced
147764,131282,221.5738,1945.5,0.57816,ink,traced,2276.5,0.72338,ink,traced
147765,131283,221.5754,1945.5,0.57816,ink,traced,2275.0,0.72657,ink,traced
147766,131284,221.577,1945.5,0.57817,ink,traced,2272.5,0.73189,ink,traced
147767,131285,221.5787,1945.5,0.57817,ink,traced,2269.5,0.73827,ink,traced
147768,131286,221.5803,1945.5,0.57817,ink,traced,2269.0,0.73933,ink,traced
147769,131287,221.5819,1945.5,0.57817,ink,traced,2266.5,0.74465,ink,traced
147770,131288,221.5835,1944.5,0.57608,ink,traced,2263.0,0.7521,ink,traced
147771,131289,221.5851,1945.5,0.57818,ink,traced,2262.0,0.75422,ink,traced
147772,131290,221.5868,1945.0,0.57713,ink,traced,2261.0,0.75635,ink,traced
147773,131291,221.5884,1945.5,0.57818,ink,traced,2259.0,0.7606,ink,traced
147774,131292,221.59,1945.5,0.57818,ink,traced,2257.5,0.76379,ink,traced
147775,131293,221.5916,1945.5,0.57819,ink,traced,2256.5,0.76592,ink,traced
147776,131294,221.5933,1945.5,0.57819,ink,traced,2255.0,0.76911,ink,traced
147777,131295,221.5949,1945.5,0.57819,ink,traced,2252.5,0.77443,ink,traced
147778,131296,221.5965,1945.0,0.57714,ink,traced,2250.0,0.77975,ink,traced
147779,131297,221.5981,1945.0,0.57714,ink,traced,2247.5,0.78507,ink,traced
147780,131298,221.5997,1945.0,0.57715,ink,traced,2244.0,0.79251,ink,traced
147781,131299,221.6014,1945.5,0.5782,ink,traced,2245.0,0.79038,ink,traced
147782,131300,221.603,1945.5,0.5782,ink,traced,2242.5,0.7957,ink,traced
147783,131301,221.6046,1945.0,0.57715,ink,traced,2242.5,0.7957,ink,traced
147784,131302,221.6062,1945.0,0.57716,ink,traced,2240.0,0.80102,ink,traced
147785,131303,221.6078,1945.5,0.57821,ink,traced,2238.5,0.80421,ink,traced
147786,131304,221.6095,1945.0,0.57716,ink,traced,2236.5,0.80846,ink,traced
147787,131305,221.6111,1944.5,0.57611,ink,traced,2235.0,0.81165,ink,traced
147788,131306,221.6127,1945.5,0.57821,ink,traced,2234.0,0.81378,ink,traced
147789,131307,221.6143,1945.5,0.57822,ink,traced,2232.5,0.81697,ink,traced
147790,131308,221.6159,1944.5,0.57612,ink,traced,2230.5,0.82122,ink,traced
147791,131309,221.6176,1945.0,0.57717,ink,traced,2229.5,0.82335,ink,traced
147792,131310,221.6192,1945.5,0.57822,ink,traced,2227.0,0.82867,ink,traced
147793,131311,221.6208,1945.5,0.57822,ink,traced,2225.5,0.83186,ink,traced
147794,131312,221.6224,1945.5,0.57823,ink,traced,2220.5,0.8425,ink,traced
147795,131313,221.624,1945.0,0.57718,ink,traced,2221.5,0.84037,ink,traced
147796,131314,221.6257,1945.0,0.57718,ink,traced,2221.0,0.84143,ink,traced
147797,131315,221.6273,1945.5,0.57823,ink,traced,2219.5,0.84462,ink,traced
147798,131316,221.6289,1944.5,0.57614,ink,traced,2218.0,0.84781,ink,traced
147799,131317,221.6305,1945.0,0.57719,ink,traced,2216.5,0.851,ink,traced
147800,131318,221.6322,1945.0,0.57719,ink,traced,2216.0,0.85206,ink,traced
147801,131319,221.6338,1945.5,0.57824,ink,traced,2213.5,0.85738,ink,traced
147802,131320,221.6354,1945.5,0.57824,ink,traced,2213.5,0.85738,ink,traced
147803,131321,221.637,1945.5,0.57825,ink,traced,2212.0,0.86057,ink,traced
147804,131322,221.6386,1945.0,0.5772,ink,traced,2209.5,0.86589,ink,traced
147805,131323,221.6403,1945.5,0.57825,ink,traced,2209.0,0.86695,ink,traced
147806,131324,221.6419,1945.0,0.5772,ink,traced,2206.5,0.87227,ink,traced
147807,131325,221.6435,1945.0,0.57721,ink,traced,2207.0,0.8712,ink,traced
147808,131326,221.6451,1944.5,0.57616,ink,traced,2203.0,0.87971,ink,traced
147809,131327,221.6467,1945.0,0.57721,ink,traced,2203.0,0.87971,ink,traced
147810,131328,221.6484,1945.5,0.57826,ink,traced,2201.0,0.88396,ink,traced
147811,131329,221.65,1946.5,0.58036,ink,traced,2201.5,0.8829,ink,traced
147812,131330,221.6516,1944.5,0.57617,ink,traced,2199.5,0.88715,ink,traced
147813,131331,221.6532,1945.5,0.57827,ink,traced,2196.5,0.89353,ink,traced
147814,131332,221.6548,1945.0,0.57722,ink,traced,2198.0,0.89034,ink,traced
147815,131333,221.6565,1945.5,0.57827,ink,traced,2195.5,0.89566,ink,traced
147816,131334,221.6581,1945.0,0.57722,ink,traced,2195.5,0.89565,ink,traced
147817,131335,221.6597,1945.0,0.57723,ink,traced,2195.0,0.89672,ink,traced
147818,131336,221.6613,1945.0,0.57723,ink,traced,2195.0,0.89671,ink,traced
147819,131337,221.663,1945.5,0.57828,ink,traced,2191.0,0.90523,ink,traced
147820,131338,221.6646,1945.5,0.57828,ink,traced,2192.5,0.90203,ink,traced
147821,131339,221.6662,1945.0,0.57724,ink,traced,2189.0,0.90948,ink,traced
147822,131340,221.6678,1945.5,0.57829,ink,traced,2187.0,0.91373,ink,traced
147823,131341,221.6694,1945.5,0.57829,ink,traced,2187.0,0.91373,ink,traced
147824,131342,221.6711,1945.5,0.57829,ink,traced,2185.0,0.91798,ink,traced
147825,131343,221.6727,1945.0,0.57724,ink,traced,2187.5,0.91266,ink,traced
147826,131344,221.6743,1945.0,0.57725,ink,traced,2184.0,0.92011,ink,traced
147827,131345,221.6759,1946.0,0.57935,ink,traced,2182.5,0.9233,ink,traced
147828,131346,221.6775,1945.5,0.5783,ink,traced,2184.0,0.9201,ink,traced
147829,131347,221.6792,1945.5,0.5783,ink,traced,2184.0,0.9201,ink,traced
147830,131348,221.6808,1946.5,0.5804,ink,traced,2183.0,0.92223,ink,traced
147831,131349,221.6824,1945.5,0.57831,ink,traced,2181.0,0.92648,ink,traced
147832,131350,221.684,1947.0,0.58146,ink,traced,2180.0,0.92861,ink,traced
147833,131351,221.6856,1946.5,0.58041,ink,traced,2182.0,0.92435,ink,traced
147834,131352,221.6873,1946.5,0.58041,ink,traced,2181.5,0.92541,ink,traced
147835,131353,221.6889,1946.0,0.57936,ink,traced,2180.5,0.92754,ink,traced
147836,131354,221.6905,1947.0,0.58147,ink,traced,2177.0,0.93498,ink,traced
147837,131355,221.6921,1946.5,0.58042,ink,traced,2179.0,0.93072,ink,traced
147838,131356,221.6938,1947.0,0.58147,ink,traced,2176.0,0.93711,ink,traced
147839,131357,221.6954,1946.5,0.58042,ink,traced,2175.5,0.93817,ink,traced
147840,131358,221.697,1944.5,0.57623,ink,traced,2177.0,0.93497,ink,traced
147841,131359,221.6986,1947.0,0.58148,ink,traced,2176.0,0.9371,ink,traced
147842,131360,221.7002,1946.0,0.57938,ink,traced,2175.5,0.93816,ink,traced
147843,131361,221.7019,1946.5,0.58043,ink,traced,2175.5,0.93816,ink,traced
147844,131362,221.7035,1946.5,0.58043,ink,traced,2175.5,0.93816,ink,traced
147845,131363,221.7051,1948.0,0.58358,ink,traced,2176.0,0.93709,ink,traced
147846,131364,221.7067,1949.0,0.58568,ink,traced,2175.0,0.93922,ink,traced
147847,131365,221.7083,1948.5,0.58464,ink,traced,2171.0,0.94773,ink,traced
147848,131366,221.71,1946.5,0.58044,ink,traced,2172.0,0.9456,ink,traced
147849,131367,221.7116,1947.0,0.58149,ink,traced,2173.5,0.9424,ink,traced
147850,131368,221.7132,1949.5,0.58674,ink,traced,2174.0,0.94134,ink,traced
147851,131369,221.7148,1949.0,0.58569,ink,traced,2173.0,0.94346,ink,traced
147852,131370,221.7164,1947.5,0.58255,ink,traced,2171.0,0.94772,ink,traced
147853,131371,221.7181,1947.5,0.58255,ink,traced,2172.5,0.94452,ink,traced
147854,131372,221.7197,1947.0,0.5815,ink,traced,2172.0,0.94559,ink,traced
147855,131373,221.7213,1947.5,0.58256,ink,traced,2172.0,0.94558,ink,traced
147856,131374,221.7229,1947.0,0.58151,ink,traced,2172.0,0.94558,ink,traced
147857,131375,221.7245,1947.5,0.58256,ink,traced,2171.5,0.94664,ink,traced
147858,131376,221.7262,1948.5,0.58466,ink,traced,2171.5,0.94664,ink,traced
147859,131377,221.7278,1948.0,0.58361,ink,traced,2171.5,0.94664,ink,traced
147860,131378,221.7294,1947.5,0.58257,ink,traced,2171.5,0.94664,ink,traced
147861,131379,221.731,1947.5,0.58257,ink,traced,2171.5,0.94663,ink,traced
147862,131380,221.7327,1949.0,0.58572,ink,traced,2171.5,0.94663,ink,traced
147863,131381,221.7343,1948.5,0.58467,ink,traced,2171.5,0.94663,ink,traced
147864,131382,221.7359,1948.5,0.58467,ink,traced,2171.5,0.94663,ink,traced
147865,131383,221.7375,1948.5,0.58468,ink,traced,2171.5,0.94663,ink,traced
147866,131384,221.7391,1948.5,0.58468,ink,traced,2171.5,0.94662,ink,traced
147867,131385,221.7408,1948.5,0.58468,ink,traced,2171.5,0.94662,ink,traced
147868,131386,221.7424,1949.0,0.58573,ink,traced,2171.5,0.94662,ink,traced
147869,131387,221.744,1949.0,0.58573,ink,traced,2172.0,0.94555,ink,traced
147870,131388,221.7456,1948.5,0.58469,ink,traced,2171.0,0.94768,ink,traced
147871,131389,221.7472,1949.0,0.58574,ink,traced,2171.0,0.94768,ink,traced
147872,131390,221.7489,1949.0,0.58574,ink,traced,2171.5,0.94661,ink,traced
147873,131391,221.7505,1950.0,0.58784,ink,traced,2171.5,0.94661,ink,traced
147874,131392,221.7521,1949.0,0.58574,ink,traced,2171.5,0.94661,ink,traced
147875,131393,221.7537,1949.0,0.58575,ink,traced,2171.5,0.9466,ink,traced
147876,131394,221.7553,1949.0,0.58575,ink,traced,2170.5,0.94873,ink,traced
147877,131395,221.757,1949.5,0.5868,ink,traced,2171.0,0.94766,ink,traced
147878,131396,221.7586,1949.5,0.5868,ink,traced,2171.0,0.94766,ink,traced
147879,131397,221.7602,1950.0,0.58785,ink,traced,2170.5,0.94872,ink,traced
147880,131398,221.7618,1950.5,0.5889,ink,traced,2170.5,0.94872,ink,traced
147881,131399,221.7635,1950.5,0.58891,ink,traced,2170.5,0.94872,ink,traced
147882,131400,221.7651,1950.0,0.58786,ink,traced,2171.0,0.94765,ink,traced
147883,131401,221.7667,1950.5,0.58891,ink,traced,2171.0,0.94765,ink,traced
147884,131402,221.7683,1950.5,0.58891,ink,traced,2170.5,0.94871,ink,traced
147885,131403,221.7699,1950.5,0.58892,ink,traced,2170.0,0.94977,ink,traced
147886,131404,221.7716,1950.5,0.58892,ink,traced,2170.5,0.94871,ink,traced
147887,131405,221.7732,1950.5,0.58892,ink,traced,2176.0,0.937,ink,traced
147888,131406,221.7748,1951.0,0.58997,ink,traced,2177.0,0.93487,ink,traced
147889,131407,221.7764,1951.0,0.58997,ink,traced,2182.0,0.92423,ink,traced
147890,131408,221.778,1951.0,0.58998,ink,traced,2186.0,0.91571,ink,traced
147891,131409,221.7797,1949.5,0.58683,ink,traced,2194.0,0.89868,ink,traced
147892,131410,221.7813,1950.5,0.58893,ink,traced,2200.5,0.88485,ink,traced
147893,131411,221.7829,1951.0,0.58998,ink,traced,2208.0,0.86888,ink,traced
147894,131412,221.7845,1951.0,0.58998,ink,traced,2212.0,0.86037,ink,traced
147895,131413,221.7861,1950.5,0.58894,ink,traced,2218.5,0.84653,ink,traced
147896,131414,221.7878,1951.0,0.58999,ink,traced,2223.0,0.83695,ink,traced
147897,131415,221.7894,1951.0,0.58999,ink,traced,2228.0,0.82631,ink,traced
147898,131416,221.791,1951.0,0.58999,ink,traced,2238.0,0.80502,ink,traced
147899,131417,221.7926,1952.5,0.59314,ink,traced,2259.0,0.76033,ink,traced
147900,131418,221.7942,1951.5,0.59105,ink,traced,2265.5,0.74649,ink,traced
147901,131419,221.7959,1951.0,0.59,ink,traced,2278.0,0.71989,ink,traced
147902,131420,221.7975,1951.0,0.59,ink,traced,2284.0,0.70711,ink,traced
147903,131421,221.7991,1951.0,0.59,ink,traced,2295.5,0.68264,ink,traced
147904,131422,221.8007,1951.0,0.59001,ink,traced,2308.0,0.65603,ink,traced
147905,131423,221.8024,1950.5,0.58896,ink,traced,2318.0,0.63475,ink,traced
147906,131424,221.804,1951.0,0.59001,ink,traced,2327.0,0.61559,ink,traced
147907,131425,221.8056,1952.5,0.59316,ink,traced,2327.0,0.61559,ink,traced
147908,131426,221.8072,1951.5,0.59106,ink,traced,2327.0,0.61559,ink,traced
147909,131427,221.8088,1951.0,0.59002,ink,traced,2327.0,0.61558,ink,traced
147910,131428,221.8105,1952.0,0.59212,ink,traced,2326.0,0.61771,ink,traced
147911,131429,221.8121,1952.5,0.59317,ink,traced,2329.5,0.61026,ink,traced
147912,131430,221.8137,1951.0,0.59002,ink,traced,2326.0,0.6177,ink,traced
147913,131431,221.8153,1952.0,0.59212,ink,traced,2323.0,0.62409,ink,traced
147914,131432,221.8169,1951.5,0.59108,ink,traced,2321.0,0.62834,ink,traced
147915,131433,221.8186,1952.0,0.59213,ink,traced,2319.5,0.63153,ink,traced
147916,131434,221.8202,1952.5,0.59318,ink,traced,2318.0,0.63472,ink,traced
147917,131435,221.8218,1952.0,0.59213,ink,traced,2317.0,0.63685,ink,traced
147918,131436,221.8234,1952.5,0.59318,ink,traced,2317.0,0.63685,ink,traced
147919,131437,221.825,1952.5,0.59319,ink,traced,2317.5,0.63578,ink,traced
147920,131438,221.8267,1952.5,0.59319,ink,traced,2317.5,0.63578,ink,traced
147921,131439,221.8283,1953.5,0.59529,ink,traced,2317.0,0.63684,ink,traced
147922,131440,221.8299,1953.0,0.59424,ink,traced,2317.5,0.63577,ink,traced
147923,131441,221.8315,1952.0,0.59215,ink,traced,2317.5,0.63577,ink,traced
147924,131442,221.8332,1953.0,0.59425,ink,traced,2322.0,0.62619,ink,traced
147925,131443,221.8348,1952.0,0.59215,ink,traced,2319.5,0.63151,ink,traced
147926,131444,221.8364,1952.5,0.5932,ink,traced,2323.0,0.62406,ink,traced
147927,131445,221.838,1953.5,0.5953,ink,traced,2321.0,0.62831,ink,traced
147928,131446,221.8396,1953.5,0.5953,ink,traced,2321.0,0.62831,ink,traced
147929,131447,221.8413,1953.0,0.59426,ink,traced,2321.5,0.62724,ink,traced
147930,131448,221.8429,1953.5,0.59531,ink,traced,2320.5,0.62937,ink,traced
147931,131449,221.8445,1953.5,0.59531,ink,traced,2321.5,0.62724,ink,traced
147932,131450,221.8461,1953.5,0.59531,ink,traced,2321.5,0.62724,ink,traced
147933,131451,221.8477,1953.5,0.59531,ink,traced,2320.5,0.62936,ink,traced
147934,131452,221.8494,1953.5,0.59532,ink,traced,2322.0,0.62617,ink,traced
147935,131453,221.851,1953.0,0.59427,ink,traced,2322.5,0.6251,ink,traced
147936,131454,221.8526,1954.5,0.59742,ink,traced,2323.0,0.62404,ink,traced
147937,131455,221.8542,1954.5,0.59742,ink,traced,2322.5,0.6251,ink,traced
147938,131456,221.8558,1954.5,0.59742,ink,traced,2323.0,0.62403,ink,traced
147939,131457,221.8575,1953.0,0.59428,ink,traced,2323.0,0.62403,ink,traced
147940,131458,221.8591,1953.5,0.59533,ink,traced,2323.5,0.62296,ink,traced
147941,131459,221.8607,1954.0,0.59638,ink,traced,2323.5,0.62296,ink,traced
147942,131460,221.8623,1952.5,0.59324,ink,traced,2324.0,0.6219,ink,traced
147943,131461,221.8639,1953.5,0.59534,ink,traced,2324.5,0.62083,ink,traced
147944,131462,221.8656,1954.0,0.59639,ink,traced,2324.5,0.62083,ink,traced
147945,131463,221.8672,1955.5,0.59954,ink,traced,2325.0,0.61976,ink,traced
147946,131464,221.8688,1955.0,0.59849,ink,traced,2323.5,0.62295,ink,traced
147947,131465,221.8704,1956.0,0.60059,ink,traced,2321.5,0.62721,ink,traced
147948,131466,221.8721,1954.0,0.5964,ink,traced,2324.5,0.62082,ink,traced
147949,131467,221.8737,1954.0,0.5964,ink,traced,2324.5,0.62082,ink,traced
147950,131468,221.8753,1954.5,0.59745,ink,traced,2321.5,0.6272,ink,traced
147951,131469,221.8769,1954.5,0.59745,ink,traced,2324.0,0.62188,ink,traced
147952,131470,221.8785,1954.5,0.59745,ink,traced,2324.0,0.62187,ink,traced
147953,131471,221.8802,1956.0,0.6006,ink,traced,2324.0,0.62187,ink,traced
147954,131472,221.8818,1954.5,0.59746,ink,traced,2324.0,0.62187,ink,traced
147955,131473,221.8834,1954.5,0.59746,ink,traced,2324.0,0.62187,ink,traced
147956,131474,221.885,1955.0,0.59851,ink,traced,2321.0,0.62825,ink,traced
147957,131475,221.8866,1954.5,0.59747,ink,traced,2321.0,0.62825,ink,traced
147958,131476,221.8883,1955.5,0.59957,ink,traced,2324.0,0.62186,ink,traced
147959,131477,221.8899,1955.0,0.59852,ink,traced,2324.5,0.62079,ink,traced
147960,131478,221.8915,1955.5,0.59957,ink,traced,2324.0,0.62186,ink,traced
147961,131479,221.8931,1955.5,0.59957,ink,traced,2324.5,0.62079,ink,traced
147962,131480,221.8947,1955.5,0.59957,ink,traced,2324.0,0.62185,ink,traced
147963,131481,221.8964,1955.0,0.59853,ink,traced,2323.5,0.62291,ink,traced
147964,131482,221.898,1955.0,0.59853,ink,traced,2324.5,0.62078,ink,traced
147965,131483,221.8996,1954.5,0.59748,ink,traced,2324.0,0.62185,ink,traced
147966,131484,221.9012,1955.5,0.59958,ink,traced,2324.0,0.62184,ink,traced
147967,131485,221.9029,1955.5,0.59959,ink,traced,2324.5,0.62078,ink,traced
147968,131486,221.9045,1956.0,0.60064,ink,traced,2324.0,0.62184,ink,traced
147969,131487,221.9061,1955.0,0.59854,ink,traced,2324.0,0.62184,ink,traced
147970,131488,221.9077,1955.0,0.59854,ink,traced,2324.5,0.62077,ink,traced
147971,131489,221.9093,1955.5,0.59959,ink,traced,2324.5,0.62077,ink,traced
147972,131490,221.911,1956.5,0.60169,ink,traced,2324.0,0.62183,ink,traced
147973,131491,221.9126,1955.0,0.59855,ink,traced,2323.5,0.62289,ink,traced
147974,131492,221.9142,1956.5,0.6017,ink,traced,2324.0,0.62183,ink,traced
147975,131493,221.9158,1956.0,0.60065,ink,traced,2323.5,0.62289,ink,traced
147976,131494,221.9174,1956.5,0.6017,ink,traced,2323.5,0.62289,ink,traced
147977,131495,221.9191,1956.0,0.60066,ink,traced,2324.0,0.62182,ink,traced
147978,131496,221.9207,1956.5,0.60171,ink,traced,2324.5,0.62075,ink,traced
147979,131497,221.9223,1956.5,0.60171,ink,traced,2324.0,0.62181,ink,traced
147980,131498,221.9239,1956.0,0.60066,ink,traced,2324.0,0.62181,ink,traced
147981,131499,221.9255,1957.0,0.60276,ink,traced,2324.0,0.62181,ink,traced
147982,131500,221.9272,1956.0,0.60067,ink,traced,2322.0,0.62606,ink,traced
147983,131501,221.9288,1957.0,0.60277,ink,traced,2324.5,0.62074,ink,traced
147984,131502,221.9304,1956.5,0.60172,ink,traced,2323.5,0.62287,ink,traced
147985,131503,221.932,1957.5,0.60382,ink,traced,2321.5,0.62712,ink,traced
147986,131504,221.9336,1957.0,0.60277,ink,traced,2323.5,0.62286,ink,traced
147987,131505,221.9353,1957.5,0.60383,ink,traced,2324.5,0.62073,ink,traced
147988,131506,221.9369,1956.0,0.60068,ink,traced,2324.5,0.62073,ink,traced
147989,131507,221.9385,1958.0,0.60488,ink,traced,2324.5,0.62073,ink,traced
147990,131508,221.9401,1957.5,0.60383,ink,traced,2324.0,0.62179,ink,traced
147991,131509,221.9418,1957.5,0.60383,ink,traced,2323.5,0.62285,ink,traced
147992,131510,221.9434,1956.5,0.60174,ink,traced,2321.5,0.62711,ink,traced
147993,131511,221.945,1957.0,0.60279,ink,traced,2322.0,0.62604,ink,traced
147994,131512,221.9466,1957.5,0.60384,ink,traced,2324.5,0.62072,ink,traced
147995,131513,221.9482,1958.0,0.60489,ink,traced,2324.5,0.62072,ink,traced
147996,131514,221.9499,1957.5,0.60384,ink,traced,2324.5,0.62071,ink,traced
147997,131515,221.9515,1957.5,0.60385,ink,traced,2324.0,0.62177,ink,traced
147998,131516,221.9531,1957.5,0.60385,ink,traced,2323.5,0.62284,ink,traced
147999,131517,221.9547,1957.5,0.60385,ink,traced,2324.0,0.62177,ink,traced
148000,131518,221.9563,1956.0,0.60071,ink,traced,2323.5,0.62283,ink,traced
148001,131519,221.958,1958.5,0.60595,ink,traced,2324.0,0.62177,ink,traced
148002,131520,221.9596,1958.0,0.60491,ink,traced,2324.0,0.62176,ink,traced
148003,131521,221.9612,1958.0,0.60491,ink,traced,2324.5,0.6207,ink,traced
148004,131522,221.9628,1958.0,0.60491,ink,traced,2322.0,0.62602,ink,traced
148005,131523,221.9644,1959.0,0.60701,ink,traced,2322.5,0.62495,ink,traced
148006,131524,221.9661,1958.5,0.60596,ink,traced,2324.0,0.62176,ink,traced
148007,131525,221.9677,1958.5,0.60597,ink,traced,2321.0,0.62814,ink,traced
148008,131526,221.9693,1958.0,0.60492,ink,traced,2324.0,0.62175,ink,traced
148009,131527,221.9709,1957.0,0.60282,ink,traced,2325.0,0.61962,ink,traced
148010,131528,221.9726,1958.5,0.60597,ink,traced,2324.0,0.62175,ink,traced
148011,131529,221.9742,1958.5,0.60598,ink,traced,2324.0,0.62174,ink,traced
148012,131530,221.9758,1959.0,0.60703,ink,traced,2321.0,0.62813,ink,traced
148013,131531,221.9774,1958.5,0.60598,ink,traced,2324.5,0.62068,ink,traced
148014,131532,221.979,1958.5,0.60598,ink,traced,2323.5,0.6228,ink,traced
148015,131533,221.9807,1959.0,0.60703,ink,traced,2323.5,0.6228,ink,traced
148016,131534,221.9823,1959.0,0.60704,ink,traced,2323.5,0.6228,ink,traced
148017,131535,221.9839,1959.0,0.60704,ink,traced,2323.5,0.6228,ink,traced
148018,131536,221.9855,1959.5,0.60809,ink,traced,2324.0,0.62173,ink,traced
148019,131537,221.9871,1958.5,0.60599,ink,traced,2323.5,0.62279,ink,traced
148020,131538,221.9888,1959.0,0.60704,ink,traced,2323.5,0.62279,ink,traced
148021,131539,221.9904,1959.5,0.6081,ink,traced,2323.5,0.62279,ink,traced
148022,131540,221.992,1959.5,0.6081,ink,traced,2320.5,0.62917,ink,traced
148023,131541,221.9936,1959.5,0.6081,ink,traced,2323.5,0.62278,ink,traced
148024,131542,221.9952,1960.0,0.60915,ink,traced,2324.0,0.62172,ink,traced
148025,131543,221.9969,1959.5,0.6081,ink,traced,2324.5,0.62065,ink,traced
148026,131544,221.9985,1959.5,0.60811,ink,traced,2324.5,0.62065,ink,traced
148027,131545,222.0001,1959.5,0.60811,ink,traced,2324.5,0.62064,ink,traced
148028,131546,222.0017,1959.5,0.60811,ink,traced,2323.5,0.62277,ink,traced
148029,131547,222.0033,1958.0,0.60497,ink,traced,2321.0,0.62809,ink,traced
148030,131548,222.005,1959.5,0.60812,ink,traced,2324.0,0.6217,ink,traced
148031,131549,222.0066,1959.5,0.60812,ink,traced,2322.5,0.62489,ink,traced
148032,131550,222.0082,1959.5,0.60812,ink,traced,2320.5,0.62915,ink,traced
148033,131551,222.0098,1960.0,0.60917,ink,traced,2324.0,0.6217,ink,traced
148034,131552,222.0115,1960.0,0.60917,ink,traced,2321.5,0.62701,ink,traced
148035,131553,222.0131,1961.0,0.61127,ink,traced,2324.0,0.62169,ink,traced
148036,131554,222.0147,1959.5,0.60813,ink,traced,2321.0,0.62807,ink,traced
148037,131555,222.0163,1960.0,0.60918,ink,traced,2321.0,0.62807,ink,traced
148038,131556,222.0179,1960.0,0.60918,ink,traced,2321.5,0.62701,ink,traced
148039,131557,222.0196,1960.5,0.61023,ink,traced,2324.0,0.62168,ink,traced
148040,131558,222.0212,1961.5,0.61233,ink,traced,2321.5,0.627,ink,traced
148041,131559,222.0228,1960.5,0.61024,ink,traced,2324.0,0.62168,ink,traced
148042,131560,222.0244,1960.5,0.61024,ink,traced,2323.0,0.6238,ink,traced
148043,131561,222.026,1960.5,0.61024,ink,traced,2323.0,0.6238,ink,traced
148044,131562,222.0277,1960.5,0.61024,ink,traced,2324.5,0.62061,ink,traced
148045,131563,222.0293,1961.0,0.6113,ink,traced,2324.0,0.62167,ink,traced
148046,131564,222.0309,1961.0,0.6113,ink,traced,2324.5,0.6206,ink,traced
148047,131565,222.0325,1961.0,0.6113,ink,traced,2324.5,0.6206,ink,traced
148048,131566,222.0341,1961.0,0.6113,ink,traced,2324.5,0.6206,ink,traced
148049,131567,222.0358,1961.0,0.6113,ink,traced,2323.5,0.62272,ink,traced
148050,131568,222.0374,1960.5,0.61026,ink,traced,2323.5,0.62272,ink,traced
148051,131569,222.039,1960.5,0.61026,ink,traced,2324.0,0.62166,ink,traced
148052,131570,222.0406,1960.5,0.61026,ink,traced,2324.0,0.62165,ink,traced
148053,131571,222.0423,1961.5,0.61236,ink,traced,2322.0,0.62591,ink,traced
148054,131572,222.0439,1961.0,0.61131,ink,traced,2323.5,0.62271,ink,traced
148055,131573,222.0455,1961.0,0.61132,ink,traced,2324.0,0.62165,ink,traced
148056,131574,222.0471,1961.5,0.61237,ink,traced,2323.5,0.62271,ink,traced
148057,131575,222.0487,1961.0,0.61132,ink,traced,2320.5,0.62909,ink,traced
148058,131576,222.0504,1961.0,0.61132,ink,traced,2323.5,0.62271,ink,traced
148059,131577,222.052,1961.5,0.61237,ink,traced,2323.5,0.6227,ink,traced
148060,131578,222.0536,1961.0,0.61133,ink,traced,2323.0,0.62376,ink,traced
148061,131579,222.0552,1961.0,0.61133,ink,traced,2323.0,0.62376,ink,traced
148062,131580,222.0568,1961.5,0.61238,ink,traced,2323.5,0.6227,ink,traced
148063,131581,222.0585,1961.5,0.61238,ink,traced,2323.0,0.62376,ink,traced
148064,131582,222.0601,1962.0,0.61343,ink,traced,2324.0,0.62163,ink,traced
148065,131583,222.0617,1962.0,0.61344,ink,traced,2323.5,0.62269,ink,traced
148066,131584,222.0633,1962.0,0.61344,ink,traced,2323.5,0.62269,ink,traced
148067,131585,222.0649,1961.5,0.61239,ink,traced,2324.5,0.62056,ink,traced
148068,131586,222.0666,1962.0,0.61344,ink,traced,2324.0,0.62162,ink,traced
148069,131587,222.0682,1962.0,0.61345,ink,traced,2324.0,0.62162,ink,traced
148070,131588,222.0698,1962.0,0.61345,ink,traced,2324.0,0.62161,ink,traced
148071,131589,222.0714,1961.0,0.61135,ink,traced,2323.5,0.62268,ink,traced
148072,131590,222.0731,1961.0,0.61135,ink,traced,2324.0,0.62161,ink,traced
148073,131591,222.0747,1960.5,0.61031,ink,traced,2324.0,0.62161,ink,traced
148074,131592,222.0763,1960.0,0.60926,hole,traced,2324.0,0.62161,ink,traced
148075,131593,222.0779,1984.0,0.65962,faint,traced,2324.5,0.62054,ink,traced
148076,131594,222.0795,1959.0,0.60717,hole,traced,2324.5,0.62054,ink,traced
148077,131595,222.0812,1945.0,0.57779,faint,traced,2324.0,0.6216,ink,traced
148078,131596,222.0828,1945.0,0.57779,ink,traced,2321.5,0.62692,ink,traced
148079,131597,222.0844,1946.5,0.58094,ink,traced,2320.5,0.62904,ink,traced
148080,131598,222.086,1947.0,0.58199,ink,traced,2324.0,0.62159,ink,traced
148081,131599,222.0876,1946.0,0.5799,ink,traced,2324.0,0.62159,ink,traced
148082,131600,222.0893,1945.0,0.5778,ink,traced,2324.0,0.62159,ink,traced
148083,131601,222.0909,1946.0,0.5799,faint,traced,2324.0,0.62159,ink,traced
148084,131602,222.0925,1816.0,0.305,faint,traced,2324.0,0.62158,ink,traced
148085,131603,222.0941,1926.0,0.53794,faint,traced,2320.5,0.62903,ink,traced
148086,131604,222.0957,1914.0,0.51276,gap,traced,2324.0,0.62158,ink,traced
148087,131605,222.0974,1918.0,0.52115,faint,traced,2324.5,0.62051,ink,traced
148088,131606,222.099,2052.0,0.80235,faint,traced,2324.5,0.62051,ink,traced
148089,131607,222.1006,2054.0,0.80654,faint,traced,2324.0,0.62157,ink,traced
148090,131608,222.1022,2034.0,0.76458,faint,traced,2321.5,0.62689,ink,traced
148091,131609,222.1038,1892.0,0.46624,faint,traced,2324.0,0.62157,ink,traced
148092,131610,222.1055,1854.0,0.38563,faint,traced,2322.0,0.62582,ink,traced
148093,131611,222.1071,1721.0,0.1035,gap,traced,2321.5,0.62688,ink,traced
148094,131612,222.1087,1720.0,0.10138,faint,traced,2320.0,0.63008,ink,traced
148095,131613,222.1103,1708.0,0.07593,gap,traced,2323.5,0.62262,ink,traced
148096,131614,222.112,1696.0,0.05047,faint,traced,2324.0,0.62156,ink,traced
148097,131615,222.1136,1866.0,0.4111,faint,traced,2323.5,0.62262,ink,traced
148098,131616,222.1152,1860.0,0.39837,faint,traced,2323.0,0.62368,ink,traced
148099,131617,222.1168,1890.0,0.46201,gap,traced,2323.0,0.62368,ink,traced
148100,131618,222.1184,1890.0,0.46202,faint,traced,2323.5,0.62261,ink,traced
148101,131619,222.1201,1874.0,0.42808,faint,traced,2324.5,0.62048,ink,traced
148102,131620,222.1217,1890.0,0.46202,faint,traced,2324.5,0.62048,ink,traced
148103,131621,222.1233,1884.0,0.44929,faint,traced,2323.0,0.62367,ink,traced
148104,131622,222.1249,1885.0,0.45142,gap,traced,2322.0,0.6258,ink,traced
148105,131623,222.1265,1938.0,0.56316,faint,traced,2324.0,0.62154,ink,traced
148106,131624,222.1282,1860.0,0.39839,faint,traced,2324.5,0.62047,ink,traced
148107,131625,222.1298,1885.0,0.45142,faint,traced,2324.5,0.62047,ink,traced
148108,131626,222.1314,1884.0,0.44931,gap,traced,2324.5,0.62047,ink,traced
148109,131627,222.133,1886.0,0.45355,faint,traced,2324.0,0.62153,ink,traced
148110,131628,222.1346,1816.0,0.30506,gap,traced,2324.0,0.62153,ink,traced
148111,131629,222.1363,1846.0,0.3687,gap,traced,2324.0,0.62152,ink,traced
148112,131630,222.1379,1866.0,0.41113,gap,traced,2324.0,0.62152,ink,traced
148113,131631,222.1395,1884.0,0.44932,ink,traced,2324.0,0.62152,ink,traced
148114,131632,222.1411,2032.0,0.76043,gap,traced,2324.0,0.62152,ink,traced
148115,131633,222.1428,2090.0,0.88214,gap,traced,2323.5,0.62258,ink,traced
148116,131634,222.1444,2104.0,0.91152,gap,traced,2323.5,0.62258,ink,traced
148117,131635,222.146,2081.0,0.86326,faint,traced,2323.0,0.62364,ink,traced
148118,131636,222.1476,1962.0,0.61355,ink,traced,2323.5,0.62257,ink,traced
148119,131637,222.1492,1966.5,0.623,ink,traced,2323.5,0.62257,ink,traced
148120,131638,222.1509,1965.5,0.6209,ink,traced,2324.0,0.6215,ink,traced
148121,131639,222.1525,1966.0,0.62195,ink,traced,2324.0,0.6215,ink,traced
148122,131640,222.1541,1965.0,0.61986,ink,traced,2323.5,0.62256,ink,traced
148123,131641,222.1557,1967.0,0.62405,ink,traced,2324.0,0.6215,ink,traced
148124,131642,222.1573,1966.0,0.62196,ink,traced,2324.0,0.6215,ink,traced
148125,131643,222.159,1963.0,0.61567,ink,traced,2323.5,0.62256,ink,traced
148126,131644,222.1606,1966.0,0.62196,ink,traced,2324.0,0.62149,ink,traced
148127,131645,222.1622,1966.0,0.62196,ink,traced,2324.0,0.62149,ink,traced
148128,131646,222.1638,1967.0,0.62407,ink,traced,2324.5,0.62042,ink,traced
148129,131647,222.1654,1966.5,0.62302,ink,traced,2324.5,0.62042,ink,traced
148130,131648,222.1671,1966.0,0.62197,ink,traced,2324.0,0.62148,ink,traced
148131,131649,222.1687,1966.5,0.62302,ink,traced,2323.5,0.62254,ink,traced
148132,131650,222.1703,1966.0,0.62198,ink,traced,2323.5,0.62254,ink,traced
148133,131651,222.1719,1965.0,0.61988,ink,traced,2323.5,0.62254,ink,traced
148134,131652,222.1735,1965.0,0.61988,ink,traced,2323.5,0.62254,ink,traced
148135,131653,222.1752,1965.0,0.61988,ink,traced,2323.5,0.62254,ink,traced
148136,131654,222.1768,1965.5,0.62094,ink,traced,2323.0,0.6236,ink,traced
148137,131655,222.1784,1965.0,0.61989,ink,traced,2322.5,0.62466,ink,traced
148138,131656,222.18,1965.0,0.61989,ink,traced,2321.5,0.62679,ink,traced
148139,131657,222.1817,1965.0,0.61989,ink,traced,2319.5,0.63104,ink,traced
148140,131658,222.1833,1965.5,0.62094,ink,traced,2318.0,0.63423,ink,traced
148141,131659,222.1849,1965.0,0.6199,ink,traced,2314.5,0.64168,ink,traced
148142,131660,222.1865,1965.0,0.6199,ink,traced,2312.5,0.64593,ink,traced
148143,131661,222.1881,1965.0,0.6199,ink,traced,2303.0,0.66615,ink,traced
148144,131662,222.1898,1965.0,0.6199,ink,traced,2306.5,0.6587,ink,traced
148145,131663,222.1914,1965.0,0.61991,ink,traced,2302.0,0.66827,ink,traced
148146,131664,222.193,1965.0,0.61991,ink,traced,2299.0,0.67465,ink,traced
148147,131665,222.1946,1965.5,0.62096,ink,traced,2295.5,0.6821,ink,traced
148148,131666,222.1962,1966.0,0.62201,ink,traced,2292.5,0.68848,ink,traced
148149,131667,222.1979,1965.5,0.62096,ink,traced,2291.0,0.69167,ink,traced
148150,131668,222.1995,1965.0,0.61992,ink,traced,2285.5,0.70338,ink,traced
148151,131669,222.2011,1965.0,0.61992,ink,traced,2283.5,0.70763,ink,traced
148152,131670,222.2027,1965.0,0.61992,ink,traced,2278.5,0.71827,ink,traced
148153,131671,222.2043,1965.0,0.61992,ink,traced,2277.5,0.7204,ink,traced
148154,131672,222.206,1965.5,0.62097,ink,traced,2277.0,0.72146,ink,traced
148155,131673,222.2076,1965.5,0.62098,ink,traced,2270.0,0.73635,ink,traced
148156,131674,222.2092,1966.0,0.62203,ink,traced,2268.0,0.74061,ink,traced
148157,131675,222.2108,1966.0,0.62203,ink,traced,2263.0,0.75125,ink,traced
148158,131676,222.2125,1965.5,0.62098,ink,traced,2262.5,0.75231,ink,traced
148159,131677,222.2141,1965.5,0.62098,ink,traced,2261.0,0.7555,ink,traced
148160,131678,222.2157,1965.5,0.62099,ink,traced,2258.0,0.76188,ink,traced
148161,131679,222.2173,1966.0,0.62204,ink,traced,2254.5,0.76933,ink,traced
148162,131680,222.2189,1966.0,0.62204,ink,traced,2249.5,0.77997,ink,traced
148163,131681,222.2206,1966.0,0.62204,ink,traced,2248.5,0.78209,ink,traced
148164,131682,222.2222,1966.0,0.62204,ink,traced,2244.5,0.79061,ink,traced
148165,131683,222.2238,1966.0,0.62205,ink,traced,2244.5,0.7906,ink,traced
148166,131684,222.2254,1966.0,0.62205,ink,traced,2242.5,0.79486,ink,traced
148167,131685,222.227,1966.0,0.62205,ink,traced,2238.0,0.80443,ink,traced
148168,131686,222.2287,1966.0,0.62205,ink,traced,2236.5,0.80762,ink,traced
148169,131687,222.2303,1966.0,0.62206,ink,traced,2234.0,0.81294,ink,traced
148170,131688,222.2319,1966.5,0.62311,ink,traced,2231.0,0.81932,ink,traced
148171,131689,222.2335,1966.5,0.62311,ink,traced,2227.5,0.82677,ink,traced
148172,131690,222.2351,1966.5,0.62311,ink,traced,2226.0,0.82996,ink,traced
148173,131691,222.2368,1966.5,0.62311,ink,traced,2219.0,0.84486,ink,traced
148174,131692,222.2384,1967.0,0.62416,ink,traced,2217.0,0.84911,ink,traced
148175,131693,222.24,1966.5,0.62312,ink,traced,2215.0,0.85337,ink,traced
148176,131694,222.2416,1966.0,0.62207,ink,traced,2213.5,0.85656,ink,traced
148177,131695,222.2432,1966.5,0.62312,ink,traced,2207.0,0.87039,ink,traced
148178,131696,222.2449,1966.5,0.62312,ink,traced,2206.0,0.87251,ink,traced
148179,131697,222.2465,1966.5,0.62313,ink,traced,2204.5,0.8757,ink,traced
148180,131698,222.2481,1967.0,0.62418,ink,traced,2203.0,0.87889,ink,traced
148181,131699,222.2497,1967.0,0.62418,ink,traced,2200.0,0.88528,ink,traced
148182,131700,222.2514,1966.5,0.62313,ink,traced,2195.0,0.89592,ink,traced
148183,131701,222.253,1966.5,0.62314,ink,traced,2193.0,0.90017,ink,traced
148184,131702,222.2546,1966.5,0.62314,ink,traced,2190.0,0.90655,ink,traced
148185,131703,222.2562,1967.0,0.62419,ink,traced,2186.0,0.91506,ink,traced
148186,131704,222.2578,1967.0,0.62419,ink,traced,2184.0,0.91932,ink,traced
148187,131705,222.2595,1966.5,0.62314,ink,traced,2180.0,0.92783,ink,traced
148188,131706,222.2611,1967.0,0.6242,ink,traced,2179.5,0.92889,ink,traced
148189,131707,222.2627,1967.5,0.62525,ink,traced,2177.5,0.93315,ink,traced
148190,131708,222.2643,1967.5,0.62525,ink,traced,2172.0,0.94485,ink,traced
148191,131709,222.2659,1968.0,0.6263,ink,traced,2170.5,0.94804,ink,traced
148192,131710,222.2676,1968.0,0.6263,ink,traced,2169.0,0.95123,ink,traced
148193,131711,222.2692,1968.0,0.6263,ink,traced,2167.5,0.95442,ink,traced
148194,131712,222.2708,1967.5,0.62526,ink,traced,2167.0,0.95548,ink,traced
148195,131713,222.2724,1967.5,0.62526,ink,traced,2164.5,0.9608,ink,traced
148196,131714,222.274,1967.5,0.62526,ink,traced,2164.5,0.9608,ink,traced
148197,131715,222.2757,1968.0,0.62631,ink,traced,2164.5,0.9608,ink,traced
148198,131716,222.2773,1968.0,0.62632,ink,traced,2170.0,0.94909,ink,traced
148199,131717,222.2789,1968.5,0.62737,ink,traced,2165.5,0.95866,ink,traced
148200,131718,222.2805,1968.5,0.62737,ink,traced,2166.5,0.95653,ink,traced
148201,131719,222.2822,1968.0,0.62632,ink,traced,2172.0,0.94482,ink,traced
148202,131720,222.2838,1968.0,0.62632,ink,traced,2176.0,0.93631,ink,traced
148203,131721,222.2854,1968.0,0.62633,ink,traced,2178.0,0.93205,ink,traced
148204,131722,222.287,1967.5,0.62528,ink,traced,2183.0,0.92141,ink,traced
148205,131723,222.2886,1969.0,0.62843,ink,traced,2187.0,0.91289,ink,traced
148206,131724,222.2903,1968.0,0.62633,ink,traced,2191.0,0.90438,ink,traced
148207,131725,222.2919,1968.0,0.62633,ink,traced,2199.0,0.88735,ink,traced
148208,131726,222.2935,1968.0,0.62634,ink,traced,2206.0,0.87245,ink,traced
148209,131727,222.2951,1968.0,0.62634,ink,traced,2213.0,0.85755,ink,traced
148210,131728,222.2967,1968.0,0.62634,ink,traced,2217.5,0.84797,ink,traced
148211,131729,222.2984,1968.0,0.62634,ink,traced,2218.0,0.8469,ink,traced
148212,131730,222.3,1968.0,0.62635,ink,traced,2241.0,0.79795,ink,traced
148213,131731,222.3016,1968.0,0.62635,ink,traced,2248.0,0.78305,ink,traced
148214,131732,222.3032,1968.0,0.62635,ink,traced,2253.0,0.77241,ink,traced
148215,131733,222.3048,1968.0,0.62635,ink,traced,2263.0,0.75112,ink,traced
148216,131734,222.3065,1968.0,0.62635,ink,traced,2276.0,0.72345,ink,traced
148217,131735,222.3081,1968.0,0.62636,ink,traced,2282.0,0.71068,ink,traced
148218,131736,222.3097,1969.0,0.62846,ink,traced,2282.0,0.71068,ink,traced
148219,131737,222.3113,1969.0,0.62846,ink,traced,2322.0,0.62554,ink,traced
148220,131738,222.3129,1968.5,0.62741,ink,traced,2327.0,0.6149,ink,traced
148221,131739,222.3146,1969.0,0.62846,ink,traced,2327.0,0.6149,ink,traced
148222,131740,222.3162,1968.5,0.62742,ink,traced,2327.0,0.6149,ink,traced
148223,131741,222.3178,1969.0,0.62847,ink,traced,2327.0,0.61489,ink,traced
148224,131742,222.3194,1969.5,0.62952,ink,traced,2327.0,0.61489,ink,traced
148225,131743,222.3211,1969.0,0.62847,ink,traced,2326.0,0.61702,ink,traced
148226,131744,222.3227,1969.0,0.62847,ink,traced,2321.0,0.62766,ink,traced
148227,131745,222.3243,1969.5,0.62953,ink,traced,2324.0,0.62127,ink,traced
148228,131746,222.3259,1969.5,0.62953,ink,traced,2321.0,0.62765,ink,traced
148229,131747,222.3275,1969.5,0.62953,ink,traced,2318.5,0.63297,ink,traced
148230,131748,222.3292,1969.0,0.62848,ink,traced,2318.0,0.63403,ink,traced
148231,131749,222.3308,1969.0,0.62849,ink,traced,2320.0,0.62977,ink,traced
148232,131750,222.3324,1970.0,0.63059,ink,traced,2317.0,0.63616,ink,traced
148233,131751,222.334,1969.5,0.62954,ink,traced,2317.0,0.63615,ink,traced
148234,131752,222.3356,1969.0,0.62849,ink,traced,2317.5,0.63509,ink,traced
148235,131753,222.3373,1969.0,0.62849,ink,traced,2319.5,0.63083,ink,traced
148236,131754,222.3389,1969.5,0.62955,ink,traced,2319.0,0.63189,ink,traced
148237,131755,222.3405,1969.5,0.62955,ink,traced,2318.5,0.63295,ink,traced
148238,131756,222.3421,1969.0,0.6285,ink,traced,2320.0,0.62976,ink,traced
148239,131757,222.3437,1968.5,0.62745,ink,traced,2321.0,0.62763,ink,traced
148240,131758,222.3454,1969.0,0.6285,ink,traced,2321.0,0.62763,ink,traced
148241,131759,222.347,1969.0,0.62851,ink,traced,2321.0,0.62762,ink,traced
148242,131760,222.3486,1969.0,0.62851,ink,traced,2322.0,0.62549,ink,traced
148243,131761,222.3502,1969.0,0.62851,ink,traced,2322.0,0.62549,ink,traced
148244,131762,222.3519,1969.0,0.62851,ink,traced,2320.5,0.62868,ink,traced
148245,131763,222.3535,1969.5,0.62956,ink,traced,2323.0,0.62336,ink,traced
148246,131764,222.3551,1969.5,0.62957,ink,traced,2323.0,0.62336,ink,traced
148247,131765,222.3567,1969.5,0.62957,ink,traced,2323.0,0.62335,ink,traced
148248,131766,222.3583,1970.0,0.63062,ink,traced,2323.0,0.62335,ink,traced
148249,131767,222.36,1970.0,0.63062,ink,traced,2323.0,0.62335,ink,traced
148250,131768,222.3616,1970.0,0.63062,ink,traced,2324.5,0.62016,ink,traced
148251,131769,222.3632,1970.5,0.63168,ink,traced,2323.0,0.62335,ink,traced
148252,131770,222.3648,1969.5,0.62958,ink,traced,2324.0,0.62122,ink,traced
148253,131771,222.3664,1970.0,0.63063,ink,traced,2324.5,0.62015,ink,traced
148254,131772,222.3681,1970.0,0.63063,ink,traced,2325.0,0.61908,ink,traced
148255,131773,222.3697,1970.5,0.63168,ink,traced,2321.5,0.62653,ink,traced
148256,131774,222.3713,1970.0,0.63064,ink,traced,2324.0,0.62121,ink,traced
148257,131775,222.3729,1969.5,0.62959,ink,traced,2324.0,0.6212,ink,traced
148258,131776,222.3745,1969.5,0.62959,ink,traced,2324.0,0.6212,ink,traced
148259,131777,222.3762,1970.0,0.63064,ink,traced,2324.5,0.62014,ink,traced
148260,131778,222.3778,1970.5,0.63169,ink,traced,2324.0,0.6212,ink,traced
148261,131779,222.3794,1970.5,0.6317,ink,traced,2324.0,0.6212,ink,traced
148262,131780,222.381,1970.0,0.63065,ink,traced,2324.0,0.62119,ink,traced
148263,131781,222.3826,1969.5,0.6296,ink,traced,2324.5,0.62013,ink,traced
148264,131782,222.3843,1969.5,0.6296,ink,traced,2324.0,0.62119,ink,traced
148265,131783,222.3859,1968.0,0.62646,ink,traced,2324.5,0.62012,ink,traced
148266,131784,222.3875,1968.5,0.62751,ink,traced,2324.5,0.62012,ink,traced
148267,131785,222.3891,1970.0,0.63066,ink,traced,2324.5,0.62012,ink,traced
148268,131786,222.3908,1970.0,0.63066,ink,traced,2324.0,0.62118,ink,traced
148269,131787,222.3924,1970.0,0.63066,ink,traced,2325.0,0.61905,ink,traced
148270,131788,222.394,1970.5,0.63172,ink,traced,2324.5,0.62011,ink,traced
148271,131789,222.3956,1969.0,0.62857,ink,traced,2325.0,0.61905,ink,traced
148272,131790,222.3972,1970.5,0.63172,ink,traced,2324.5,0.62011,ink,traced
148273,131791,222.3989,1970.0,0.63067,ink,traced,2325.0,0.61904,ink,traced
148274,131792,222.4005,1970.5,0.63172,ink,traced,2325.0,0.61904,ink,traced
148275,131793,222.4021,1970.5,0.63173,ink,traced,2324.0,0.62117,ink,traced
148276,131794,222.4037,1970.0,0.63068,ink,traced,2324.5,0.6201,ink,traced
148277,131795,222.4053,1971.0,0.63278,ink,traced,2324.5,0.6201,ink,traced
148278,131796,222.407,1970.5,0.63173,ink,traced,2324.0,0.62116,ink,traced
148279,131797,222.4086,1971.0,0.63278,ink,traced,2323.5,0.62222,ink,traced
148280,131798,222.4102,1971.0,0.63279,ink,traced,2324.5,0.62009,ink,traced
148281,131799,222.4118,1971.0,0.63279,ink,traced,2323.5,0.62222,ink,traced
148282,131800,222.4134,1970.5,0.63174,ink,traced,2323.5,0.62222,ink,traced
148283,131801,222.4151,1970.0,0.63069,ink,traced,2323.5,0.62221,ink,traced
148284,131802,222.4167,1971.0,0.63279,ink,traced,2324.0,0.62115,ink,traced
148285,131803,222.4183,1971.0,0.6328,ink,traced,2323.5,0.62221,ink,traced
148286,131804,222.4199,1969.0,0.6286,ink,traced,2324.0,0.62114,ink,traced
148287,131805,222.4216,1971.0,0.6328,ink,traced,2324.0,0.62114,ink,traced
148288,131806,222.4232,1969.5,0.62966,ink,traced,2324.5,0.62007,ink,traced
148289,131807,222.4248,1970.5,0.63176,ink,traced,2324.5,0.62007,ink,traced
148290,131808,222.4264,1971.0,0.63281,ink,traced,2324.5,0.62007,ink,traced
148291,131809,222.428,1969.5,0.62966,ink,traced,2324.0,0.62113,ink,traced
148292,131810,222.4297,1971.0,0.63281,ink,traced,2324.0,0.62113,ink,traced
148293,131811,222.4313,1971.0,0.63281,ink,traced,2323.5,0.62219,ink,traced
148294,131812,222.4329,1971.0,0.63282,ink,traced,2324.5,0.62006,ink,traced
148295,131813,222.4345,1970.5,0.63177,ink,traced,2324.5,0.62006,ink,traced
148296,131814,222.4361,1971.0,0.63282,ink,traced,2324.0,0.62112,ink,traced
148297,131815,222.4378,1970.5,0.63177,ink,traced,2323.0,0.62325,ink,traced
148298,131816,222.4394,1971.0,0.63282,ink,traced,2323.5,0.62218,ink,traced
148299,131817,222.441,1971.0,0.63283,ink,traced,2324.0,0.62112,ink,traced
148300,131818,222.4426,1968.5,0.62758,ink,traced,2324.5,0.62005,ink,traced
148301,131819,222.4442,1969.0,0.62863,ink,traced,2324.5,0.62005,ink,traced
148302,131820,222.4459,1971.5,0.63388,ink,traced,2324.0,0.62111,ink,traced
148303,131821,222.4475,1971.0,0.63283,ink,traced,2324.0,0.62111,ink,traced
148304,131822,222.4491,1971.0,0.63284,ink,traced,2324.5,0.62004,ink,traced
148305,131823,222.4507,1971.0,0.63284,ink,traced,2324.0,0.6211,ink,traced
148306,131824,222.4524,1972.0,0.63494,ink,traced,2324.0,0.6211,ink,traced
148307,131825,222.454,1972.0,0.63494,ink,traced,2324.5,0.62003,ink,traced
148308,131826,222.4556,1971.5,0.63389,ink,traced,2324.5,0.62003,ink,traced
148309,131827,222.4572,1971.5,0.6339,ink,traced,2324.5,0.62003,ink,traced
148310,131828,222.4588,1971.5,0.6339,ink,traced,2324.0,0.62109,ink,traced
148311,131829,222.4605,1969.5,0.6297,ink,traced,2324.0,0.62109,ink,traced
148312,131830,222.4621,1971.0,0.63285,ink,traced,2324.0,0.62109,ink,traced
148313,131831,222.4637,1971.0,0.63286,ink,traced,2323.5,0.62215,ink,traced
148314,131832,222.4653,1970.5,0.63181,ink,traced,2323.5,0.62215,ink,traced
148315,131833,222.4669,1971.0,0.63286,ink,traced,2324.0,0.62108,ink,traced
148316,131834,222.4686,1971.0,0.63286,ink,traced,2324.0,0.62108,ink,traced
148317,131835,222.4702,1970.5,0.63181,ink,traced,2324.0,0.62108,ink,traced
148318,131836,222.4718,1971.0,0.63287,ink,traced,2324.0,0.62107,ink,traced
148319,131837,222.4734,1970.5,0.63182,ink,traced,2323.5,0.62214,ink,traced
148320,131838,222.475,1970.0,0.63077,ink,traced,2321.0,0.62746,ink,traced
148321,131839,222.4767,1971.5,0.63392,ink,traced,2324.0,0.62107,ink,traced
148322,131840,222.4783,1971.5,0.63392,ink,traced,2320.5,0.62852,ink,traced
148323,131841,222.4799,1970.5,0.63183,ink,traced,2324.0,0.62106,ink,traced
148324,131842,222.4815,1970.0,0.63078,ink,traced,2324.0,0.62106,ink,traced
148325,131843,222.4831,1971.5,0.63393,ink,traced,2323.5,0.62212,ink,traced
148326,131844,222.4848,1972.5,0.63603,ink,traced,2324.0,0.62106,ink,traced
148327,131845,222.4864,1972.0,0.63498,ink,traced,2322.0,0.62531,ink,traced
148328,131846,222.488,1972.5,0.63603,ink,traced,2324.0,0.62105,ink,traced
148329,131847,222.4896,1972.0,0.63499,ink,traced,2324.0,0.62105,ink,traced
148330,131848,222.4913,1971.5,0.63394,ink,traced,2323.5,0.62211,ink,traced
148331,131849,222.4929,1971.5,0.63394,ink,traced,2323.5,0.62211,ink,traced
148332,131850,222.4945,1973.0,0.63709,ink,traced,2323.5,0.62211,ink,traced
148333,131851,222.4961,1971.5,0.63395,ink,traced,2324.0,0.62104,ink,traced
148334,131852,222.4977,1972.0,0.635,ink,traced,2324.0,0.62104,ink,traced
148335,131853,222.4994,1972.0,0.635,ink,traced,2324.5,0.61997,ink,traced
148336,131854,222.501,1971.0,0.6329,ink,traced,2324.0,0.62104,ink,traced
148337,131855,222.5026,1971.5,0.63396,ink,traced,2324.0,0.62103,ink,traced
148338,131856,222.5042,1972.0,0.63501,ink,traced,2321.5,0.62635,ink,traced
148339,131857,222.5058,1970.5,0.63186,ink,traced,2320.5,0.62848,ink,traced
148340,131858,222.5075,1972.5,0.63606,ink,traced,2323.0,0.62316,ink,traced
148341,131859,222.5091,1969.5,0.62977,ink,traced,2321.5,0.62635,ink,traced
148342,131860,222.5107,1972.5,0.63606,ink,traced,2321.0,0.62741,ink,traced
148343,131861,222.5123,1972.0,0.63502,ink,traced,2324.5,0.61996,ink,traced
148344,131862,222.5139,1971.5,0.63397,ink,traced,2324.0,0.62102,ink,traced
148345,131863,222.5156,1970.0,0.63082,ink,traced,2324.5,0.61995,ink,traced
148346,131864,222.5172,1972.5,0.63607,ink,traced,2323.5,0.62208,ink,traced
148347,131865,222.5188,1972.5,0.63607,ink,traced,2323.0,0.62314,ink,traced
148348,131866,222.5204,1972.5,0.63608,ink,traced,2322.5,0.6242,ink,traced
148349,131867,222.5221,1970.5,0.63188,ink,traced,2323.0,0.62314,ink,traced
148350,131868,222.5237,1970.0,0.63083,ink,traced,2323.0,0.62313,ink,traced
148351,131869,222.5253,1972.5,0.63608,ink,traced,2324.0,0.621,ink,traced
148352,131870,222.5269,1971.5,0.63399,ink,traced,2323.5,0.62207,ink,traced
148353,131871,222.5285,1972.0,0.63504,ink,traced,2323.5,0.62206,ink,traced
148354,131872,222.5302,1972.0,0.63504,ink,traced,2323.0,0.62313,ink,traced
148355,131873,222.5318,1970.5,0.63189,ink,traced,2319.5,0.63057,ink,traced
148356,131874,222.5334,1971.5,0.63399,ink,traced,2320.0,0.62951,ink,traced
148357,131875,222.535,1972.0,0.63505,ink,traced,2322.5,0.62418,ink,traced
148358,131876,222.5366,1972.0,0.63505,ink,traced,2322.5,0.62418,ink,traced
148359,131877,222.5383,1972.5,0.6361,ink,traced,2323.0,0.62312,ink,traced
148360,131878,222.5399,1972.5,0.6361,ink,traced,2324.0,0.62099,ink,traced
148361,131879,222.5415,1972.5,0.6361,ink,traced,2323.0,0.62311,ink,traced
148362,131880,222.5431,1972.5,0.63611,ink,traced,2322.0,0.62524,ink,traced
148363,131881,222.5447,1971.0,0.63296,ink,traced,2322.5,0.62417,ink,traced
148364,131882,222.5464,1972.5,0.63611,ink,traced,2320.0,0.62949,ink,traced
148365,131883,222.548,1971.0,0.63296,ink,traced,2320.0,0.62949,ink,traced
148366,131884,222.5496,1969.5,0.62982,ink,traced,2322.5,0.62416,ink,traced
148367,131885,222.5512,1972.5,0.63612,ink,traced,2322.5,0.62416,ink,traced
148368,131886,222.5528,1972.0,0.63507,ink,traced,2322.5,0.62416,ink,traced
148369,131887,222.5545,1972.0,0.63507,ink,traced,2321.5,0.62629,ink,traced
148370,131888,222.5561,1973.0,0.63717,ink,traced,2320.5,0.62841,ink,traced
148371,131889,222.5577,1973.0,0.63717,ink,traced,2322.0,0.62522,ink,traced
148372,131890,222.5593,1972.5,0.63613,ink,traced,2322.5,0.62415,ink,traced
148373,131891,222.561,1972.5,0.63613,ink,traced,2322.0,0.62521,ink,traced
148374,131892,222.5626,1973.0,0.63718,ink,traced,2322.0,0.62521,ink,traced
148375,131893,222.5642,1973.0,0.63718,ink,traced,2322.5,0.62415,ink,traced
148376,131894,222.5658,1972.0,0.63509,ink,traced,2322.5,0.62414,ink,traced
148377,131895,222.5674,1972.5,0.63614,ink,traced,2322.0,0.62521,ink,traced
148378,131896,222.5691,1973.0,0.63719,ink,traced,2320.0,0.62946,ink,traced
148379,131897,222.5707,1973.0,0.63719,ink,traced,2321.0,0.62733,ink,traced
148380,131898,222.5723,1972.5,0.63614,ink,traced,2322.0,0.6252,ink,traced
148381,131899,222.5739,1973.0,0.6372,ink,traced,2322.0,0.6252,ink,traced
148382,131900,222.5755,1972.5,0.63615,ink,traced,2321.5,0.62626,ink,traced
148383,131901,222.5772,1971.5,0.63405,ink,traced,2321.5,0.62626,ink,traced
148384,131902,222.5788,1972.5,0.63615,ink,traced,2321.5,0.62625,ink,traced
148385,131903,222.5804,1972.5,0.63615,ink,traced,2321.5,0.62625,ink,traced
148386,131904,222.582,1970.5,0.63196,ink,traced,2321.5,0.62625,ink,traced
148387,131905,222.5836,1973.0,0.63721,ink,traced,2321.0,0.62731,ink,traced
148388,131906,222.5853,1973.0,0.63721,ink,traced,2321.5,0.62625,ink,traced
148389,131907,222.5869,1971.0,0.63302,ink,traced,2321.5,0.62624,ink,traced
148390,131908,222.5885,1973.5,0.63826,ink,traced,2321.0,0.62731,ink,traced
148391,131909,222.5901,1973.0,0.63722,ink,traced,2321.0,0.6273,ink,traced
148392,131910,222.5918,1973.0,0.63722,ink,traced,2320.5,0.62837,ink,traced
148393,131911,222.5934,1972.0,0.63512,ink,traced,2321.0,0.6273,ink,traced
148394,131912,222.595,1973.0,0.63722,ink,traced,2320.5,0.62836,ink,traced
148395,131913,222.5966,1971.5,0.63408,ink,traced,2320.5,0.62836,ink,traced
148396,131914,222.5982,1973.0,0.63723,ink,traced,2320.0,0.62942,ink,traced
148397,131915,222.5999,1971.0,0.63303,ink,traced,2321.0,0.62729,ink,traced
148398,131916,222.6015,1973.5,0.63828,ink,traced,2320.5,0.62835,ink,traced
148399,131917,222.6031,1973.0,0.63723,ink,traced,2320.5,0.62835,ink,traced
148400,131918,222.6047,1971.0,0.63304,ink,traced,2320.5,0.62835,ink,traced
148401,131919,222.6063,1973.5,0.63829,ink,traced,2320.5,0.62835,ink,traced
148402,131920,222.608,1972.5,0.63619,ink,traced,2320.5,0.62834,ink,traced
148403,131921,222.6096,1972.0,0.63514,ink,traced,2320.5,0.62834,ink,traced
148404,131922,222.6112,1973.0,0.63724,ink,traced,2320.5,0.62834,ink,traced
148405,131923,222.6128,1974.0,0.63934,ink,traced,2320.5,0.62834,ink,traced
148406,131924,222.6144,1973.0,0.63725,ink,traced,2320.5,0.62834,ink,traced
148407,131925,222.6161,1972.5,0.6362,ink,traced,2320.5,0.62833,ink,traced
148408,131926,222.6177,1972.0,0.63515,ink,traced,2320.5,0.62833,ink,traced
148409,131927,222.6193,1973.0,0.63725,ink,traced,2315.0,0.64004,ink,traced
148410,131928,222.6209,1974.5,0.6404,ink,traced,2319.5,0.63046,ink,traced
148411,131929,222.6225,1973.0,0.63726,ink,traced,2319.5,0.63045,ink,traced
148412,131930,222.6242,1974.5,0.64041,ink,traced,2319.5,0.63045,ink,traced
148413,131931,222.6258,1974.5,0.64041,ink,traced,2319.0,0.63151,ink,traced
148414,131932,222.6274,1973.5,0.63831,ink,traced,2319.0,0.63151,ink,traced
148415,131933,222.629,1973.0,0.63727,ink,traced,2317.5,0.6347,ink,traced
148416,131934,222.6307,1973.5,0.63832,ink,traced,2316.0,0.63789,ink,traced
148417,131935,222.6323,1973.0,0.63727,ink,traced,2313.5,0.64321,ink,traced
148418,131936,222.6339,1973.0,0.63727,ink,traced,2310.5,0.64959,ink,traced
148419,131937,222.6355,1973.5,0.63832,ink,traced,2303.0,0.66555,ink,traced
148420,131938,222.6371,1973.5,0.63833,ink,traced,2304.5,0.66236,ink,traced
148421,131939,222.6388,1973.0,0.63728,ink,traced,2300.0,0.67193,ink,traced
148422,131940,222.6404,1973.5,0.63833,ink,traced,2297.0,0.67832,ink,traced
148423,131941,222.642,1975.5,0.64253,ink,traced,2295.5,0.68151,ink,traced
148424,131942,222.6436,1973.0,0.63729,ink,traced,2291.0,0.69108,ink,traced
148425,131943,222.6452,1974.0,0.63939,ink,traced,2288.0,0.69746,ink,traced
148426,131944,222.6469,1973.0,0.63729,ink,traced,2283.5,0.70704,ink,traced
148427,131945,222.6485,1973.5,0.63834,ink,traced,2282.0,0.71023,ink,traced
148428,131946,222.6501,1973.5,0.63834,ink,traced,2277.5,0.7198,ink,traced
148429,131947,222.6517,1974.0,0.63939,ink,traced,2273.5,0.72832,ink,traced
148430,131948,222.6533,1975.0,0.64149,ink,traced,2272.0,0.73151,ink,traced
148431,131949,222.655,1975.0,0.6415,ink,traced,2266.0,0.74427,ink,traced
148432,131950,222.6566,1975.0,0.6415,ink,traced,2260.0,0.75704,ink,traced
148433,131951,222.6582,1974.0,0.6394,ink,traced,2261.5,0.75385,ink,traced
148434,131952,222.6598,1975.0,0.6415,ink,traced,2258.5,0.76023,ink,traced
148435,131953,222.6615,1973.5,0.63836,ink,traced,2256.5,0.76448,ink,traced
148436,131954,222.6631,1973.5,0.63836,ink,traced,2254.5,0.76874,ink,traced
148437,131955,222.6647,1973.5,0.63836,ink,traced,2250.5,0.77725,ink,traced
148438,131956,222.6663,1974.0,0.63941,ink,traced,2247.5,0.78363,ink,traced
148439,131957,222.6679,1973.5,0.63837,ink,traced,2245.0,0.78895,ink,traced
148440,131958,222.6696,1973.5,0.63837,ink,traced,2239.5,0.80065,ink,traced
148441,131959,222.6712,1973.5,0.63837,ink,traced,2239.5,0.80065,ink,traced
148442,131960,222.6728,1974.0,0.63942,ink,traced,2236.5,0.80703,ink,traced
148443,131961,222.6744,1973.5,0.63837,ink,traced,2234.0,0.81235,ink,traced
148444,131962,222.676,1974.0,0.63943,ink,traced,2230.5,0.8198,ink,traced
148445,131963,222.6777,1973.5,0.63838,ink,traced,2225.0,0.8315,ink,traced
148446,131964,222.6793,1974.0,0.63943,ink,traced,2224.5,0.83256,ink,traced
148447,131965,222.6809,1974.0,0.63943,ink,traced,2224.0,0.83363,ink,traced
148448,131966,222.6825,1973.5,0.63839,ink,traced,2213.0,0.85704,ink,traced
148449,131967,222.6841,1973.5,0.63839,ink,traced,2213.0,0.85703,ink,traced
148450,131968,222.6858,1973.5,0.63839,ink,traced,2209.5,0.86448,ink,traced
148451,131969,222.6874,1973.5,0.63839,ink,traced,2207.0,0.8698,ink,traced
148452,131970,222.689,1974.0,0.63944,ink,traced,2205.0,0.87405,ink,traced
148453,131971,222.6906,1974.0,0.63944,ink,traced,2203.0,0.87831,ink,traced
148454,131972,222.6922,1974.0,0.63945,ink,traced,2200.5,0.88363,ink,traced
148455,131973,222.6939,1973.5,0.6384,ink,traced,2197.0,0.89107,ink,traced
148456,131974,222.6955,1973.5,0.6384,ink,traced,2195.5,0.89426,ink,traced
148457,131975,222.6971,1974.0,0.63945,ink,traced,2192.0,0.90171,ink,traced
148458,131976,222.6987,1973.5,0.63841,ink,traced,2190.5,0.9049,ink,traced
148459,131977,222.7004,1974.0,0.63946,ink,traced,2188.0,0.91022,ink,traced
148460,131978,222.702,1974.0,0.63946,ink,traced,2185.5,0.91554,ink,traced
148461,131979,222.7036,1974.0,0.63946,ink,traced,2181.0,0.92511,ink,traced
148462,131980,222.7052,1974.5,0.64051,ink,traced,2180.0,0.92724,ink,traced
148463,131981,222.7068,1976.5,0.64471,ink,traced,2177.0,0.93362,ink,traced
148464,131982,222.7085,1978.5,0.64891,ink,traced,2176.5,0.93468,ink,traced
148465,131983,222.7101,1983.0,0.65836,ink,traced,2172.0,0.94426,ink,traced
148466,131984,222.7117,1985.0,0.66255,ink,traced,2171.0,0.94638,ink,traced
148467,131985,222.7133,1989.5,0.672,ink,traced,2166.5,0.95596,ink,traced
148468,131986,222.7149,1992.0,0.67725,ink,traced,2166.5,0.95596,ink,traced
148469,131987,222.7166,1996.0,0.68564,ink,traced,2165.0,0.95915,ink,traced
148470,131988,222.7182,2000.5,0.69509,ink,traced,2164.0,0.96127,ink,traced
148471,131989,222.7198,2004.0,0.70244,ink,traced,2165.0,0.95914,ink,traced
148472,131990,222.7214,2011.0,0.71713,ink,traced,2167.0,0.95488,ink,traced
148473,131991,222.723,2010.0,0.71503,ink,traced,2166.0,0.95701,ink,traced
148474,131992,222.7247,2014.5,0.72448,ink,traced,2165.5,0.95807,ink,traced
148475,131993,222.7263,2016.5,0.72867,ink,traced,2166.0,0.95701,ink,traced
148476,131994,222.7279,2020.0,0.73602,ink,traced,2166.5,0.95594,ink,traced
148477,131995,222.7295,2023.5,0.74337,ink,traced,2165.5,0.95807,ink,traced
148478,131996,222.7312,2026.5,0.74967,ink,traced,2167.0,0.95487,ink,traced
148479,131997,222.7328,2029.0,0.75491,ink,traced,2169.0,0.95061,ink,traced
148480,131998,222.7344,2031.5,0.76016,ink,traced,2165.5,0.95806,ink,traced
148481,131999,222.736,2034.5,0.76646,ink,traced,2169.0,0.95061,ink,traced
148482,132000,222.7376,2036.5,0.77066,ink,traced,2166.0,0.95699,ink,traced
148483,132001,222.7393,2039.0,0.77591,ink,traced,2169.5,0.94954,ink,traced
148484,132002,222.7409,2042.0,0.7822,ink,traced,2169.5,0.94954,ink,traced
148485,132003,222.7425,2045.0,0.7885,ink,traced,2167.5,0.95379,ink,traced
148486,132004,222.7441,2046.0,0.7906,ink,traced,2167.0,0.95486,ink,traced
148487,132005,222.7457,2050.0,0.799,ink,traced,2167.0,0.95485,ink,traced
148488,132006,222.7474,2051.0,0.8011,ink,traced,2167.0,0.95485,ink,traced
148489,132007,222.749,1983.0,0.65841,ink,traced,2167.5,0.95378,ink,traced
148490,132008,222.7506,1983.0,0.65841,ink,traced,2167.5,0.95378,ink,traced
148491,132009,222.7522,1982.5,0.65736,ink,traced,2167.5,0.95378,ink,traced
148492,132010,222.7538,2063.5,0.82734,ink,traced,2167.5,0.95378,ink,traced
148493,132011,222.7555,2065.5,0.83154,ink,traced,2167.5,0.95378,ink,traced
148494,132012,222.7571,2067.0,0.83469,ink,traced,2167.5,0.95377,ink,traced
148495,132013,222.7587,2069.5,0.83993,ink,traced,2168.0,0.95271,ink,traced
148496,132014,222.7603,2070.0,0.84098,ink,traced,2168.0,0.95271,ink,traced
148497,132015,222.7619,2073.0,0.84728,ink,traced,2167.5,0.95377,ink,traced
148498,132016,222.7636,2074.0,0.84938,ink,traced,2170.0,0.94844,ink,traced
148499,132017,222.7652,2075.0,0.85148,ink,traced,2169.0,0.95057,ink,traced
148500,132018,222.7668,2079.0,0.85988,ink,traced,2170.5,0.94738,ink,traced
148501,132019,222.7684,2079.5,0.86093,ink,traced,2170.0,0.94844,ink,traced
148502,132020,222.7701,2080.0,0.86198,ink,traced,2169.5,0.9495,ink,traced
148503,132021,222.7717,2083.0,0.86828,ink,traced,2168.5,0.95163,ink,traced
148504,132022,222.7733,2085.0,0.87248,ink,traced,2168.5,0.95162,ink,traced
148505,132023,222.7749,2085.0,0.87248,ink,traced,2168.5,0.95162,ink,traced
148506,132024,222.7765,2087.0,0.87668,ink,traced,2170.5,0.94736,ink,traced
148507,132025,222.7782,2088.0,0.87878,ink,traced,2167.5,0.95375,ink,traced
148508,132026,222.7798,2089.0,0.88088,ink,traced,2168.5,0.95162,ink,traced
148509,132027,222.7814,2089.0,0.88088,ink,traced,2168.0,0.95268,ink,traced
148510,132028,222.783,2093.0,0.88928,ink,traced,2167.5,0.95374,ink,traced
148511,132029,222.7846,2095.0,0.89348,ink,traced,2170.0,0.94842,ink,traced
148512,132030,222.7863,2094.0,0.89138,ink,traced,2168.0,0.95267,ink,traced
148513,132031,222.7879,2094.0,0.89138,ink,traced,2168.0,0.95267,ink,traced
148514,132032,222.7895,2094.0,0.89139,ink,traced,2168.5,0.9516,ink,traced
148515,132033,222.7911,2096.5,0.89663,ink,traced,2168.5,0.9516,ink,traced
148516,132034,222.7927,2097.0,0.89768,ink,traced,2168.5,0.9516,ink,traced
148517,132035,222.7944,2095.0,0.89349,ink,traced,2169.0,0.95053,ink,traced
148518,132036,222.796,2094.0,0.89139,ink,traced,2169.0,0.95053,ink,traced
148519,132037,222.7976,2095.0,0.89349,ink,traced,2169.0,0.95053,ink,traced
148520,132038,222.7992,2095.0,0.8935,ink,traced,2169.0,0.95053,ink,traced
148521,132039,222.8009,2095.0,0.8935,ink,traced,2169.0,0.95052,ink,traced
148522,132040,222.8025,2097.0,0.8977,ink,traced,2169.0,0.95052,ink,traced
148523,132041,222.8041,2098.0,0.8998,ink,traced,2168.5,0.95158,ink,traced
148524,132042,222.8057,2098.0,0.8998,ink,traced,2168.5,0.95158,ink,traced
148525,132043,222.8073,2099.0,0.9019,ink,traced,2168.5,0.95158,ink,traced
148526,132044,222.809,2099.0,0.9019,ink,traced,2168.5,0.95158,ink,traced
148527,132045,222.8106,2097.5,0.89876,ink,traced,2168.5,0.95158,ink,traced
148528,132046,222.8122,2098.0,0.89981,ink,traced,2168.5,0.95157,ink,traced
148529,132047,222.8138,2098.5,0.90086,ink,traced,2168.5,0.95157,ink,traced
148530,132048,222.8154,2098.5,0.90086,ink,traced,2168.0,0.95263,ink,traced
148531,132049,222.8171,2098.5,0.90086,ink,traced,2168.5,0.95157,ink,traced
148532,132050,222.8187,2099.5,0.90296,ink,traced,2168.5,0.95156,ink,traced
148533,132051,222.8203,2100.0,0.90402,ink,traced,2168.5,0.95156,ink,traced
148534,132052,222.8219,2099.0,0.90192,ink,traced,2168.5,0.95156,ink,traced
148535,132053,222.8235,2099.5,0.90297,ink,traced,2168.5,0.95156,ink,traced
148536,132054,222.8252,2099.0,0.90192,ink,traced,2168.5,0.95156,ink,traced
148537,132055,222.8268,2098.5,0.90088,ink,traced,2168.0,0.95262,ink,traced
148538,132056,222.8284,2100.0,0.90403,ink,traced,2168.0,0.95262,ink,traced
148539,132057,222.83,2100.0,0.90403,ink,traced,2168.5,0.95155,ink,traced
148540,132058,222.8317,2099.5,0.90298,ink,traced,2168.5,0.95155,ink,traced
148541,132059,222.8333,2099.5,0.90298,ink,traced,2168.5,0.95155,ink,traced
148542,132060,222.8349,2100.0,0.90403,ink,traced,2168.5,0.95154,ink,traced
148543,132061,222.8365,2100.5,0.90509,ink,traced,2168.0,0.95261,ink,traced
148544,132062,222.8381,2100.0,0.90404,ink,traced,2168.0,0.9526,ink,traced
148545,132063,222.8398,2100.0,0.90404,ink,traced,2168.0,0.9526,ink,traced
148546,132064,222.8414,2101.0,0.90614,ink,traced,2168.0,0.9526,ink,traced
148547,132065,222.843,2101.0,0.90614,ink,traced,2168.5,0.95153,ink,traced
148548,132066,222.8446,2100.0,0.90405,ink,traced,2174.0,0.93983,ink,traced
148549,132067,222.8462,2099.5,0.903,ink,traced,2177.0,0.93344,ink,traced
148550,132068,222.8479,2100.5,0.9051,ink,traced,2179.0,0.92918,ink,traced
148551,132069,222.8495,2100.5,0.9051,ink,traced,2184.0,0.91854,ink,traced
148552,132070,222.8511,2101.0,0.90615,ink,traced,2191.0,0.90364,ink,traced
148553,132071,222.8527,2100.5,0.90511,ink,traced,2197.0,0.89086,ink,traced
148554,132072,222.8543,2100.5,0.90511,ink,traced,2205.0,0.87384,ink,traced
148555,132073,222.856,2100.5,0.90511,ink,traced,2207.0,0.86958,ink,traced
148556,132074,222.8576,2101.0,0.90616,ink,traced,2217.0,0.84829,ink,traced
148557,132075,222.8592,2100.0,0.90407,ink,traced,2222.0,0.83765,ink,traced
148558,132076,222.8608,2100.5,0.90512,ink,traced,2232.0,0.81636,ink,traced
148559,132077,222.8624,2100.5,0.90512,ink,traced,2242.0,0.79508,ink,traced
148560,132078,222.8641,2100.5,0.90512,ink,traced,2253.0,0.77167,ink,traced
148561,132079,222.8657,2100.5,0.90512,ink,traced,2260.0,0.75677,ink,traced
148562,132080,222.8673,2101.5,0.90722,ink,traced,2269.5,0.73655,ink,traced
148563,132081,222.8689,2101.5,0.90723,ink,traced,2284.0,0.70568,ink,traced
148564,132082,222.8706,2101.5,0.90723,ink,traced,2292.5,0.68759,ink,traced
148565,132083,222.8722,2101.5,0.90723,ink,traced,2309.0,0.65247,ink,traced
148566,132084,222.8738,2101.5,0.90723,ink,traced,2326.5,0.61523,ink,traced
148567,132085,222.8754,2101.0,0.90619,ink,traced,2327.0,0.61416,ink,traced
148568,132086,222.877,2101.0,0.90619,ink,traced,2327.0,0.61416,ink,traced
148569,132087,222.8787,2101.5,0.90724,ink,traced,2327.0,0.61416,ink,traced
148570,132088,222.8803,2102.0,0.90829,ink,traced,2327.0,0.61415,ink,traced
148571,132089,222.8819,2102.0,0.90829,ink,traced,2325.0,0.61841,ink,traced
148572,132090,222.8835,2102.5,0.90934,ink,traced,2329.0,0.60989,ink,traced
148573,132091,222.8851,2103.0,0.91039,ink,traced,2324.5,0.61947,ink,traced
148574,132092,222.8868,2103.0,0.9104,ink,traced,2321.5,0.62585,ink,traced
148575,132093,222.8884,2102.5,0.90935,ink,traced,2319.0,0.63117,ink,traced
148576,132094,222.89,2103.0,0.9104,ink,traced,2317.5,0.63436,ink,traced
148577,132095,222.8916,2103.0,0.9104,ink,traced,2316.5,0.63648,ink,traced
148578,132096,222.8932,2103.0,0.91041,ink,traced,2316.5,0.63648,ink,traced
148579,132097,222.8949,2102.5,0.90936,ink,traced,2315.5,0.63861,ink,traced
148580,132098,222.8965,2101.5,0.90726,ink,traced,2316.0,0.63754,ink,traced
148581,132099,222.8981,2088.0,0.87894,ink,traced,2321.0,0.6269,ink,traced
148582,132100,222.8997,2084.0,0.87054,ink,traced,2317.0,0.63541,ink,traced
148583,132101,222.9014,2076.0,0.85376,ink,traced,2317.5,0.63434,ink,traced
148584,132102,222.903,2070.0,0.84117,ink,traced,2318.5,0.63221,ink,traced
148585,132103,222.9046,2064.0,0.82858,ink,traced,2319.0,0.63115,ink,traced
148586,132104,222.9062,2063.5,0.82753,ink,traced,2319.5,0.63008,ink,traced
148587,132105,222.9078,2052.0,0.8034,ink,traced,2320.5,0.62795,ink,traced
148588,132106,222.9095,2046.5,0.79186,ink,traced,2320.5,0.62795,ink,traced
148589,132107,222.9111,2031.0,0.75934,ink,traced,2321.0,0.62688,ink,traced
148590,132108,222.9127,2016.0,0.72787,ink,traced,2322.0,0.62475,ink,traced
148591,132109,222.9143,2018.0,0.73207,ink,traced,2322.0,0.62475,ink,traced
148592,132110,222.9159,2010.5,0.71633,ink,traced,2323.0,0.62262,ink,traced
148593,132111,222.9176,2012.0,0.71948,ink,traced,2323.0,0.62262,ink,traced
148594,132112,222.9192,1982.5,0.65758,ink,traced,2323.0,0.62261,ink,traced
148595,132113,222.9208,1958.0,0.60617,ink,traced,2323.0,0.62261,ink,traced
148596,132114,222.9224,1944.0,0.57679,ink,traced,2323.5,0.62155,ink,traced
148597,132115,222.924,1943.0,0.5747,ink,traced,2323.5,0.62154,ink,traced
148598,132116,222.9257,1940.0,0.5684,ink,traced,2323.5,0.62154,ink,traced
148599,132117,222.9273,1942.0,0.5726,ink,traced,2323.5,0.62154,ink,traced
148600,132118,222.9289,1945.5,0.57995,ink,traced,2324.5,0.61941,ink,traced
148601,132119,222.9305,1946.0,0.581,ink,traced,2324.0,0.62047,ink,traced
148602,132120,222.9321,1951.0,0.59149,ink,traced,2321.0,0.62685,ink,traced
148603,132121,222.9338,1955.5,0.60094,ink,traced,2324.5,0.6194,ink,traced
148604,132122,222.9354,1958.0,0.60619,ink,traced,2323.5,0.62153,ink,traced
148605,132123,222.937,1958.0,0.60619,ink,traced,2324.0,0.62046,ink,traced
148606,132124,222.9386,1957.5,0.60514,ink,traced,2323.0,0.62259,ink,traced
148607,132125,222.9403,1956.0,0.602,ink,traced,2323.5,0.62152,ink,traced
148608,132126,222.9419,1945.0,0.57892,ink,traced,2323.5,0.62152,ink,traced
148609,132127,222.9435,1945.0,0.57892,ink,traced,2323.5,0.62152,ink,traced
148610,132128,222.9451,1947.5,0.58417,ink,traced,2323.5,0.62152,ink,traced
148611,132129,222.9467,1944.0,0.57682,ink,traced,2323.5,0.62151,ink,traced
148612,132130,222.9484,1942.5,0.57368,ink,traced,2324.5,0.61938,ink,traced
148613,132131,222.95,1942.0,0.57263,ink,traced,2323.5,0.62151,ink,traced
148614,132132,222.9516,1942.5,0.57368,ink,traced,2323.0,0.62257,ink,traced
148615,132133,222.9532,1943.0,0.57473,ink,traced,2324.0,0.62044,ink,traced
148616,132134,222.9548,1943.5,0.57579,ink,traced,2323.5,0.6215,ink,traced
148617,132135,222.9565,1943.5,0.57579,ink,traced,2324.0,0.62044,ink,traced
148618,132136,222.9581,1943.5,0.57579,ink,traced,2324.0,0.62044,ink,traced
148619,132137,222.9597,1943.5,0.57579,ink,traced,2324.0,0.62043,ink,traced
148620,132138,222.9613,1943.5,0.57579,ink,traced,2323.5,0.6215,ink,traced
148621,132139,222.9629,1944.0,0.57684,ink,traced,2324.5,0.61937,ink,traced
148622,132140,222.9646,1943.5,0.5758,ink,traced,2324.0,0.62043,ink,traced
148623,132141,222.9662,1943.5,0.5758,ink,traced,2324.0,0.62042,ink,traced
148624,132142,222.9678,1943.0,0.57475,ink,traced,2324.0,0.62042,ink,traced
148625,132143,222.9694,1943.0,0.57475,ink,traced,2324.0,0.62042,ink,traced
148626,132144,222.9711,1943.0,0.57476,ink,traced,2324.0,0.62042,ink,traced
148627,132145,222.9727,1943.0,0.57476,ink,traced,2324.0,0.62042,ink,traced
148628,132146,222.9743,1943.0,0.57476,ink,traced,2323.5,0.62148,ink,traced
148629,132147,222.9759,1943.0,0.57476,ink,traced,2323.5,0.62148,ink,traced
148630,132148,222.9775,1943.0,0.57477,ink,traced,2323.0,0.62254,ink,traced
148631,132149,222.9792,1943.5,0.57582,ink,traced,2323.0,0.62254,ink,traced
148632,132150,222.9808,1943.0,0.57477,ink,traced,2323.5,0.62147,ink,traced
148633,132151,222.9824,1943.5,0.57582,ink,traced,2324.0,0.6204,ink,traced
148634,132152,222.984,1943.5,0.57582,ink,traced,2323.5,0.62147,ink,traced
148635,132153,222.9856,1943.5,0.57582,ink,traced,2323.0,0.62253,ink,traced
148636,132154,222.9873,1943.5,0.57583,ink,traced,2324.0,0.6204,ink,traced
148637,132155,222.9889,1944.0,0.57688,ink,traced,2324.0,0.6204,ink,traced
148638,132156,222.9905,1943.5,0.57583,ink,traced,2324.0,0.62039,ink,traced
148639,132157,222.9921,1943.0,0.57478,ink,traced,2323.5,0.62145,ink,traced
148640,132158,222.9937,1944.0,0.57688,ink,traced,2324.0,0.62039,ink,traced
148641,132159,222.9954,1944.0,0.57689,ink,traced,2324.0,0.62039,ink,traced
148642,132160,222.997,1944.0,0.57689,ink,traced,2324.0,0.62038,ink,traced
148643,132161,222.9986,1944.0,0.57689,ink,traced,2323.5,0.62145,ink,traced
148644,132162,223.0002,1944.0,0.57689,ink,traced,2323.5,0.62144,ink,traced
148645,132163,223.0018,1944.0,0.5769,ink,traced,2323.5,0.62144,ink,traced
148646,132164,223.0035,1944.0,0.5769,ink,traced,2323.5,0.62144,ink,traced
148647,132165,223.0051,1944.0,0.5769,ink,traced,2323.5,0.62144,ink,traced
148648,132166,223.0067,1943.5,0.57585,ink,traced,2323.0,0.6225,ink,traced
148649,132167,223.0083,1944.0,0.5769,ink,traced,2323.5,0.62143,ink,traced
148650,132168,223.01,1944.0,0.57691,ink,traced,2324.0,0.62037,ink,traced
148651,132169,223.0116,1944.0,0.57691,ink,traced,2324.0,0.62037,ink,traced
148652,132170,223.0132,1944.0,0.57691,ink,traced,2324.0,0.62036,ink,traced
148653,132171,223.0148,1943.5,0.57586,ink,traced,2324.0,0.62036,ink,traced
148654,132172,223.0164,1943.5,0.57586,ink,traced,2324.0,0.62036,ink,traced
148655,132173,223.0181,1943.5,0.57587,ink,traced,2324.0,0.62036,ink,traced
148656,132174,223.0197,1944.0,0.57692,ink,traced,2324.5,0.61929,ink,traced
148657,132175,223.0213,1944.0,0.57692,ink,traced,2324.0,0.62035,ink,traced
148658,132176,223.0229,1944.0,0.57692,ink,traced,2324.0,0.62035,ink,traced
148659,132177,223.0245,1944.0,0.57692,ink,traced,2323.5,0.62141,ink,traced
148660,132178,223.0262,1944.0,0.57693,ink,traced,2324.0,0.62035,ink,traced
148661,132179,223.0278,1943.5,0.57588,ink,traced,2324.0,0.62034,ink,traced
148662,132180,223.0294,1943.5,0.57588,ink,traced,2324.5,0.61928,ink,traced
148663,132181,223.031,1944.0,0.57693,ink,traced,2324.0,0.62034,ink,traced
148664,132182,223.0326,1944.0,0.57694,ink,traced,2324.5,0.61927,ink,traced
148665,132183,223.0343,1943.5,0.57589,ink,traced,2324.0,0.62034,ink,traced
148666,132184,223.0359,1943.5,0.57589,ink,traced,2324.0,0.62033,ink,traced
148667,132185,223.0375,1944.0,0.57694,ink,traced,2324.0,0.62033,ink,traced
148668,132186,223.0391,1944.0,0.57694,ink,traced,2324.0,0.62033,ink,traced
148669,132187,223.0408,1944.0,0.57695,ink,traced,2324.0,0.62033,ink,traced
148670,132188,223.0424,1944.0,0.57695,ink,traced,2323.5,0.62139,ink,traced
148671,132189,223.044,1944.0,0.57695,ink,traced,2324.0,0.62032,ink,traced
148672,132190,223.0456,1944.0,0.57695,ink,traced,2324.0,0.62032,ink,traced
148673,132191,223.0472,1943.5,0.5759,ink,traced,2324.0,0.62032,ink,traced
148674,132192,223.0489,1943.5,0.57591,ink,traced,2324.0,0.62032,ink,traced
148675,132193,223.0505,1943.5,0.57591,ink,traced,2322.5,0.62351,ink,traced
148676,132194,223.0521,1943.5,0.57591,ink,traced,2323.5,0.62138,ink,traced
148677,132195,223.0537,1943.5,0.57591,ink,traced,2324.0,0.62031,ink,traced
148678,132196,223.0553,1944.5,0.57801,ink,traced,2325.0,0.61818,ink,traced
148679,132197,223.057,1944.5,0.57802,ink,traced,2324.0,0.62031,ink,traced
148680,132198,223.0586,1944.0,0.57697,ink,traced,2324.0,0.6203,ink,traced
148681,132199,223.0602,1944.0,0.57697,ink,traced,2323.5,0.62137,ink,traced
148682,132200,223.0618,1944.0,0.57697,ink,traced,2323.5,0.62136,ink,traced
148683,132201,223.0634,1944.0,0.57698,ink,traced,2323.5,0.62136,ink,traced
148684,132202,223.0651,1944.0,0.57698,ink,traced,2324.0,0.62029,ink,traced
148685,132203,223.0667,1944.0,0.57698,ink,traced,2324.0,0.62029,ink,traced
148686,132204,223.0683,1944.0,0.57698,ink,traced,2324.0,0.62029,ink,traced
148687,132205,223.0699,1943.0,0.57489,ink,traced,2323.5,0.62135,ink,traced
148688,132206,223.0715,1944.0,0.57699,ink,traced,2323.5,0.62135,ink,traced
148689,132207,223.0732,1943.5,0.57594,ink,traced,2321.5,0.6256,ink,traced
148690,132208,223.0748,1944.0,0.57699,ink,traced,2324.5,0.61922,ink,traced
148691,132209,223.0764,1943.5,0.57594,ink,traced,2321.0,0.62666,ink,traced
148692,132210,223.078,1944.0,0.57699,ink,traced,2324.0,0.62028,ink,traced
148693,132211,223.0797,1943.5,0.57595,ink,traced,2323.5,0.62134,ink,traced
148694,132212,223.0813,1944.0,0.577,ink,traced,2321.5,0.62559,ink,traced
148695,132213,223.0829,1944.0,0.577,ink,traced,2322.0,0.62453,ink,traced
148696,132214,223.0845,1944.0,0.577,ink,traced,2322.0,0.62453,ink,traced
148697,132215,223.0861,1944.0,0.577,ink,traced,2321.5,0.62559,ink,traced
148698,132216,223.0878,1944.5,0.57806,ink,traced,2323.0,0.62239,ink,traced
148699,132217,223.0894,1944.0,0.57701,ink,traced,2324.5,0.6192,ink,traced
148700,132218,223.091,1944.0,0.57701,ink,traced,2324.5,0.6192,ink,traced
148701,132219,223.0926,1944.0,0.57701,ink,traced,2324.5,0.61919,ink,traced
148702,132220,223.0942,1944.5,0.57806,ink,traced,2325.0,0.61813,ink,traced
148703,132221,223.0959,1944.5,0.57807,ink,traced,2325.5,0.61706,ink,traced
148704,132222,223.0975,1944.5,0.57807,ink,traced,2324.5,0.61919,ink,traced
148705,132223,223.0991,1944.0,0.57702,ink,traced,2324.5,0.61919,ink,traced
148706,132224,223.1007,1945.0,0.57912,ink,traced,2324.0,0.62025,ink,traced
148707,132225,223.1023,1944.5,0.57807,ink,traced,2324.0,0.62025,ink,traced
148708,132226,223.104,1944.5,0.57808,ink,traced,2324.0,0.62024,ink,traced
148709,132227,223.1056,1944.5,0.57808,ink,traced,2324.0,0.62024,ink,traced
148710,132228,223.1072,1944.5,0.57808,ink,traced,2324.0,0.62024,ink,traced
148711,132229,223.1088,1945.0,0.57913,ink,traced,2324.0,0.62024,ink,traced
148712,132230,223.1105,1944.5,0.57809,ink,traced,2324.5,0.61917,ink,traced
148713,132231,223.1121,1945.0,0.57914,ink,traced,2323.5,0.6213,ink,traced
148714,132232,223.1137,1945.0,0.57914,ink,traced,2324.0,0.62023,ink,traced
148715,132233,223.1153,1944.5,0.57809,ink,traced,2324.0,0.62023,ink,traced
148716,132234,223.1169,1945.0,0.57914,ink,traced,2323.5,0.62129,ink,traced
148717,132235,223.1186,1945.0,0.57914,ink,traced,2323.5,0.62129,ink,traced
148718,132236,223.1202,1945.0,0.57915,ink,traced,2324.0,0.62022,ink,traced
148719,132237,223.1218,1945.0,0.57915,ink,traced,2321.5,0.62554,ink,traced
148720,132238,223.1234,1945.0,0.57915,ink,traced,2324.0,0.62022,ink,traced
148721,132239,223.125,1945.5,0.5802,ink,traced,2324.0,0.62022,ink,traced
148722,132240,223.1267,1945.5,0.5802,ink,traced,2324.5,0.61915,ink,traced
148723,132241,223.1283,1945.0,0.57916,ink,traced,2324.0,0.62021,ink,traced
148724,132242,223.1299,1945.5,0.58021,ink,traced,2324.0,0.62021,ink,traced
148725,132243,223.1315,1945.5,0.58021,ink,traced,2324.5,0.61914,ink,traced
148726,132244,223.1331,1945.0,0.57916,ink,traced,2324.0,0.62021,ink,traced
148727,132245,223.1348,1946.0,0.58126,ink,traced,2324.0,0.6202,ink,traced
148728,132246,223.1364,1945.5,0.58022,ink,traced,2324.0,0.6202,ink,traced
148729,132247,223.138,1945.5,0.58022,ink,traced,2324.0,0.6202,ink,traced
148730,132248,223.1396,1945.5,0.58022,ink,traced,2324.0,0.6202,ink,traced
148731,132249,223.1412,1945.0,0.57917,ink,traced,2324.0,0.62019,ink,traced
148732,132250,223.1429,1945.0,0.57918,ink,traced,2324.0,0.62019,ink,traced
148733,132251,223.1445,1946.0,0.58128,ink,traced,2324.5,0.61913,ink,traced
148734,132252,223.1461,1946.5,0.58233,ink,traced,2324.0,0.62019,ink,traced
148735,132253,223.1477,1946.5,0.58233,ink,traced,2324.0,0.62019,ink,traced
148736,132254,223.1494,1946.5,0.58233,ink,traced,2324.0,0.62018,ink,traced
148737,132255,223.151,1946.0,0.58129,ink,traced,2324.5,0.61912,ink,traced
148738,132256,223.1526,1946.0,0.58129,ink,traced,2324.5,0.61912,ink,traced
148739,132257,223.1542,1946.0,0.58129,ink,traced,2324.5,0.61911,ink,traced
148740,132258,223.1558,1946.0,0.58129,ink,traced,2324.5,0.61911,ink,traced
148741,132259,223.1575,1946.5,0.58234,ink,traced,2324.5,0.61911,ink,traced
148742,132260,223.1591,1947.0,0.58339,ink,traced,2324.5,0.61911,ink,traced
148743,132261,223.1607,1947.0,0.5834,ink,traced,2324.5,0.61911,ink,traced
148744,132262,223.1623,1947.5,0.58445,ink,traced,2324.5,0.6191,ink,traced
148745,132263,223.1639,1947.0,0.5834,ink,traced,2324.5,0.6191,ink,traced
148746,132264,223.1656,1945.5,0.58026,ink,traced,2324.5,0.6191,ink,traced
148747,132265,223.1672,1947.0,0.5834,ink,traced,2324.5,0.6191,ink,traced
148748,132266,223.1688,1946.0,0.58131,ink,traced,2323.5,0.62122,ink,traced
148749,132267,223.1704,1947.0,0.58341,ink,traced,2323.5,0.62122,ink,traced
148750,132268,223.172,1946.0,0.58131,ink,traced,2323.0,0.62228,ink,traced
148751,132269,223.1737,1947.0,0.58341,ink,traced,2322.0,0.62442,ink,traced
148752,132270,223.1753,1946.0,0.5813,ink,traced,2320.5,0.62761,ink,traced
148753,132271,223.1769,1947.0,0.5834,ink,traced,2318.5,0.63187,ink,traced
148754,132272,223.1785,1947.5,0.58444,ink,traced,2316.0,0.6372,ink,traced
148755,132273,223.1802,1947.5,0.58444,ink,traced,2309.0,0.6521,ink,traced
148756,132274,223.1818,1949.5,0.58863,ink,traced,2307.0,0.65636,ink,traced
148757,132275,223.1834,1949.0,0.58758,ink,traced,2310.0,0.64998,ink,traced
148758,132276,223.185,1950.5,0.59072,ink,traced,2302.0,0.66701,ink,traced
148759,132277,223.1866,1949.0,0.58757,ink,traced,2305.5,0.65957,ink,traced
148760,132278,223.1883,1948.0,0.58546,ink,traced,2304.5,0.6617,ink,traced
148761,132279,223.1899,1948.0,0.58546,ink,traced,2301.0,0.66916,ink,traced
148762,132280,223.1915,1948.5,0.5865,ink,traced,2299.5,0.67235,ink,traced
148763,132281,223.1931,1948.0,0.58545,ink,traced,2297.5,0.67661,ink,traced
148764,132282,223.1947,1949.0,0.58754,ink,traced,2296.0,0.67981,ink,traced
148765,132283,223.1964,1948.5,0.58649,ink,traced,2294.5,0.68301,ink,traced
148766,132284,223.198,1949.0,0.58753,ink,traced,2293.0,0.68621,ink,traced
148767,132285,223.1996,1949.0,0.58753,ink,traced,2291.5,0.6894,ink,traced
148768,132286,223.2012,1948.5,0.58648,ink,traced,2289.5,0.69366,ink,traced
148769,132287,223.2028,1948.5,0.58647,ink,traced,2287.5,0.69793,ink,traced
148770,132288,223.2045,1949.0,0.58752,ink,traced,2286.0,0.70112,ink,traced
148771,132289,223.2061,1949.5,0.58856,ink,traced,2284.0,0.70538,ink,traced
148772,132290,223.2077,1949.5,0.58856,ink,traced,2282.5,0.70858,ink,traced
148773,132291,223.2093,1949.5,0.58855,ink,traced,2280.5,0.71284,ink,traced
148774,132292,223.211,1949.5,0.58855,ink,traced,2280.0,0.71391,ink,traced
148775,132293,223.2126,1949.0,0.58749,ink,traced,2279.5,0.71498,hole,traced
148776,132294,223.2142,1949.0,0.58749,ink,traced,2279.0,0.71605,hole,traced
148777,132295,223.2158,1949.5,0.58853,ink,traced,2302.0,0.6671,gap,traced
148778,132296,223.2174,1950.0,0.58958,ink,traced,2404.0,0.45096,faint,traced
148779,132297,223.2191,1950.0,0.58957,ink,traced,2290.0,0.69265,faint,traced
148780,132298,223.2207,1950.5,0.59062,ink,traced,2374.0,0.51388,gap,traced
148781,132299,223.2223,1950.0,0.58956,ink,traced,2374.0,0.51389,faint,traced
148782,132300,223.2239,1950.5,0.59061,ink,traced,2363.0,0.5373,gap,traced
148783,132301,223.2255,1950.0,0.58955,ink,traced,2258.0,0.76077,faint,traced
148784,132302,223.2272,1950.0,0.58955,ink,traced,2258.5,0.75972,ink,traced
148785,132303,223.2288,1950.0,0.58954,ink,traced,2258.5,0.75972,ink,traced
148786,132304,223.2304,1950.5,0.59059,ink,traced,2259.0,0.75866,ink,traced
148787,132305,223.232,1950.5,0.59058,ink,traced,2258.0,0.76079,ink,traced
148788,132306,223.2336,1950.5,0.59058,ink,traced,2256.0,0.76505,ink,traced
148789,132307,223.2353,1951.0,0.59162,ink,traced,2252.0,0.77357,ink,traced
148790,132308,223.2369,1951.0,0.59162,ink,traced,2249.0,0.77996,ink,traced
148791,132309,223.2385,1951.5,0.59266,ink,traced,2247.0,0.78422,ink,traced
148792,132310,223.2401,1951.0,0.59161,ink,traced,2246.5,0.78529,ink,traced
148793,132311,223.2417,1951.0,0.59161,ink,traced,2242.0,0.79487,ink,traced
148794,132312,223.2434,1951.5,0.59265,ink,traced,2241.5,0.79594,ink,traced
148795,132313,223.245,1951.0,0.5916,ink,traced,2239.0,0.80127,ink,traced
148796,132314,223.2466,1951.5,0.59264,ink,traced,2239.0,0.80127,ink,traced
148797,132315,223.2482,1951.5,0.59264,ink,traced,2237.5,0.80447,ink,traced
148798,132316,223.2499,1952.0,0.59368,ink,traced,2233.0,0.81405,ink,traced
148799,132317,223.2515,1952.0,0.59368,ink,traced,2232.0,0.81618,ink,traced
148800,132318,223.2531,1952.0,0.59367,ink,traced,2231.5,0.81725,ink,traced
148801,132319,223.2547,1952.0,0.59367,ink,traced,2230.5,0.81939,ink,traced
148802,132320,223.2563,1952.0,0.59366,ink,traced,2230.0,0.82045,ink,traced
148803,132321,223.258,1952.0,0.59366,ink,traced,2228.5,0.82365,ink,traced
148804,132322,223.2596,1952.0,0.59365,ink,traced,2226.5,0.82791,ink,traced
148805,132323,223.2612,1952.0,0.59365,ink,traced,2225.0,0.83111,ink,traced
148806,132324,223.2628,1953.0,0.59574,ink,traced,2225.0,0.83111,ink,traced
148807,132325,223.2644,1955.5,0.60098,ink,traced,2223.5,0.83431,ink,traced
148808,132326,223.2661,1957.0,0.60413,ink,traced,2222.5,0.83644,ink,traced
148809,132327,223.2677,1963.0,0.61671,ink,traced,2221.0,0.83964,ink,traced
148810,132328,223.2693,1964.0,0.61881,ink,traced,2220.0,0.84178,ink,traced
148811,132329,223.2709,1967.5,0.62615,ink,traced,2218.5,0.84497,ink,traced
148812,132330,223.2725,1976.0,0.64398,ink,traced,2218.0,0.84604,ink,traced
148813,132331,223.2742,1977.0,0.64607,ink,traced,2216.5,0.84924,ink,traced
148814,132332,223.2758,1981.0,0.65446,ink,traced,2214.5,0.8535,ink,traced
148815,132333,223.2774,1984.5,0.6618,ink,traced,2213.5,0.85563,ink,traced
148816,132334,223.279,1985.5,0.6639,ink,traced,2211.5,0.85989,ink,traced
148817,132335,223.2807,1989.0,0.67124,ink,traced,2211.0,0.86096,ink,traced
148818,132336,223.2823,1992.0,0.67753,ink,traced,2210.0,0.8631,ink,traced
148819,132337,223.2839,1996.5,0.68697,ink,traced,2208.5,0.86629,ink,traced
148820,132338,223.2855,1997.5,0.68906,ink,traced,2207.5,0.86843,ink,traced
148821,132339,223.2871,2001.5,0.69745,ink,traced,2206.5,0.87056,ink,traced
148822,132340,223.2888,2005.0,0.70479,ink,traced,2205.0,0.87376,ink,traced
148823,132341,223.2904,2008.5,0.71213,ink,traced,2204.0,0.87589,ink,traced
148824,132342,223.292,2010.5,0.71632,ink,traced,2203.5,0.87696,ink,traced
148825,132343,223.2936,2012.0,0.71946,ink,traced,2203.0,0.87803,ink,traced
148826,132344,223.2952,2015.5,0.7268,ink,traced,2202.0,0.88016,ink,traced
148827,132345,223.2969,2018.0,0.73204,ink,traced,2201.0,0.88229,ink,traced
148828,132346,223.2985,2020.0,0.73624,ink,traced,2200.0,0.88442,ink,traced
148829,132347,223.3001,2022.5,0.74148,ink,traced,2200.0,0.88443,ink,traced
148830,132348,223.3017,2027.0,0.75092,ink,traced,2198.0,0.88869,ink,traced
148831,132349,223.3033,2029.0,0.75511,ink,traced,2197.5,0.88976,ink,traced
148832,132350,223.305,2030.5,0.75825,ink,traced,2196.0,0.89296,ink,traced
148833,132351,223.3066,2032.0,0.7614,ink,traced,2195.5,0.89403,ink,traced
148834,132352,223.3082,2033.0,0.76349,ink,traced,2194.0,0.89722,ink,traced
148835,132353,223.3098,1971.0,0.63338,ink,traced,2193.5,0.89829,ink,traced
148836,132354,223.3114,1971.0,0.63338,ink,traced,2193.0,0.89936,ink,traced
148837,132355,223.3131,2039.5,0.77711,ink,traced,2192.5,0.90043,ink,traced
148838,132356,223.3147,2039.5,0.77711,ink,traced,2191.5,0.90256,ink,traced
148839,132357,223.3163,2041.0,0.78025,ink,traced,2191.0,0.90363,ink,traced
148840,132358,223.3179,2041.0,0.78025,ink,traced,2189.5,0.90683,ink,traced
148841,132359,223.3196,2042.5,0.78339,ink,traced,2187.5,0.91109,ink,traced
148842,132360,223.3212,2042.5,0.78339,ink,traced,2188.5,0.90897,ink,traced
148843,132361,223.3228,2043.5,0.78548,ink,traced,2184.5,0.91748,ink,traced
148844,132362,223.3244,2043.5,0.78548,ink,traced,2186.5,0.91323,ink,traced
148845,132363,223.326,2045.0,0.78862,ink,traced,2185.5,0.91536,ink,traced
148846,132364,223.3277,2046.5,0.79176,ink,traced,2185.0,0.91643,ink,traced
148847,132365,223.3293,2048.0,0.79491,ink,traced,2184.0,0.91857,ink,traced
148848,132366,223.3309,2049.0,0.797,ink,traced,2183.0,0.9207,ink,traced
148849,132367,223.3325,2049.0,0.79699,ink,traced,2182.5,0.92177,ink,traced
148850,132368,223.3341,2050.5,0.80014,ink,traced,2182.5,0.92177,ink,traced
148851,132369,223.3358,2051.0,0.80118,ink,traced,2181.5,0.92391,ink,traced
148852,132370,223.3374,2053.5,0.80642,ink,traced,2180.0,0.9271,ink,traced
148853,132371,223.339,2053.5,0.80642,ink,traced,2179.5,0.92817,ink,traced
148854,132372,223.3406,2054.0,0.80746,ink,traced,2178.5,0.9303,ink,traced
148855,132373,223.3422,2055.0,0.80956,ink,traced,2179.5,0.92818,ink,traced
148856,132374,223.3439,2056.0,0.81165,ink,traced,2179.0,0.92925,ink,traced
148857,132375,223.3455,2057.0,0.81375,ink,traced,2177.0,0.93351,ink,traced
148858,132376,223.3471,2058.0,0.81584,ink,traced,2176.5,0.93458,ink,traced
148859,132377,223.3487,2059.0,0.81793,ink,traced,2176.0,0.93565,ink,traced
148860,132378,223.3504,2059.5,0.81898,ink,traced,2176.0,0.93565,ink,traced
148861,132379,223.352,2062.0,0.82422,ink,traced,2177.0,0.93353,ink,traced
148862,132380,223.3536,2061.0,0.82212,ink,traced,2175.5,0.93673,ink,traced
148863,132381,223.3552,2062.0,0.82421,ink,traced,2177.5,0.93247,ink,traced
148864,132382,223.3568,2062.5,0.82525,ink,traced,2174.0,0.93993,ink,traced
148865,132383,223.3585,2063.0,0.8263,ink,traced,2175.5,0.93674,ink,traced
148866,132384,223.3601,2063.5,0.82734,ink,traced,2173.5,0.941,ink,traced
148867,132385,223.3617,2064.5,0.82944,ink,traced,2174.0,0.93994,ink,traced
148868,132386,223.3633,2065.0,0.83048,ink,traced,2174.0,0.93995,ink,traced
148869,132387,223.3649,2065.5,0.83153,ink,traced,2175.5,0.93676,ink,traced
148870,132388,223.3666,2066.0,0.83257,ink,traced,2174.0,0.93996,ink,traced
148871,132389,223.3682,2068.0,0.83676,ink,traced,2174.0,0.93996,ink,traced
148872,132390,223.3698,2068.0,0.83676,ink,traced,2173.0,0.94209,ink,traced
148873,132391,223.3714,2068.5,0.8378,ink,traced,2176.0,0.93571,ink,traced
148874,132392,223.373,2069.0,0.83885,ink,traced,2175.5,0.93678,ink,traced
148875,132393,223.3747,2069.5,0.83989,ink,traced,2175.5,0.93679,ink,traced
148876,132394,223.3763,2072.0,0.84513,ink,traced,2177.0,0.9336,ink,traced
148877,132395,223.3779,2072.0,0.84513,ink,traced,2173.0,0.94212,ink,traced
148878,132396,223.3795,2071.0,0.84303,ink,traced,2172.5,0.94319,ink,traced
148879,132397,223.3811,2073.0,0.84722,ink,traced,2173.5,0.94106,ink,traced
148880,132398,223.3828,2073.0,0.84721,ink,traced,2173.0,0.94213,ink,traced
148881,132399,223.3844,2073.0,0.84721,ink,traced,2173.0,0.94214,ink,traced
148882,132400,223.386,2074.0,0.8493,ink,traced,2173.0,0.94214,ink,traced
148883,132401,223.3876,2074.5,0.85035,ink,traced,2173.0,0.94215,ink,traced
148884,132402,223.3893,2074.5,0.85034,ink,traced,2172.5,0.94321,ink,traced
148885,132403,223.3909,2075.5,0.85244,ink,traced,2172.5,0.94322,ink,traced
148886,132404,223.3925,2075.5,0.85243,ink,traced,2173.0,0.94216,ink,traced
148887,132405,223.3941,2075.5,0.85243,ink,traced,2173.0,0.94216,ink,traced
148888,132406,223.3957,2075.5,0.85242,ink,traced,2172.5,0.94323,ink,traced
148889,132407,223.3974,2075.5,0.85242,ink,traced,2172.5,0.94324,ink,traced
148890,132408,223.399,2076.0,0.85346,ink,traced,2173.0,0.94218,ink,traced
148891,132409,223.4006,2076.5,0.85451,ink,traced,2173.5,0.94112,ink,traced
148892,132410,223.4022,2076.5,0.8545,ink,traced,2172.5,0.94325,ink,traced
148893,132411,223.4038,2076.5,0.8545,ink,traced,2172.5,0.94326,ink,traced
148894,132412,223.4055,2077.5,0.85659,ink,traced,2172.5,0.94326,ink,traced
148895,132413,223.4071,2077.5,0.85659,ink,traced,2172.5,0.94327,ink,traced
148896,132414,223.4087,2077.5,0.85658,ink,traced,2172.5,0.94327,ink,traced
148897,132415,223.4103,2077.5,0.85658,ink,traced,2172.5,0.94327,ink,traced
148898,132416,223.4119,2078.0,0.85762,ink,traced,2172.5,0.94328,ink,traced
148899,132417,223.4136,2077.5,0.85657,ink,traced,2172.5,0.94328,ink,traced
148900,132418,223.4152,2076.5,0.85447,ink,traced,2172.5,0.94329,ink,traced
148901,132419,223.4168,2066.5,0.83348,ink,traced,2172.0,0.94436,ink,traced
148902,132420,223.4184,2063.0,0.82613,ink,traced,2172.0,0.94436,ink,traced
148903,132421,223.4201,2066.0,0.83242,ink,traced,2172.5,0.9433,ink,traced
148904,132422,223.4217,2046.5,0.79149,ink,traced,2178.0,0.9316,ink,traced
148905,132423,223.4233,2045.0,0.78834,ink,traced,2179.0,0.92948,ink,traced
148906,132424,223.4249,2038.0,0.77365,ink,traced,2181.0,0.92523,ink,traced
148907,132425,223.4265,2029.5,0.75581,ink,traced,2185.0,0.91672,ink,traced
148908,132426,223.4282,2025.0,0.74636,ink,traced,2188.0,0.91034,ink,traced
148909,132427,223.4298,2020.0,0.73586,ink,traced,2193.0,0.8997,ink,traced
148910,132428,223.4314,2006.0,0.70648,ink,traced,2203.0,0.87842,ink,traced
148911,132429,223.433,2004.5,0.70333,ink,traced,2209.0,0.86566,ink,traced
148912,132430,223.4346,1992.0,0.67709,ink,traced,2214.0,0.85502,ink,traced
148913,132431,223.4363,1985.0,0.6624,ink,traced,2220.0,0.84226,ink,traced
148914,132432,223.4379,1984.0,0.6603,ink,traced,2228.0,0.82524,ink,traced
148915,132433,223.4395,1960.0,0.60993,ink,traced,2233.0,0.8146,ink,traced
148916,132434,223.4411,1944.5,0.5774,ink,traced,2246.0,0.78694,ink,traced
148917,132435,223.4427,1942.0,0.57215,ink,traced,2264.0,0.74863,ink,traced
148918,132436,223.4444,1942.0,0.57214,ink,traced,2265.0,0.74651,ink,traced
148919,132437,223.446,1947.0,0.58263,ink,traced,2282.5,0.70927,ink,traced
148920,132438,223.4476,1949.0,0.58682,ink,traced,2289.0,0.69544,ink,traced
148921,132439,223.4492,1950.5,0.58997,ink,traced,2310.0,0.65075,ink,traced
148922,132440,223.4508,1956.5,0.60255,ink,traced,2328.5,0.61138,ink,traced
148923,132441,223.4525,1958.0,0.6057,ink,traced,2327.0,0.61458,ink,traced
148924,132442,223.4541,1959.0,0.60779,ink,traced,2327.0,0.61458,ink,traced
148925,132443,223.4557,1960.0,0.60988,ink,traced,2327.0,0.61459,ink,traced
148926,132444,223.4573,1959.5,0.60883,ink,traced,2327.0,0.61459,ink,traced
148927,132445,223.459,1958.0,0.60568,ink,traced,2325.0,0.61885,ink,traced
148928,132446,223.4606,1956.5,0.60253,ink,traced,2322.0,0.62524,ink,traced
148929,132447,223.4622,1953.0,0.59518,ink,traced,2320.0,0.6295,ink,traced
148930,132448,223.4638,1948.0,0.58468,ink,traced,2320.0,0.62951,ink,traced
148931,132449,223.4654,1951.0,0.59097,ink,traced,2319.0,0.63164,ink,traced
148932,132450,223.4671,1949.0,0.58677,ink,traced,2318.0,0.63378,ink,traced
148933,132451,223.4687,1947.5,0.58362,ink,traced,2318.0,0.63378,ink,traced
148934,132452,223.4703,1946.5,0.58151,ink,traced,2317.5,0.63485,ink,traced
148935,132453,223.4719,1946.5,0.58151,ink,traced,2317.5,0.63485,ink,traced
148936,132454,223.4735,1946.0,0.58045,ink,traced,2318.0,0.63379,ink,traced
148937,132455,223.4752,1946.0,0.58045,ink,traced,2319.0,0.63167,ink,traced
148938,132456,223.4768,1946.0,0.58045,ink,traced,2319.5,0.63061,ink,traced
148939,132457,223.4784,1946.0,0.58044,ink,traced,2319.5,0.63062,ink,traced
148940,132458,223.48,1945.5,0.57939,ink,traced,2321.5,0.62636,ink,traced
148941,132459,223.4816,1946.0,0.58043,ink,traced,2322.0,0.6253,ink,traced
148942,132460,223.4833,1946.0,0.58043,ink,traced,2323.0,0.62318,ink,traced
148943,132461,223.4849,1946.0,0.58042,ink,traced,2324.5,0.61999,ink,traced
148944,132462,223.4865,1946.0,0.58042,ink,traced,2324.0,0.62106,ink,traced
148945,132463,223.4881,1946.0,0.58041,ink,traced,2324.0,0.62107,ink,traced
148946,132464,223.4898,1946.0,0.58041,ink,traced,2324.0,0.62107,ink,traced
148947,132465,223.4914,1946.0,0.5804,ink,traced,2324.5,0.62001,ink,traced
148948,132466,223.493,1946.5,0.58145,ink,traced,2325.0,0.61895,ink,traced
148949,132467,223.4946,1946.0,0.58039,ink,traced,2324.5,0.62002,ink,traced
148950,132468,223.4962,1947.0,0.58249,ink,traced,2325.0,0.61896,ink,traced
148951,132469,223.4979,1947.0,0.58248,ink,traced,2322.0,0.62535,ink,traced
148952,132470,223.4995,1947.0,0.58248,ink,traced,2325.0,0.61897,ink,traced
148953,132471,223.5011,1947.0,0.58247,ink,traced,2325.0,0.61898,ink,traced
148954,132472,223.5027,1946.5,0.58142,ink,traced,2325.0,0.61898,ink,traced
148955,132473,223.5043,1946.5,0.58142,ink,traced,2325.0,0.61899,ink,traced
148956,132474,223.506,1946.5,0.58141,ink,traced,2325.5,0.61793,ink,traced
148957,132475,223.5076,1946.5,0.58141,ink,traced,2325.5,0.61793,ink,traced
148958,132476,223.5092,1946.0,0.58035,ink,traced,2326.5,0.61581,ink,traced
148959,132477,223.5108,1946.5,0.5814,ink,traced,2326.0,0.61688,ink,traced
148960,132478,223.5124,1946.0,0.58034,ink,traced,2326.0,0.61688,ink,traced
148961,132479,223.5141,1946.0,0.58034,ink,traced,2325.5,0.61795,ink,traced
148962,132480,223.5157,1946.0,0.58033,ink,traced,2325.5,0.61795,ink,traced
148963,132481,223.5173,1946.0,0.58033,ink,traced,2325.5,0.61796,ink,traced
148964,132482,223.5189,1946.5,0.58137,ink,traced,2325.0,0.61903,ink,traced
148965,132483,223.5205,1946.5,0.58137,ink,traced,2325.0,0.61903,ink,traced
148966,132484,223.5222,1946.5,0.58137,ink,traced,2325.5,0.61797,ink,traced
148967,132485,223.5238,1946.0,0.58031,ink,traced,2325.0,0.61904,ink,traced
148968,132486,223.5254,1946.0,0.58031,ink,traced,2326.0,0.61692,ink,traced
148969,132487,223.527,1946.0,0.5803,ink,traced,2326.0,0.61692,ink,traced
148970,132488,223.5287,1946.5,0.58135,ink,traced,2325.0,0.61906,ink,traced
148971,132489,223.5303,1946.0,0.58029,ink,traced,2325.0,0.61906,ink,traced
148972,132490,223.5319,1946.5,0.58134,ink,traced,2325.0,0.61906,ink,traced
148973,132491,223.5335,1946.0,0.58028,ink,traced,2325.0,0.61907,ink,traced
148974,132492,223.5351,1946.0,0.58028,ink,traced,2325.0,0.61907,ink,traced
148975,132493,223.5368,1946.5,0.58132,ink,traced,2325.0,0.61908,ink,traced
148976,132494,223.5384,1946.0,0.58027,ink,traced,2325.0,0.61908,ink,traced
148977,132495,223.54,1947.0,0.58236,ink,traced,2325.0,0.61909,ink,traced
148978,132496,223.5416,1946.5,0.58131,ink,traced,2325.0,0.61909,ink,traced
148979,132497,223.5432,1946.5,0.58131,ink,traced,2325.0,0.6191,ink,traced
148980,132498,223.5449,1946.0,0.58025,ink,traced,2324.5,0.62017,ink,traced
148981,132499,223.5465,1946.5,0.5813,ink,traced,2325.5,0.61804,ink,traced
148982,132500,223.5481,1946.0,0.58024,ink,traced,2325.5,0.61805,ink,traced
148983,132501,223.5497,1946.0,0.58024,ink,traced,2325.0,0.61912,ink,traced
148984,132502,223.5513,1946.5,0.58128,ink,traced,2322.0,0.62551,ink,traced
148985,132503,223.553,1946.5,0.58128,ink,traced,2325.5,0.61806,ink,traced
148986,132504,223.5546,1946.5,0.58127,ink,traced,2325.0,0.61913,ink,traced
148987,132505,223.5562,1946.5,0.58127,ink,traced,2324.5,0.6202,ink,traced
148988,132506,223.5578,1946.5,0.58126,ink,traced,2325.5,0.61808,ink,traced
148989,132507,223.5595,1946.5,0.58126,ink,traced,2325.0,0.61914,ink,traced
148990,132508,223.5611,1946.0,0.58021,ink,traced,2325.5,0.61808,ink,traced
148991,132509,223.5627,1946.0,0.5802,ink,traced,2325.0,0.61915,ink,traced
148992,132510,223.5643,1946.0,0.5802,ink,traced,2325.0,0.61916,ink,traced
148993,132511,223.5659,1946.0,0.58019,ink,traced,2324.5,0.62023,ink,traced
148994,132512,223.5676,1946.0,0.58019,ink,traced,2326.5,0.61598,ink,traced
148995,132513,223.5692,1946.0,0.58018,ink,traced,2326.5,0.61598,ink,traced
148996,132514,223.5708,1946.0,0.58018,ink,traced,2324.5,0.62024,ink,traced
148997,132515,223.5724,1946.0,0.58017,ink,traced,2325.0,0.61918,ink,traced
148998,132516,223.574,1946.5,0.58122,ink,traced,2325.0,0.61919,ink,traced
148999,132517,223.5757,1946.5,0.58121,ink,traced,2326.5,0.616,ink,traced
149000,132518,223.5773,1946.0,0.58016,ink,traced,2326.5,0.616,ink,traced
149001,132519,223.5789,1946.0,0.58015,ink,traced,2326.0,0.61707,ink,traced
149002,132520,223.5805,1946.0,0.58015,ink,traced,2325.0,0.61921,ink,traced
149003,132521,223.5821,1946.0,0.58015,ink,traced,2326.0,0.61708,ink,traced
149004,132522,223.5838,1946.5,0.58119,ink,traced,2325.5,0.61815,ink,traced
149005,132523,223.5854,1946.5,0.58119,ink,traced,2322.0,0.6256,ink,traced
149006,132524,223.587,1946.5,0.58118,ink,traced,2322.0,0.62561,ink,traced
149007,132525,223.5886,1946.0,0.58013,ink,traced,2322.0,0.62561,ink,traced
149008,132526,223.5903,1946.0,0.58012,ink,traced,2323.0,0.62349,ink,traced
149009,132527,223.5919,1946.0,0.58012,ink,traced,2322.0,0.62562,ink,traced
149010,132528,223.5935,1946.0,0.58011,ink,traced,2325.0,0.61924,ink,traced
149011,132529,223.5951,1946.0,0.58011,ink,traced,2325.5,0.61818,ink,traced
149012,132530,223.5967,1946.0,0.5801,ink,traced,2324.5,0.62032,ink,traced
149013,132531,223.5984,1946.0,0.5801,ink,traced,2324.5,0.62032,ink,traced
149014,132532,223.6,1946.0,0.58009,ink,traced,2325.5,0.6182,ink,traced
149015,132533,223.6016,1946.0,0.58009,ink,traced,2324.5,0.62033,ink,traced
149016,132534,223.6032,1946.0,0.58009,ink,traced,2324.5,0.62033,ink,traced
149017,132535,223.6048,1946.0,0.58008,ink,traced,2325.0,0.61928,ink,traced
149018,132536,223.6065,1946.0,0.58008,ink,traced,2325.0,0.61928,ink,traced
149019,132537,223.6081,1946.0,0.58007,ink,traced,2325.0,0.61928,ink,traced
149020,132538,223.6097,1946.0,0.58007,ink,traced,2325.0,0.61929,ink,traced
149021,132539,223.6113,1946.0,0.58006,ink,traced,2325.5,0.61823,ink,traced
149022,132540,223.6129,1946.0,0.58006,ink,traced,2325.0,0.6193,ink,traced
149023,132541,223.6146,1945.5,0.579,ink,traced,2325.0,0.6193,ink,traced
149024,132542,223.6162,1945.5,0.579,ink,traced,2322.0,0.62569,ink,traced
149025,132543,223.6178,1945.5,0.57899,ink,traced,2324.5,0.62038,ink,traced
149026,132544,223.6194,1946.0,0.58004,ink,traced,2324.0,0.62145,ink,traced
149027,132545,223.621,1946.0,0.58003,ink,traced,2324.5,0.62039,ink,traced
149028,132546,223.6227,1946.0,0.58003,ink,traced,2325.5,0.61826,ink,traced
149029,132547,223.6243,1946.5,0.58107,ink,traced,2325.0,0.61933,ink,traced
149030,132548,223.6259,1946.0,0.58002,ink,traced,2324.0,0.62146,ink,traced
149031,132549,223.6275,1946.0,0.58002,ink,traced,2324.5,0.6204,ink,traced
149032,132550,223.6292,1946.5,0.58106,ink,traced,2324.5,0.62041,ink,traced
149033,132551,223.6308,1946.5,0.58106,ink,traced,2324.0,0.62148,ink,traced
149034,132552,223.6324,1946.0,0.58,ink,traced,2324.5,0.62042,ink,traced
149035,132553,223.634,1946.5,0.58105,ink,traced,2324.5,0.62042,ink,traced
149036,132554,223.6356,1946.0,0.57999,ink,traced,2322.5,0.62468,ink,traced
149037,132555,223.6373,1946.0,0.57999,ink,traced,2322.5,0.62469,ink,traced
149038,132556,223.6389,1946.5,0.58103,ink,traced,2323.5,0.62257,ink,traced
149039,132557,223.6405,1946.0,0.57998,ink,traced,2325.0,0.61938,ink,traced
149040,132558,223.6421,1946.0,0.57997,ink,traced,2325.0,0.61938,ink,traced
149041,132559,223.6437,1946.0,0.57997,ink,traced,2326.0,0.61726,ink,traced
149042,132560,223.6454,1946.5,0.58101,ink,traced,2325.5,0.61833,ink,traced
149043,132561,223.647,1946.5,0.58101,ink,traced,2325.5,0.61833,ink,traced
149044,132562,223.6486,1946.5,0.58101,ink,traced,2325.0,0.6194,ink,traced
149045,132563,223.6502,1946.0,0.57995,ink,traced,2325.5,0.61834,ink,traced
149046,132564,223.6518,1946.5,0.581,ink,traced,2325.0,0.61941,ink,traced
149047,132565,223.6535,1946.5,0.58099,ink,traced,2325.0,0.61942,ink,traced
149048,132566,223.6551,1946.0,0.57994,ink,traced,2325.0,0.61942,ink,traced
149049,132567,223.6567,1946.0,0.57993,ink,traced,2324.5,0.62049,ink,traced
149050,132568,223.6583,1946.0,0.57993,ink,traced,2324.0,0.62156,ink,traced
149051,132569,223.66,1946.0,0.57992,ink,traced,2321.5,0.62688,ink,traced
149052,132570,223.6616,1946.0,0.57992,ink,traced,2325.0,0.61944,ink,traced
149053,132571,223.6632,1946.0,0.57991,ink,traced,2325.0,0.61944,ink,traced
149054,132572,223.6648,1946.0,0.57991,ink,traced,2325.0,0.61945,ink,traced
149055,132573,223.6664,1946.5,0.58095,ink,traced,2325.0,0.61945,ink,traced
149056,132574,223.6681,1946.5,0.58095,ink,traced,2325.0,0.61946,ink,traced
149057,132575,223.6697,1946.0,0.5799,ink,traced,2325.0,0.61946,ink,traced
149058,132576,223.6713,1946.5,0.58094,ink,traced,2325.0,0.61947,ink,traced
149059,132577,223.6729,1946.5,0.58094,ink,traced,2325.0,0.61947,ink,traced
149060,132578,223.6745,1946.0,0.57988,ink,traced,2322.0,0.62586,ink,traced
149061,132579,223.6762,1946.5,0.58093,ink,traced,2325.0,0.61948,ink,traced
149062,132580,223.6778,1946.0,0.57987,ink,traced,2325.0,0.61949,ink,traced
149063,132581,223.6794,1946.0,0.57987,ink,traced,2324.5,0.62055,ink,traced
149064,132582,223.681,1946.5,0.58091,ink,traced,2325.0,0.6195,ink,traced
149065,132583,223.6826,1946.5,0.58091,ink,traced,2325.0,0.6195,ink,traced
149066,132584,223.6843,1946.0,0.57985,ink,traced,2325.0,0.6195,ink,traced
149067,132585,223.6859,1945.5,0.5788,ink,traced,2325.0,0.61951,ink,traced
149068,132586,223.6875,1946.0,0.57985,ink,traced,2325.0,0.61951,ink,traced
149069,132587,223.6891,1946.0,0.57984,ink,traced,2325.0,0.61952,ink,traced
149070,132588,223.6907,1946.5,0.58089,ink,traced,2325.0,0.61952,ink,traced
149071,132589,223.6924,1945.5,0.57878,ink,traced,2325.0,0.61953,ink,traced
149072,132590,223.694,1945.5,0.57878,ink,traced,2325.0,0.61953,ink,traced
149073,132591,223.6956,1946.0,0.57982,ink,traced,2325.0,0.61954,ink,traced
149074,132592,223.6972,1946.0,0.57982,ink,traced,2325.0,0.61954,ink,traced
149075,132593,223.6989,1946.0,0.57981,ink,traced,2325.0,0.61955,ink,traced
149076,132594,223.7005,1946.0,0.57981,ink,traced,2325.5,0.61849,ink,traced
149077,132595,223.7021,1946.5,0.58085,ink,traced,2325.0,0.61956,ink,traced
149078,132596,223.7037,1945.5,0.57875,ink,traced,2325.0,0.61956,ink,traced
149079,132597,223.7053,1946.0,0.57979,ink,traced,2325.0,0.61957,ink,traced
149080,132598,223.707,1948.0,0.58399,ink,traced,2325.0,0.61957,ink,traced
149081,132599,223.7086,1946.0,0.57979,ink,traced,2324.5,0.62064,ink,traced
149082,132600,223.7102,1946.5,0.58083,ink,traced,2325.0,0.61958,ink,traced
149083,132601,223.7118,1948.5,0.58502,ink,traced,2325.0,0.61958,ink,traced
149084,132602,223.7134,1947.0,0.58187,ink,traced,2325.0,0.61959,ink,traced
149085,132603,223.7151,1946.5,0.58082,ink,traced,2325.0,0.61959,ink,traced
149086,132604,223.7167,1946.5,0.58081,ink,traced,2325.5,0.61853,ink,traced
149087,132605,223.7183,1946.5,0.58081,ink,traced,2324.5,0.62067,ink,traced
149088,132606,223.7199,1948.0,0.58395,ink,traced,2324.5,0.62067,ink,traced
149089,132607,223.7215,1946.0,0.57975,ink,traced,2324.5,0.62068,ink,traced
149090,132608,223.7232,1947.5,0.58289,ink,traced,2324.5,0.62068,ink,traced
149091,132609,223.7248,1945.5,0.57869,ink,traced,2325.0,0.61962,ink,traced
149092,132610,223.7264,1946.0,0.57973,ink,traced,2325.0,0.61963,ink,traced
149093,132611,223.728,1948.0,0.58393,ink,traced,2324.5,0.6207,ink,traced
149094,132612,223.7297,1946.0,0.57973,ink,traced,2324.0,0.62176,ink,traced
149095,132613,223.7313,1946.0,0.57972,ink,traced,2323.5,0.62283,ink,traced
149096,132614,223.7329,1946.0,0.57972,ink,traced,2322.5,0.62497,ink,traced
149097,132615,223.7345,1946.0,0.57971,ink,traced,2321.5,0.6271,ink,traced
149098,132616,223.7361,1946.0,0.57971,ink,traced,2320.0,0.6303,ink,traced
149099,132617,223.7378,1947.0,0.5818,ink,traced,2318.0,0.63456,ink,traced
149100,132618,223.7394,1946.0,0.5797,ink,traced,2315.5,0.63988,ink,traced
149101,132619,223.741,1946.0,0.57969,ink,traced,2312.5,0.64627,ink,traced
149102,132620,223.7426,1946.0,0.57969,ink,traced,2310.5,0.65053,ink,traced
149103,132621,223.7442,1946.0,0.57968,ink,traced,2310.0,0.6516,ink,traced
149104,132622,223.7459,1946.0,0.57968,ink,traced,2302.0,0.66863,ink,traced
149105,132623,223.7475,1946.0,0.57968,ink,traced,2301.0,0.67077,ink,traced
149106,132624,223.7491,1946.0,0.57967,ink,traced,2300.0,0.6729,ink,traced
149107,132625,223.7507,1946.0,0.57967,ink,traced,2296.0,0.68142,ink,traced
149108,132626,223.7523,1946.0,0.57966,ink,traced,2296.0,0.68142,ink,traced
149109,132627,223.754,1946.0,0.57966,ink,traced,2294.5,0.68462,ink,traced
149110,132628,223.7556,1946.0,0.57965,ink,traced,2293.5,0.68675,ink,traced
149111,132629,223.7572,1946.0,0.57965,ink,traced,2291.0,0.69208,ink,traced
149112,132630,223.7588,1946.0,0.57964,ink,traced,2286.0,0.70272,ink,traced
149113,132631,223.7604,1946.5,0.58069,ink,traced,2287.0,0.7006,ink,traced
149114,132632,223.7621,1946.5,0.58068,ink,traced,2284.5,0.70592,ink,traced
149115,132633,223.7637,1946.0,0.57963,ink,traced,2285.5,0.7038,ink,traced
149116,132634,223.7653,1946.5,0.58067,ink,traced,2282.5,0.71019,ink,traced
149117,132635,223.7669,1947.0,0.58172,ink,traced,2281.0,0.71339,ink,traced
149118,132636,223.7686,1946.5,0.58066,ink,traced,2281.0,0.71339,ink,traced
149119,132637,223.7702,1946.5,0.58066,ink,traced,2277.0,0.72191,ink,traced
149120,132638,223.7718,1947.0,0.5817,ink,traced,2275.5,0.72511,ink,traced
149121,132639,223.7734,1946.0,0.5796,ink,traced,2273.5,0.72937,ink,traced
149122,132640,223.775,1946.0,0.5796,ink,traced,2272.0,0.73256,ink,traced
149123,132641,223.7767,1946.5,0.58064,ink,traced,2269.5,0.73789,ink,traced
149124,132642,223.7783,1948.0,0.58378,ink,traced,2266.5,0.74428,ink,traced
149125,132643,223.7799,1949.5,0.58693,ink,traced,2265.5,0.74641,ink,traced
149126,132644,223.7815,1951.0,0.59007,ink,traced,2264.0,0.74961,ink,traced
149127,132645,223.7831,1952.0,0.59216,ink,traced,2262.5,0.75281,ink,traced
149128,132646,223.7848,1953.5,0.59531,ink,traced,2259.5,0.7592,ink,traced
149129,132647,223.7864,1957.0,0.60265,ink,traced,2258.5,0.76133,ink,traced
149130,132648,223.788,1961.5,0.61209,ink,traced,2256.0,0.76665,ink,traced
149131,132649,223.7896,1961.5,0.61208,ink,traced,2256.5,0.7656,ink,traced
149132,132650,223.7912,1964.5,0.61837,ink,traced,2255.0,0.76879,ink,traced
149133,132651,223.7929,1967.0,0.62361,ink,traced,2252.0,0.77518,ink,traced
149134,132652,223.7945,1968.5,0.62676,ink,traced,2251.0,0.77731,ink,traced
149135,132653,223.7961,1970.5,0.63095,ink,traced,2251.5,0.77626,ink,traced
149136,132654,223.7977,1972.5,0.63514,ink,traced,2249.0,0.78158,ink,traced
149137,132655,223.7994,1974.5,0.63933,ink,traced,2246.5,0.78691,ink,traced
149138,132656,223.801,1975.5,0.64143,ink,traced,2246.5,0.78691,ink,traced
149139,132657,223.8026,1978.5,0.64772,ink,traced,2243.5,0.7933,ink,traced
149140,132658,223.8042,1982.0,0.65506,ink,traced,2240.5,0.79969,ink,traced
149141,132659,223.8058,1980.5,0.6519,ink,traced,2241.0,0.79863,ink,traced
149142,132660,223.8075,1981.5,0.654,ink,traced,2239.5,0.80183,ink,traced
149143,132661,223.8091,1983.0,0.65714,ink,traced,2237.5,0.80609,ink,traced
149144,132662,223.8107,1984.5,0.66028,ink,traced,2237.0,0.80716,ink,traced
149145,132663,223.8123,1987.5,0.66658,ink,traced,2235.5,0.81035,ink,traced
149146,132664,223.8139,1988.5,0.66867,ink,traced,2233.0,0.81568,ink,traced
149147,132665,223.8156,1991.5,0.67496,ink,traced,2233.0,0.81568,ink,traced
149148,132666,223.8172,1992.0,0.676,ink,traced,2232.0,0.81782,ink,traced
149149,132667,223.8188,1996.0,0.68439,ink,traced,2229.5,0.82314,ink,traced
149150,132668,223.8204,1996.0,0.68439,ink,traced,2229.0,0.82421,ink,traced
149151,132669,223.822,1998.0,0.68858,ink,traced,2228.0,0.82634,ink,traced
149152,132670,223.8237,1999.5,0.69172,ink,traced,2227.0,0.82848,ink,traced
149153,132671,223.8253,2002.5,0.69802,ink,traced,2225.0,0.83274,ink,traced
149154,132672,223.8269,2003.0,0.69906,ink,traced,2223.5,0.83594,ink,traced
149155,132673,223.8285,2005.0,0.70325,ink,traced,2223.5,0.83594,ink,traced
149156,132674,223.8301,2005.5,0.7043,ink,traced,2220.0,0.84339,ink,traced
149157,132675,223.8318,2007.5,0.70849,ink,traced,2218.5,0.84659,ink,traced
149158,132676,223.8334,2008.5,0.71058,ink,traced,2215.5,0.85298,ink,traced
149159,132677,223.835,2011.0,0.71582,ink,traced,2215.0,0.85405,ink,traced
149160,132678,223.8366,2013.0,0.72002,ink,traced,2216.5,0.85086,ink,traced
149161,132679,223.8383,2014.5,0.72316,ink,traced,2214.0,0.85619,ink,traced
149162,132680,223.8399,2015.0,0.7242,ink,traced,2213.5,0.85726,ink,traced
149163,132681,223.8415,2016.0,0.7263,ink,traced,2211.5,0.86152,ink,traced
149164,132682,223.8431,2019.0,0.73259,ink,traced,2211.0,0.86259,ink,traced
149165,132683,223.8447,2021.0,0.73678,ink,traced,2208.5,0.86791,ink,traced
149166,132684,223.8464,2022.0,0.73887,ink,traced,2209.0,0.86685,ink,traced
149167,132685,223.848,2028.0,0.75146,ink,traced,2208.0,0.86898,ink,traced
149168,132686,223.8496,2025.5,0.74621,ink,traced,2206.0,0.87325,ink,traced
149169,132687,223.8512,2027.5,0.7504,ink,traced,2203.5,0.87857,ink,traced
149170,132688,223.8528,2028.5,0.7525,ink,traced,2202.5,0.8807,ink,traced
149171,132689,223.8545,2029.5,0.75459,ink,traced,2202.5,0.88071,ink,traced
149172,132690,223.8561,2031.0,0.75773,ink,traced,2202.0,0.88178,ink,traced
149173,132691,223.8577,2033.5,0.76297,ink,traced,2201.5,0.88285,ink,traced
149174,132692,223.8593,2033.5,0.76297,ink,traced,2200.5,0.88498,ink,traced
149175,132693,223.8609,2035.5,0.76716,ink,traced,2198.0,0.8903,ink,traced
149176,132694,223.8626,2035.5,0.76716,ink,traced,2197.5,0.89137,ink,traced
149177,132695,223.8642,2038.0,0.7724,ink,traced,2195.5,0.89563,ink,traced
149178,132696,223.8658,2039.5,0.77554,ink,traced,2194.5,0.89777,ink,traced
149179,132697,223.8674,2041.0,0.77868,ink,traced,2195.0,0.89671,ink,traced
149180,132698,223.8691,2043.0,0.78288,ink,traced,2193.5,0.89991,ink,traced
149181,132699,223.8707,2043.5,0.78392,ink,traced,2189.5,0.90842,ink,traced
149182,132700,223.8723,2044.0,0.78497,ink,traced,2190.5,0.9063,ink,traced
149183,132701,223.8739,2045.0,0.78706,ink,traced,2190.0,0.90737,ink,traced
149184,132702,223.8755,2047.0,0.79125,ink,traced,2189.0,0.9095,ink,traced
149185,132703,223.8772,2047.5,0.7923,ink,traced,2185.0,0.91802,ink,traced
149186,132704,223.8788,2048.0,0.79334,ink,traced,2187.5,0.9127,ink,traced
149187,132705,223.8804,2049.5,0.79648,ink,traced,2186.5,0.91484,ink,traced
149188,132706,223.882,2052.0,0.80173,ink,traced,2184.5,0.9191,ink,traced
149189,132707,223.8836,2052.0,0.80172,ink,traced,2183.5,0.92123,ink,traced
149190,132708,223.8853,2054.5,0.80696,ink,traced,2184.0,0.92017,ink,traced
149191,132709,223.8869,2055.5,0.80906,ink,traced,2182.5,0.92337,ink,traced
149192,132710,223.8885,2056.0,0.8101,ink,traced,2182.0,0.92444,ink,traced
149193,132711,223.8901,2057.0,0.8122,ink,traced,2181.5,0.92551,ink,traced
149194,132712,223.8917,2057.5,0.81324,ink,traced,2181.0,0.92657,ink,traced
149195,132713,223.8934,2058.0,0.81428,ink,traced,2180.0,0.92871,ink,traced
149196,132714,223.895,2062.0,0.82267,ink,traced,2177.5,0.93403,ink,traced
149197,132715,223.8966,2063.0,0.82477,ink,traced,2178.5,0.93191,ink,traced
149198,132716,223.8982,2063.0,0.82476,ink,traced,2177.5,0.93404,ink,traced
149199,132717,223.8999,2064.0,0.82686,ink,traced,2175.0,0.93937,ink,traced
149200,132718,223.9015,2064.0,0.82685,ink,traced,2175.5,0.93831,ink,traced
149201,132719,223.9031,2064.0,0.82685,ink,traced,2176.0,0.93725,ink,traced
149202,132720,223.9047,2064.0,0.82684,ink,traced,2176.0,0.93725,ink,traced
149203,132721,223.9063,2067.0,0.83313,ink,traced,2174.0,0.94151,ink,traced
149204,132722,223.908,2067.5,0.83418,ink,traced,2172.5,0.94471,ink,traced
149205,132723,223.9096,2068.5,0.83627,ink,traced,2172.0,0.94578,ink,traced
149206,132724,223.9112,2068.5,0.83627,ink,traced,2172.0,0.94578,ink,traced
149207,132725,223.9128,2069.0,0.83731,ink,traced,2174.5,0.94047,ink,traced
149208,132726,223.9144,2070.0,0.83941,ink,traced,2172.0,0.94579,ink,traced
149209,132727,223.9161,2070.0,0.8394,ink,traced,2172.5,0.94473,ink,traced
149210,132728,223.9177,2071.0,0.84149,ink,traced,2172.5,0.94474,ink,traced
149211,132729,223.9193,2070.5,0.84044,ink,traced,2171.5,0.94687,ink,traced
149212,132730,223.9209,2073.0,0.84568,ink,traced,2171.5,0.94688,ink,traced
149213,132731,223.9225,2071.0,0.84148,ink,traced,2171.5,0.94688,ink,traced
149214,132732,223.9242,2073.5,0.84672,ink,traced,2172.0,0.94582,ink,traced
149215,132733,223.9258,2073.5,0.84672,ink,traced,2172.5,0.94476,ink,traced
149216,132734,223.9274,2073.5,0.84671,ink,traced,2172.0,0.94583,ink,traced
149217,132735,223.929,2074.5,0.84881,ink,traced,2171.5,0.9469,ink,traced
149218,132736,223.9306,2076.0,0.85195,ink,traced,2172.0,0.94584,ink,traced
149219,132737,223.9323,2075.0,0.84985,ink,traced,2174.0,0.94159,ink,traced
149220,132738,223.9339,2075.5,0.85089,ink,traced,2175.0,0.93947,ink,traced
149221,132739,223.9355,2076.0,0.85194,ink,traced,2172.5,0.94479,ink,traced
149222,132740,223.9371,2077.0,0.85403,ink,traced,2172.0,0.94586,ink,traced
149223,132741,223.9388,2077.5,0.85507,ink,traced,2171.5,0.94693,ink,traced
149224,132742,223.9404,2077.5,0.85507,ink,traced,2171.5,0.94693,ink,traced
149225,132743,223.942,2077.5,0.85507,ink,traced,2171.5,0.94694,ink,traced
149226,132744,223.9436,2078.5,0.85716,ink,traced,2172.0,0.94588,ink,traced
149227,132745,223.9452,2078.5,0.85715,ink,traced,2172.0,0.94588,ink,traced
149228,132746,223.9469,2078.5,0.85715,ink,traced,2172.0,0.94589,ink,traced
149229,132747,223.9485,2079.0,0.85819,ink,traced,2171.5,0.94696,ink,traced
149230,132748,223.9501,2079.0,0.85819,ink,traced,2171.5,0.94696,ink,traced
149231,132749,223.9517,2079.5,0.85923,ink,traced,2171.5,0.94697,ink,traced
149232,132750,223.9533,2079.5,0.85923,ink,traced,2171.5,0.94697,ink,traced
149233,132751,223.955,2080.0,0.86027,ink,traced,2171.5,0.94698,ink,traced
149234,132752,223.9566,2080.5,0.86132,ink,traced,2172.0,0.94592,ink,traced
149235,132753,223.9582,2081.0,0.86236,ink,traced,2172.0,0.94592,ink,traced
149236,132754,223.9598,2080.5,0.86131,ink,traced,2172.0,0.94593,ink,traced
149237,132755,223.9614,2081.5,0.8634,ink,traced,2172.0,0.94593,ink,traced
149238,132756,223.9631,2081.5,0.8634,ink,traced,2172.0,0.94593,ink,traced
149239,132757,223.9647,2082.5,0.86549,ink,traced,2171.5,0.947,ink,traced
149240,132758,223.9663,2082.5,0.86549,ink,traced,2171.0,0.94807,ink,traced
149241,132759,223.9679,2082.5,0.86548,ink,traced,2171.0,0.94808,ink,traced
149242,132760,223.9696,2082.5,0.86548,ink,traced,2171.5,0.94702,ink,traced
149243,132761,223.9712,2083.0,0.86652,ink,traced,2171.5,0.94702,ink,traced
149244,132762,223.9728,2083.5,0.86757,ink,traced,2171.0,0.94809,ink,traced
149245,132763,223.9744,2083.0,0.86651,ink,traced,2171.0,0.9481,ink,traced
149246,132764,223.976,2083.5,0.86756,ink,traced,2171.0,0.9481,ink,traced
149247,132765,223.9777,2083.5,0.86755,ink,traced,2171.5,0.94704,ink,traced
149248,132766,223.9793,2084.0,0.8686,ink,traced,2171.0,0.94811,ink,traced
149249,132767,223.9809,2084.5,0.86964,ink,traced,2171.5,0.94705,ink,traced
149250,132768,223.9825,2084.5,0.86964,ink,traced,2178.0,0.93322,ink,traced
149251,132769,223.9841,2084.5,0.86964,ink,traced,2182.0,0.92471,ink,traced
149252,132770,223.9858,2084.5,0.86964,ink,traced,2186.0,0.91619,ink,traced
149253,132771,223.9874,2085.0,0.87069,ink,traced,2188.0,0.91194,ink,traced
149254,132772,223.989,2085.0,0.87069,ink,traced,2195.0,0.89704,ink,traced
149255,132773,223.9906,2085.0,0.87069,ink,traced,2206.0,0.87363,ink,traced
149256,132774,223.9922,2085.0,0.87069,ink,traced,2209.0,0.86724,ink,traced
149257,132775,223.9939,2076.5,0.85285,ink,traced,2218.0,0.84809,ink,traced
149258,132776,223.9955,2072.0,0.84341,ink,traced,2219.0,0.84596,ink,traced
149259,132777,223.9971,2066.0,0.83082,ink,traced,2219.0,0.84596,ink,traced
149260,132778,223.9987,2063.0,0.82452,ink,traced,2248.0,0.78424,ink,traced
149261,132779,224.0003,2063.0,0.82452,ink,traced,2259.0,0.76083,ink,traced
149262,132780,224.002,2046.0,0.78885,ink,traced,2274.0,0.72891,ink,traced
149263,132781,224.0036,2044.0,0.78465,ink,traced,2279.5,0.7172,ink,traced
149264,132782,224.0052,2033.0,0.76157,ink,traced,2284.0,0.70762,ink,traced
149265,132783,224.0068,2019.0,0.73219,ink,traced,2295.0,0.68421,ink,traced
149266,132784,224.0085,2020.0,0.73429,ink,traced,2322.5,0.62569,ink,traced
149267,132785,224.0101,1998.5,0.68917,ink,traced,2325.0,0.62037,ink,traced
149268,132786,224.0117,1984.0,0.65875,ink,traced,2325.0,0.62037,ink,traced
149269,132787,224.0133,1984.0,0.65875,ink,traced,2325.0,0.62037,ink,traced
149270,132788,224.0149,1958.0,0.60419,ink,traced,2325.0,0.62037,ink,traced
149271,132789,224.0166,1946.5,0.58006,ink,traced,2324.0,0.62249,ink,traced
149272,132790,224.0182,1940.5,0.56746,ink,traced,2325.5,0.6193,ink,traced
149273,132791,224.0198,1943.5,0.57376,ink,traced,2322.0,0.62675,ink,traced
149274,132792,224.0214,1945.0,0.57691,ink,traced,2319.0,0.63314,ink,traced
149275,132793,224.023,1948.0,0.5832,ink,traced,2317.5,0.63633,ink,traced
149276,132794,224.0247,1950.0,0.5874,ink,traced,2317.5,0.63633,ink,traced
149277,132795,224.0263,1952.5,0.59265,ink,traced,2316.5,0.63846,ink,traced
149278,132796,224.0279,1956.0,0.59999,ink,traced,2316.0,0.63952,ink,traced
149279,132797,224.0295,1959.0,0.60629,ink,traced,2316.0,0.63952,ink,traced
149280,132798,224.0311,1959.0,0.60629,ink,traced,2317.0,0.63739,ink,traced
149281,132799,224.0328,1958.0,0.60419,ink,traced,2317.5,0.63633,ink,traced
149282,132800,224.0344,1947.0,0.5811,ink,traced,2318.5,0.6342,ink,traced
149283,132801,224.036,1947.0,0.5811,ink,traced,2319.5,0.63207,ink,traced
149284,132802,224.0376,1948.5,0.58425,ink,traced,2321.0,0.62888,ink,traced
149285,132803,224.0393,1945.0,0.57691,ink,traced,2321.0,0.62888,ink,traced
149286,132804,224.0409,1945.0,0.57691,ink,traced,2321.0,0.62888,ink,traced
149287,132805,224.0425,1944.0,0.57481,ink,traced,2321.0,0.62888,ink,traced
149288,132806,224.0441,1944.5,0.57586,ink,traced,2321.5,0.62781,ink,traced
149289,132807,224.0457,1945.0,0.57691,ink,traced,2322.5,0.62569,ink,traced
149290,132808,224.0474,1945.5,0.57796,ink,traced,2322.5,0.62569,ink,traced
149291,132809,224.049,1945.5,0.57796,ink,traced,2322.0,0.62675,ink,traced
149292,132810,224.0506,1945.5,0.57796,ink,traced,2323.0,0.62462,ink,traced
149293,132811,224.0522,1946.0,0.57901,ink,traced,2320.0,0.63101,ink,traced
149294,132812,224.0538,1946.0,0.57901,ink,traced,2322.5,0.62569,ink,traced
149295,132813,224.0555,1946.0,0.57901,ink,traced,2323.5,0.62356,ink,traced
149296,132814,224.0571,1946.0,0.57901,ink,traced,2323.5,0.62356,ink,traced
149297,132815,224.0587,1946.0,0.57901,ink,traced,2324.0,0.62249,ink,traced
149298,132816,224.0603,1946.0,0.57901,ink,traced,2324.0,0.62249,ink,traced
149299,132817,224.0619,1946.0,0.57901,ink,traced,2324.0,0.62249,ink,traced
149300,132818,224.0636,1945.5,0.57796,ink,traced,2324.5,0.62143,ink,traced
149301,132819,224.0652,1945.5,0.57796,ink,traced,2324.5,0.62143,ink,traced
149302,132820,224.0668,1945.0,0.57691,ink,traced,2324.5,0.62143,ink,traced
149303,132821,224.0684,1945.0,0.57691,ink,traced,2322.0,0.62675,ink,traced
149304,132822,224.07,1945.0,0.57691,ink,traced,2324.5,0.62143,ink,traced
149305,132823,224.0717,1945.0,0.57691,ink,traced,2324.0,0.62249,ink,traced
149306,132824,224.0733,1945.0,0.57691,ink,traced,2324.0,0.62249,ink,traced
149307,132825,224.0749,1945.0,0.57691,ink,traced,2324.5,0.62143,ink,traced
149308,132826,224.0765,1945.0,0.57691,ink,traced,2324.5,0.62143,ink,traced
149309,132827,224.0782,1945.0,0.57691,ink,traced,2325.0,0.62037,ink,traced
149310,132828,224.0798,1945.0,0.57691,ink,traced,2324.5,0.62143,ink,traced
149311,132829,224.0814,1945.0,0.57691,ink,traced,2324.0,0.62249,ink,traced
149312,132830,224.083,1945.5,0.57796,ink,traced,2325.0,0.62037,ink,traced
149313,132831,224.0846,1945.5,0.57796,ink,traced,2324.0,0.62249,ink,traced
149314,132832,224.0863,1945.5,0.57796,ink,traced,2324.5,0.62143,ink,traced
149315,132833,224.0879,1946.0,0.57901,ink,traced,2324.0,0.62249,ink,traced
149316,132834,224.0895,1946.0,0.57901,ink,traced,2324.5,0.62143,ink,traced
149317,132835,224.0911,1946.0,0.57901,ink,traced,2325.0,0.62037,ink,traced
149318,132836,224.0927,1946.0,0.57901,ink,traced,2324.0,0.62249,ink,traced
149319,132837,224.0944,1946.0,0.57901,ink,traced,2324.5,0.62143,ink,traced
149320,132838,224.096,1946.0,0.57901,ink,traced,2325.0,0.62037,ink,traced
149321,132839,224.0976,1946.5,0.58006,ink,traced,2324.0,0.62249,ink,traced
149322,132840,224.0992,1946.5,0.58006,ink,traced,2324.0,0.62249,ink,traced
149323,132841,224.1008,1946.0,0.57901,ink,traced,2324.5,0.62143,ink,traced
149324,132842,224.1025,1946.0,0.57901,ink,traced,2324.0,0.62249,ink,traced
149325,132843,224.1041,1945.5,0.57796,ink,traced,2324.0,0.62249,ink,traced
149326,132844,224.1057,1945.5,0.57796,ink,traced,2324.0,0.62249,ink,traced
149327,132845,224.1073,1946.0,0.57901,ink,traced,2322.0,0.62675,ink,traced
149328,132846,224.109,1945.5,0.57796,ink,traced,2325.0,0.62037,ink,traced
149329,132847,224.1106,1945.5,0.57796,ink,traced,2324.5,0.62143,ink,traced
149330,132848,224.1122,1945.5,0.57796,ink,traced,2324.5,0.62143,ink,traced
149331,132849,224.1138,1945.5,0.57796,ink,traced,2325.0,0.62037,ink,traced
149332,132850,224.1154,1945.5,0.57796,ink,traced,2325.0,0.62037,ink,traced
149333,132851,224.1171,1945.5,0.57796,ink,traced,2321.5,0.62781,ink,traced
149334,132852,224.1187,1945.5,0.57796,ink,traced,2323.5,0.62356,ink,traced
149335,132853,224.1203,1945.5,0.57796,ink,traced,2324.0,0.62249,ink,traced
149336,132854,224.1219,1945.5,0.57796,ink,traced,2324.0,0.62249,ink,traced
149337,132855,224.1235,1945.5,0.57796,ink,traced,2321.0,0.62888,ink,traced
149338,132856,224.1252,1945.5,0.57796,ink,traced,2324.5,0.62143,ink,traced
149339,132857,224.1268,1945.5,0.57796,ink,traced,2324.0,0.62249,ink,traced
149340,132858,224.1284,1945.5,0.57796,ink,traced,2324.5,0.62143,ink,traced
149341,132859,224.13,1945.5,0.57796,ink,traced,2324.5,0.62143,ink,traced
149342,132860,224.1316,1946.0,0.57901,ink,traced,2324.0,0.62249,ink,traced
149343,132861,224.1333,1946.0,0.57901,ink,traced,2321.5,0.62781,ink,traced
149344,132862,224.1349,1946.0,0.57901,ink,traced,2324.5,0.62143,ink,traced
149345,132863,224.1365,1946.0,0.57901,ink,traced,2324.5,0.62143,ink,traced
149346,132864,224.1381,1946.0,0.57901,ink,traced,2325.0,0.62037,ink,traced
149347,132865,224.1397,1946.0,0.57901,ink,traced,2324.5,0.62143,ink,traced
149348,132866,224.1414,1946.0,0.57901,ink,traced,2324.5,0.62143,ink,traced
149349,132867,224.143,1945.5,0.57796,ink,traced,2325.0,0.62037,ink,traced
149350,132868,224.1446,1946.0,0.57901,ink,traced,2322.0,0.62675,ink,traced
149351,132869,224.1462,1946.0,0.57901,ink,traced,2324.0,0.62249,ink,traced
149352,132870,224.1479,1946.0,0.57901,ink,traced,2321.0,0.62888,ink,traced
149353,132871,224.1495,1945.5,0.57796,ink,traced,2323.5,0.62356,ink,traced
149354,132872,224.1511,1945.5,0.57796,ink,traced,2324.5,0.62143,ink,traced
149355,132873,224.1527,1945.5,0.57796,ink,traced,2324.5,0.62143,ink,traced
149356,132874,224.1543,1946.0,0.57901,ink,traced,2325.0,0.62037,ink,traced
149357,132875,224.156,1945.5,0.57796,ink,traced,2324.0,0.62249,ink,traced
149358,132876,224.1576,1945.5,0.57796,ink,traced,2321.0,0.62888,ink,traced
149359,132877,224.1592,1945.5,0.57796,ink,traced,2323.5,0.62356,ink,traced
149360,132878,224.1608,1945.5,0.57796,ink,traced,2323.5,0.62356,ink,traced
149361,132879,224.1624,1945.5,0.57796,ink,traced,2324.0,0.62249,ink,traced
149362,132880,224.1641,1945.5,0.57796,ink,traced,2324.5,0.62143,ink,traced
149363,132881,224.1657,1945.5,0.57796,ink,traced,2324.5,0.62143,ink,traced
149364,132882,224.1673,1945.5,0.57796,ink,traced,2324.0,0.62249,ink,traced
149365,132883,224.1689,1945.5,0.57796,ink,traced,2324.0,0.62249,ink,traced
149366,132884,224.1705,1945.5,0.57796,ink,traced,2324.5,0.62143,ink,traced
149367,132885,224.1722,1945.0,0.57691,ink,traced,2323.5,0.62356,ink,traced
149368,132886,224.1738,1945.5,0.57796,ink,traced,2323.5,0.62356,ink,traced
149369,132887,224.1754,1945.5,0.57796,ink,traced,2323.5,0.62356,ink,traced
149370,132888,224.177,1945.5,0.57796,ink,traced,2324.5,0.62143,ink,traced
149371,132889,224.1787,1945.5,0.57796,ink,traced,2324.5,0.62143,ink,traced
149372,132890,224.1803,1945.5,0.57796,ink,traced,2322.0,0.62675,ink,traced
149373,132891,224.1819,1946.0,0.57901,ink,traced,2324.0,0.62249,ink,traced
149374,132892,224.1835,1945.5,0.57796,ink,traced,2324.0,0.62249,ink,traced
149375,132893,224.1851,1945.0,0.57691,ink,traced,2325.5,0.6193,ink,traced
149376,132894,224.1868,1946.0,0.57901,ink,traced,2324.5,0.62143,ink,traced
149377,132895,224.1884,1946.0,0.57901,ink,traced,2324.5,0.62143,ink,traced
149378,132896,224.19,1946.0,0.57901,ink,traced,2324.5,0.62143,ink,traced
149379,132897,224.1916,1946.0,0.57901,ink,traced,2324.5,0.62143,ink,traced
149380,132898,224.1932,1946.0,0.57901,ink,traced,2325.0,0.62037,ink,traced
149381,132899,224.1949,1945.5,0.57796,ink,traced,2324.5,0.62143,ink,traced
149382,132900,224.1965,1945.5,0.57796,ink,traced,2324.5,0.62143,ink,traced
149383,132901,224.1981,1945.5,0.57796,ink,traced,2324.0,0.62249,ink,traced
149384,132902,224.1997,1945.5,0.57796,ink,traced,2324.0,0.62249,ink,traced
149385,132903,224.2013,1946.0,0.57901,ink,traced,2324.0,0.62249,ink,traced
149386,132904,224.203,1945.5,0.57796,ink,traced,2324.0,0.62249,ink,traced
149387,132905,224.2046,1945.0,0.57691,ink,traced,2324.0,0.62249,ink,traced
149388,132906,224.2062,1945.5,0.57796,ink,traced,2324.0,0.62249,ink,traced
149389,132907,224.2078,1946.0,0.57901,ink,traced,2325.0,0.62037,ink,traced
149390,132908,224.2094,1945.5,0.57796,ink,traced,2324.5,0.62143,ink,traced
149391,132909,224.2111,1945.0,0.57691,ink,traced,2324.5,0.62143,ink,traced
149392,132910,224.2127,1946.0,0.57901,ink,traced,2324.0,0.62249,ink,traced
149393,132911,224.2143,1945.5,0.57796,ink,traced,2324.0,0.62249,ink,traced
149394,132912,224.2159,1946.0,0.57901,ink,traced,2324.0,0.62249,ink,traced
149395,132913,224.2176,1946.0,0.57901,ink,traced,2324.0,0.62249,ink,traced
149396,132914,224.2192,1945.0,0.57691,ink,traced,2324.0,0.62249,ink,traced
149397,132915,224.2208,1945.5,0.57796,ink,traced,2324.5,0.62143,ink,traced
149398,132916,224.2224,1945.5,0.57796,ink,traced,2324.5,0.62143,ink,traced
149399,132917,224.224,1945.0,0.57691,ink,traced,2325.0,0.62037,ink,traced
149400,132918,224.2257,1945.5,0.57796,ink,traced,2324.5,0.62143,ink,traced
149401,132919,224.2273,1946.0,0.57901,ink,traced,2324.0,0.62249,ink,traced
149402,132920,224.2289,1946.0,0.57901,ink,traced,2324.5,0.62143,ink,traced
149403,132921,224.2305,1945.5,0.57796,ink,traced,2324.5,0.62143,ink,traced
149404,132922,224.2321,1945.5,0.57796,ink,traced,2324.5,0.62143,ink,traced
149405,132923,224.2338,1945.5,0.57796,ink,traced,2324.0,0.62249,ink,traced
149406,132924,224.2354,1945.0,0.57691,ink,traced,2324.0,0.62249,ink,traced
149407,132925,224.237,1947.5,0.58215,ink,traced,2324.5,0.62143,ink,traced
149408,132926,224.2386,1945.5,0.57796,ink,traced,2324.5,0.62143,ink,traced
149409,132927,224.2402,1945.0,0.57691,ink,traced,2324.5,0.62143,ink,traced
149410,132928,224.2419,1945.5,0.57796,ink,traced,2324.5,0.62143,ink,traced
149411,132929,224.2435,1945.5,0.57796,ink,traced,2324.5,0.62143,ink,traced
149412,132930,224.2451,1945.5,0.57796,ink,traced,2321.5,0.62781,ink,traced
149413,132931,224.2467,1945.5,0.57796,ink,traced,2325.0,0.62037,ink,traced
149414,132932,224.2484,1945.5,0.57796,ink,traced,2324.5,0.62143,ink,traced
149415,132933,224.25,1945.5,0.57796,ink,traced,2324.5,0.62143,ink,traced
149416,132934,224.2516,1945.5,0.57796,ink,traced,2324.5,0.62143,ink,traced
149417,132935,224.2532,1945.0,0.57691,ink,traced,2321.5,0.62781,ink,traced
149418,132936,224.2548,1945.0,0.57691,ink,traced,2323.5,0.62356,ink,traced
149419,132937,224.2565,1945.0,0.57691,ink,traced,2324.0,0.62249,ink,traced
149420,132938,224.2581,1945.5,0.57796,ink,traced,2322.5,0.62569,ink,traced
149421,132939,224.2597,1945.5,0.57796,ink,traced,2325.0,0.62037,ink,traced
149422,132940,224.2613,1944.5,0.57586,ink,traced,2325.0,0.62037,ink,traced
149423,132941,224.2629,1945.0,0.57691,ink,traced,2325.0,0.62037,ink,traced
149424,132942,224.2646,1945.5,0.57796,ink,traced,2324.0,0.62249,ink,traced
149425,132943,224.2662,1945.5,0.57796,ink,traced,2324.5,0.62143,ink,traced
149426,132944,224.2678,1945.5,0.57796,ink,traced,2324.5,0.62143,ink,traced
149427,132945,224.2694,1945.0,0.57691,ink,traced,2324.5,0.62143,ink,traced
149428,132946,224.271,1946.0,0.57901,ink,traced,2325.0,0.62037,ink,traced
149429,132947,224.2727,1947.5,0.58215,ink,traced,2324.5,0.62143,ink,traced
149430,132948,224.2743,1945.0,0.57691,ink,traced,2324.5,0.62143,ink,traced
149431,132949,224.2759,1945.0,0.57691,ink,traced,2324.0,0.62249,ink,traced
149432,132950,224.2775,1945.0,0.57691,ink,traced,2324.0,0.62249,ink,traced
149433,132951,224.2792,1945.0,0.57691,ink,traced,2324.5,0.62143,ink,traced
149434,132952,224.2808,1945.5,0.57796,ink,traced,2324.0,0.62249,ink,traced
149435,132953,224.2824,1945.5,0.57796,ink,traced,2324.0,0.62249,ink,traced
149436,132954,224.284,1944.5,0.57586,ink,traced,2324.5,0.62143,ink,traced
149437,132955,224.2856,1945.0,0.57691,ink,traced,2324.5,0.62143,ink,traced
149438,132956,224.2873,1946.0,0.57901,ink,traced,2324.0,0.62249,ink,traced
149439,132957,224.2889,1945.5,0.57796,ink,traced,2323.5,0.62356,ink,traced
149440,132958,224.2905,1945.5,0.57796,ink,traced,2324.0,0.62249,ink,traced
149441,132959,224.2921,1945.5,0.57796,ink,traced,2324.0,0.62249,ink,traced
149442,132960,224.2937,1945.0,0.57691,ink,traced,2324.0,0.62249,ink,traced
149443,132961,224.2954,1945.0,0.57691,ink,traced,2324.0,0.62249,ink,traced
149444,132962,224.297,1945.0,0.57691,ink,traced,2324.0,0.62249,ink,traced
149445,132963,224.2986,1945.5,0.57796,ink,traced,2324.5,0.62143,ink,traced
149446,132964,224.3002,1946.0,0.57901,ink,traced,2324.5,0.62143,ink,traced
149447,132965,224.3018,1945.5,0.57796,ink,traced,2324.5,0.62143,ink,traced
149448,132966,224.3035,1946.0,0.57901,ink,traced,2324.5,0.62143,ink,traced
149449,132967,224.3051,1946.5,0.58006,ink,traced,2324.5,0.62143,ink,traced
149450,132968,224.3067,1945.0,0.57691,ink,traced,2324.5,0.62143,ink,traced
149451,132969,224.3083,1945.5,0.57796,ink,traced,2324.0,0.62249,ink,traced
149452,132970,224.3099,1945.5,0.57796,ink,traced,2323.5,0.62356,ink,traced
149453,132971,224.3116,1945.0,0.57691,ink,traced,2323.0,0.62462,ink,traced
149454,132972,224.3132,1947.0,0.5811,ink,traced,2322.0,0.62675,ink,traced
149455,132973,224.3148,1947.0,0.5811,ink,traced,2321.0,0.62888,ink,traced
149456,132974,224.3164,1945.5,0.57796,ink,traced,2319.5,0.63207,ink,traced
149457,132975,224.3181,1945.5,0.57796,ink,traced,2318.5,0.6342,ink,traced
149458,132976,224.3197,1945.5,0.57796,ink,traced,2311.0,0.65016,ink,traced
149459,132977,224.3213,1945.5,0.57796,ink,traced,2313.0,0.6459,ink,traced
149460,132978,224.3229,1945.5,0.57796,ink,traced,2310.5,0.65123,ink,traced
149461,132979,224.3245,1945.5,0.57796,ink,traced,2308.0,0.65655,ink,traced
149462,132980,224.3262,1945.0,0.57691,ink,traced,2305.5,0.66187,ink,traced
149463,132981,224.3278,1944.5,0.57586,ink,traced,2303.0,0.66719,ink,traced
149464,132982,224.3294,1945.0,0.57691,ink,traced,2301.5,0.67038,ink,traced
149465,132983,224.331,1945.5,0.57796,ink,traced,2300.5,0.67251,ink,traced
149466,132984,224.3326,1945.5,0.57796,ink,traced,2300.0,0.67357,ink,traced
149467,132985,224.3343,1945.5,0.57796,ink,traced,2298.0,0.67783,ink,traced
149468,132986,224.3359,1945.5,0.57796,ink,traced,2296.5,0.68102,ink,traced
149469,132987,224.3375,1945.0,0.57691,ink,traced,2293.0,0.68847,ink,traced
149470,132988,224.3391,1945.5,0.57796,ink,traced,2293.0,0.68847,ink,traced
149471,132989,224.3407,1945.5,0.57796,ink,traced,2291.0,0.69273,ink,traced
149472,132990,224.3424,1945.0,0.57691,ink,traced,2289.5,0.69592,ink,traced
149473,132991,224.344,1945.0,0.57691,ink,traced,2288.0,0.69911,ink,traced
149474,132992,224.3456,1945.0,0.57691,ink,traced,2286.5,0.7023,ink,traced
149475,132993,224.3472,1945.0,0.57691,ink,traced,2285.0,0.7055,ink,traced
149476,132994,224.3489,1945.0,0.57691,ink,traced,2282.5,0.71082,ink,traced
149477,132995,224.3505,1945.0,0.57691,ink,traced,2281.5,0.71295,ink,traced
149478,132996,224.3521,1945.0,0.57691,ink,traced,2279.5,0.7172,ink,traced
149479,132997,224.3537,1945.0,0.57691,ink,traced,2278.5,0.71933,ink,traced
149480,132998,224.3553,1945.5,0.57796,ink,traced,2277.5,0.72146,ink,traced
149481,132999,224.357,1945.5,0.57796,ink,traced,2273.5,0.72997,ink,traced
149482,133000,224.3586,1945.0,0.57691,ink,traced,2271.0,0.73529,ink,traced
149483,133001,224.3602,1945.5,0.57796,ink,traced,2268.5,0.74061,ink,traced
149484,133002,224.3618,1945.0,0.57691,ink,traced,2270.0,0.73742,ink,traced
149485,133003,224.3634,1945.0,0.57691,ink,traced,2269.0,0.73955,ink,traced
149486,133004,224.3651,1945.0,0.57691,ink,traced,2266.5,0.74487,ink,traced
149487,133005,224.3667,1945.5,0.57796,ink,traced,2265.5,0.747,ink,traced
149488,133006,224.3683,1945.5,0.57796,ink,traced,2264.5,0.74913,ink,traced
149489,133007,224.3699,1946.0,0.57901,ink,traced,2262.0,0.75445,ink,traced
149490,133008,224.3715,1946.5,0.58006,ink,traced,2260.0,0.7587,ink,traced
149491,133009,224.3732,1947.5,0.58215,ink,traced,2258.5,0.7619,ink,traced
149492,133010,224.3748,1949.5,0.58635,ink,traced,2257.0,0.76509,ink,traced
149493,133011,224.3764,1951.5,0.59055,ink,traced,2255.0,0.76934,ink,traced
149494,133012,224.378,1954.5,0.59684,ink,traced,2254.0,0.77147,ink,traced
149495,133013,224.3796,1957.0,0.60209,ink,traced,2253.5,0.77254,ink,traced
149496,133014,224.3813,1960.0,0.60838,ink,traced,2251.0,0.77786,ink,traced
149497,133015,224.3829,1961.5,0.61153,ink,traced,2250.5,0.77892,ink,traced
149498,133016,224.3845,1966.0,0.62097,ink,traced,2249.0,0.78211,ink,traced
149499,133017,224.3861,1967.0,0.62307,ink,traced,2249.0,0.78211,ink,traced
