y_px,tick,seconds,bass_x,bass_value,bass_flag,bass_source,treble_x,treble_value,treble_flag,treble_source
29500,13018,22.7715,1949.5,0.58151,ink,traced,2224.0,0.84023,ink,traced
29501,13019,22.7732,1949.0,0.58047,ink,traced,2220.0,0.84874,ink,traced
29502,13020,22.7749,1949.0,0.58047,ink,traced,2221.5,0.84555,ink,traced
29503,13021,22.7767,1949.0,0.58047,ink,traced,2219.0,0.85087,ink,traced
29504,13022,22.7784,1949.0,0.58047,ink,traced,2216.5,0.85619,ink,traced
29505,13023,22.7802,1949.5,0.58151,ink,traced,2212.5,0.8647,ink,traced
29506,13024,22.7819,1948.5,0.57942,ink,traced,2213.0,0.86364,ink,traced
29507,13025,22.7837,1948.0,0.57837,ink,traced,2208.0,0.87428,ink,traced
29508,13026,22.7854,1949.0,0.58047,ink,traced,2205.5,0.8796,ink,traced
29509,13027,22.7871,1948.5,0.57942,ink,traced,2203.0,0.88492,ink,traced
29510,13028,22.7889,1948.5,0.57942,ink,traced,2201.0,0.88918,ink,traced
29511,13029,22.7906,1948.0,0.57837,ink,traced,2201.0,0.88918,faint,traced
29512,13030,22.7924,1948.0,0.57837,ink,traced,2196.0,0.89982,ink,traced
29513,13031,22.7941,1948.0,0.57837,ink,traced,2192.0,0.90833,ink,traced
29514,13032,22.7959,1948.0,0.57837,ink,traced,2189.0,0.91471,ink,traced
29515,13033,22.7976,1948.0,0.57837,ink,traced,2187.0,0.91897,ink,traced
29516,13034,22.7993,1948.5,0.57942,ink,traced,2184.0,0.92536,faint,traced
29517,13035,22.8011,1948.0,0.57837,ink,traced,2181.0,0.93174,faint,traced
29518,13036,22.8028,1948.0,0.57837,ink,traced,2179.0,0.936,ink,traced
29519,13037,22.8046,1948.0,0.57837,ink,traced,2178.0,0.93813,ink,traced
29520,13038,22.8063,1948.0,0.57837,ink,traced,2178.0,0.93813,faint,traced
29521,13039,22.8081,1948.0,0.57837,ink,traced,2292.0,0.6955,ink,traced
29522,13040,22.8098,1948.5,0.57942,ink,traced,2292.0,0.6955,ink,traced
29523,13041,22.8115,1948.5,0.57942,ink,traced,2173.0,0.94877,ink,traced
29524,13042,22.8133,1948.5,0.57942,ink,traced,2172.0,0.9509,ink,traced
29525,13043,22.815,1948.0,0.57837,ink,traced,2174.0,0.94664,ink,traced
29526,13044,22.8168,1948.0,0.57837,ink,traced,2175.0,0.94451,ink,traced
29527,13045,22.8185,1948.0,0.57837,ink,traced,2172.0,0.9509,ink,traced
29528,13046,22.8203,1948.0,0.57837,ink,traced,2172.5,0.94983,ink,traced
29529,13047,22.822,1948.0,0.57837,ink,traced,2172.5,0.94983,ink,traced
29530,13048,22.8237,1948.0,0.57837,ink,traced,2173.5,0.9477,ink,traced
29531,13049,22.8255,1948.0,0.57837,ink,traced,2175.0,0.94451,ink,traced
29532,13050,22.8272,1947.5,0.57732,ink,traced,2173.0,0.94877,ink,traced
29533,13051,22.829,1948.0,0.57837,ink,traced,2173.5,0.9477,ink,traced
29534,13052,22.8307,1948.0,0.57837,ink,traced,2177.0,0.94025,ink,traced
29535,13053,22.8325,1947.5,0.57732,ink,traced,2176.0,0.94238,ink,traced
29536,13054,22.8342,1948.0,0.57837,ink,traced,2175.5,0.94345,ink,traced
29537,13055,22.8359,1948.0,0.57837,ink,traced,2174.5,0.94557,ink,traced
29538,13056,22.8377,1948.0,0.57837,ink,traced,2174.5,0.94557,ink,traced
29539,13057,22.8394,1948.0,0.57837,ink,traced,2174.5,0.94557,ink,traced
29540,13058,22.8412,1947.5,0.57732,ink,traced,2176.0,0.94238,ink,traced
29541,13059,22.8429,1948.0,0.57837,ink,traced,2176.0,0.94238,ink,traced
29542,13060,22.8447,1948.0,0.57837,ink,traced,2177.0,0.94025,ink,traced
29543,13061,22.8464,1948.0,0.57837,ink,traced,2174.5,0.94557,ink,traced
29544,13062,22.8481,1948.0,0.57837,ink,traced,2177.5,0.93919,ink,traced
29545,13063,22.8499,1948.5,0.57942,ink,traced,2174.5,0.94557,ink,traced
29546,13064,22.8516,1948.5,0.57942,ink,traced,2175.0,0.94451,ink,traced
29547,13065,22.8534,1948.0,0.57837,ink,traced,2174.5,0.94557,ink,traced
29548,13066,22.8551,1948.0,0.57837,ink,traced,2174.0,0.94664,ink,traced
29549,13067,22.8569,1948.0,0.57837,ink,traced,2175.0,0.94451,ink,traced
29550,13068,22.8586,1948.0,0.57837,ink,traced,2175.0,0.94451,ink,traced
29551,13069,22.8603,1948.0,0.57837,ink,traced,2174.5,0.94557,ink,traced
29552,13070,22.8621,1948.0,0.57837,ink,traced,2174.5,0.94557,ink,traced
29553,13071,22.8638,1948.0,0.57837,ink,traced,2174.5,0.94557,ink,traced
29554,13072,22.8656,1948.0,0.57837,ink,traced,2174.5,0.94557,ink,traced
29555,13073,22.8673,1948.0,0.57837,ink,traced,2174.5,0.94557,ink,traced
29556,13074,22.8691,1948.0,0.57837,ink,traced,2174.5,0.94557,ink,traced
29557,13075,22.8708,1947.5,0.57732,ink,traced,2175.0,0.94451,ink,traced
29558,13076,22.8725,1948.0,0.57837,ink,traced,2175.0,0.94451,ink,traced
29559,13077,22.8743,1948.0,0.57837,ink,traced,2175.0,0.94451,ink,traced
29560,13078,22.876,1948.0,0.57837,ink,traced,2175.5,0.94345,ink,traced
29561,13079,22.8778,1948.0,0.57837,ink,traced,2176.0,0.94238,ink,traced
29562,13080,22.8795,1948.0,0.57837,ink,traced,2175.0,0.94451,ink,traced
29563,13081,22.8813,1948.0,0.57837,ink,traced,2175.0,0.94451,ink,traced
29564,13082,22.883,1948.0,0.57837,ink,traced,2175.0,0.94451,ink,traced
29565,13083,22.8847,1948.0,0.57837,ink,traced,2174.5,0.94557,ink,traced
29566,13084,22.8865,1949.5,0.58151,ink,traced,2175.0,0.94451,ink,traced
29567,13085,22.8882,1950.5,0.58361,ink,traced,2175.0,0.94451,ink,traced
29568,13086,22.89,1953.5,0.58991,ink,traced,2175.0,0.94451,ink,traced
29569,13087,22.8917,1957.0,0.59725,ink,traced,2175.0,0.94451,ink,traced
29570,13088,22.8935,1962.5,0.60879,ink,traced,2175.0,0.94451,ink,traced
29571,13089,22.8952,1969.5,0.62348,ink,traced,2175.0,0.94451,ink,traced
29572,13090,22.8969,1974.5,0.63398,ink,traced,2177.0,0.94025,ink,traced
29573,13091,22.8987,1977.5,0.64027,ink,traced,2174.0,0.94664,ink,traced
29574,13092,22.9004,1982.5,0.65076,ink,traced,2175.0,0.94451,ink,traced
29575,13093,22.9022,1984.5,0.65496,ink,traced,2175.0,0.94451,ink,traced
29576,13094,22.9039,1986.0,0.65811,ink,traced,2175.0,0.94451,ink,traced
29577,13095,22.9057,1992.5,0.67175,ink,traced,2175.0,0.94451,ink,traced
29578,13096,22.9074,1995.5,0.67804,ink,traced,2175.0,0.94451,ink,traced
29579,13097,22.9091,1998.5,0.68434,ink,traced,2175.0,0.94451,ink,traced
29580,13098,22.9109,2005.0,0.69798,ink,traced,2175.0,0.94451,ink,traced
29581,13099,22.9126,2009.5,0.70742,ink,traced,2175.0,0.94451,ink,traced
29582,13100,22.9144,2011.0,0.71057,ink,traced,2175.0,0.94451,ink,traced
29583,13101,22.9161,2015.0,0.71896,ink,traced,2175.0,0.94451,ink,traced
29584,13102,22.9179,2018.0,0.72526,ink,traced,2174.5,0.94557,ink,traced
29585,13103,22.9196,2022.0,0.73365,ink,traced,2175.0,0.94451,ink,traced
29586,13104,22.9213,2026.0,0.74204,ink,traced,2175.0,0.94451,ink,traced
29587,13105,22.9231,2032.0,0.75464,ink,traced,2175.0,0.94451,ink,traced
29588,13106,22.9248,2030.5,0.75149,ink,traced,2175.0,0.94451,ink,traced
29589,13107,22.9266,2035.5,0.76198,ink,traced,2175.0,0.94451,ink,traced
29590,13108,22.9283,2039.5,0.77037,ink,traced,2175.0,0.94451,ink,traced
29591,13109,22.9301,2039.5,0.77037,ink,traced,2175.0,0.94451,ink,traced
29592,13110,22.9318,2046.0,0.78401,ink,traced,2175.5,0.94345,ink,traced
29593,13111,22.9335,2047.0,0.78611,ink,traced,2175.5,0.94345,ink,traced
29594,13112,22.9353,2050.5,0.79346,ink,traced,2175.0,0.94451,ink,traced
29595,13113,22.937,2055.0,0.8029,ink,traced,2175.0,0.94451,ink,traced
29596,13114,22.9388,2057.5,0.80815,ink,traced,2175.0,0.94451,ink,traced
29597,13115,22.9405,2060.0,0.81339,ink,traced,2174.5,0.94557,ink,traced
29598,13116,22.9423,2063.0,0.81969,ink,traced,2174.5,0.94557,ink,traced
29599,13117,22.944,2067.5,0.82913,ink,traced,2175.0,0.94451,ink,traced
29600,13118,22.9457,2068.0,0.83018,ink,traced,2174.5,0.94557,ink,traced
29601,13119,22.9475,2070.0,0.83438,ink,traced,2174.5,0.94557,ink,traced
29602,13120,22.9492,2072.5,0.83962,ink,traced,2174.5,0.94557,ink,traced
29603,13121,22.951,2075.5,0.84592,ink,traced,2174.5,0.94557,ink,traced
29604,13122,22.9527,2079.5,0.85431,ink,traced,2174.5,0.94557,ink,traced
29605,13123,22.9545,2079.5,0.85431,ink,traced,2174.5,0.94557,ink,traced
29606,13124,22.9562,2080.5,0.85641,ink,traced,2175.0,0.94451,ink,traced
29607,13125,22.9579,2081.0,0.85746,ink,traced,2175.0,0.94451,ink,traced
29608,13126,22.9597,2085.0,0.86585,ink,traced,2175.0,0.94451,ink,traced
29609,13127,22.9614,2085.0,0.86585,ink,traced,2175.0,0.94451,ink,traced
29610,13128,22.9632,2088.0,0.87215,ink,traced,2175.0,0.94451,ink,traced
29611,13129,22.9649,2088.0,0.87215,ink,traced,2175.0,0.94451,ink,traced
29612,13130,22.9667,2090.0,0.87634,ink,traced,2175.0,0.94451,ink,traced
29613,13131,22.9684,2087.0,0.87005,ink,traced,2175.0,0.94451,ink,traced
29614,13132,22.9701,2087.5,0.8711,ink,traced,2175.0,0.94451,ink,traced
29615,13133,22.9719,2088.0,0.87215,ink,traced,2175.5,0.94345,ink,traced
29616,13134,22.9736,2087.0,0.87005,ink,traced,2175.0,0.94451,ink,traced
29617,13135,22.9754,2087.5,0.8711,ink,traced,2174.5,0.94557,ink,traced
29618,13136,22.9771,2087.0,0.87005,ink,traced,2174.5,0.94557,ink,traced
29619,13137,22.9789,2087.0,0.87005,ink,traced,2174.5,0.94557,ink,traced
29620,13138,22.9806,2087.0,0.87005,ink,traced,2174.5,0.94557,ink,traced
29621,13139,22.9823,2087.0,0.87005,ink,traced,2175.0,0.94451,ink,traced
29622,13140,22.9841,2087.0,0.87005,ink,traced,2175.0,0.94451,ink,traced
29623,13141,22.9858,2086.5,0.869,ink,traced,2175.0,0.94451,ink,traced
29624,13142,22.9876,2087.5,0.8711,ink,traced,2175.0,0.94451,ink,traced
29625,13143,22.9893,2089.0,0.87425,ink,traced,2175.0,0.94451,ink,traced
29626,13144,22.9911,2088.0,0.87215,ink,traced,2175.5,0.94345,ink,traced
29627,13145,22.9928,2088.5,0.8732,ink,traced,2175.5,0.94345,ink,traced
29628,13146,22.9945,2087.5,0.8711,ink,traced,2174.5,0.94557,ink,traced
29629,13147,22.9963,2088.5,0.8732,ink,traced,2174.5,0.94557,ink,traced
29630,13148,22.998,2091.0,0.87844,ink,traced,2175.0,0.94451,ink,traced
29631,13149,22.9998,2088.5,0.8732,ink,traced,2175.0,0.94451,ink,traced
29632,13150,23.0015,2091.5,0.87949,ink,traced,2175.0,0.94451,ink,traced
29633,13151,23.0033,2089.5,0.8753,ink,traced,2175.0,0.94451,ink,traced
29634,13152,23.005,2089.5,0.8753,ink,traced,2175.5,0.94345,ink,traced
29635,13153,23.0067,2089.0,0.87425,ink,traced,2175.0,0.94451,ink,traced
29636,13154,23.0085,2090.5,0.87739,ink,traced,2174.5,0.94557,ink,traced
29637,13155,23.0102,2090.5,0.87739,ink,traced,2174.5,0.94557,ink,traced
29638,13156,23.012,2090.5,0.87739,ink,traced,2174.5,0.94557,ink,traced
29639,13157,23.0137,2091.0,0.87844,ink,traced,2181.0,0.93174,ink,traced
29640,13158,23.0155,2091.5,0.87949,ink,traced,2182.0,0.92961,ink,traced
29641,13159,23.0172,2090.5,0.87739,ink,traced,2187.0,0.91897,ink,traced
29642,13160,23.0189,2091.0,0.87844,ink,traced,2196.5,0.89875,ink,traced
29643,13161,23.0207,2091.0,0.87844,ink,traced,2206.0,0.87853,ink,traced
29644,13162,23.0224,2091.5,0.87949,ink,traced,2215.0,0.85938,ink,traced
29645,13163,23.0242,2091.5,0.87949,ink,traced,2221.0,0.84661,ink,traced
29646,13164,23.0259,2091.5,0.87949,ink,traced,2233.0,0.82107,ink,traced
29647,13165,23.0277,2091.0,0.87844,ink,traced,2244.5,0.7966,ink,traced
29648,13166,23.0294,2092.0,0.88054,ink,traced,2253.0,0.77851,ink,traced
29649,13167,23.0311,2092.5,0.88159,ink,traced,2271.0,0.7402,ink,traced
29650,13168,23.0329,2093.0,0.88264,ink,traced,2279.0,0.72317,ink,traced
29651,13169,23.0346,2092.5,0.88159,ink,traced,2288.0,0.70402,ink,traced
29652,13170,23.0364,2092.5,0.88159,ink,traced,2305.0,0.66784,ink,traced
29653,13171,23.0381,2092.5,0.88159,ink,traced,2315.0,0.64655,ink,traced
29654,13172,23.0399,2092.5,0.88159,ink,traced,2324.5,0.62633,ink,traced
29655,13173,23.0416,2092.5,0.88159,ink,traced,2322.5,0.63059,ink,traced
29656,13174,23.0433,2092.5,0.88159,ink,traced,2325.5,0.62421,ink,traced
29657,13175,23.0451,2092.5,0.88159,ink,traced,2339.0,0.59547,ink,traced
29658,13176,23.0468,2092.5,0.88159,ink,traced,2334.0,0.60612,ink,traced
29659,13177,23.0486,2092.5,0.88159,ink,traced,2330.0,0.61463,ink,traced
29660,13178,23.0503,2093.0,0.88264,ink,traced,2331.5,0.61144,ink,traced
29661,13179,23.0521,2093.5,0.88369,ink,traced,2326.5,0.62208,ink,traced
29662,13180,23.0538,2093.0,0.88264,ink,traced,2326.0,0.62314,ink,traced
29663,13181,23.0555,2093.0,0.88264,ink,traced,2324.0,0.6274,ink,traced
29664,13182,23.0573,2093.0,0.88264,ink,traced,2323.5,0.62846,ink,traced
29665,13183,23.059,2093.5,0.88369,ink,traced,2324.5,0.62633,ink,traced
29666,13184,23.0608,2094.0,0.88474,ink,traced,2324.5,0.62633,ink,traced
29667,13185,23.0625,2094.5,0.88579,ink,traced,2325.0,0.62527,ink,traced
29668,13186,23.0643,2094.5,0.88579,ink,traced,2325.0,0.62527,ink,traced
29669,13187,23.066,2094.5,0.88579,ink,traced,2326.0,0.62314,ink,traced
29670,13188,23.0677,2094.0,0.88474,ink,traced,2325.0,0.62527,ink,traced
29671,13189,23.0695,2094.0,0.88474,ink,traced,2325.5,0.62421,ink,traced
29672,13190,23.0712,2094.0,0.88474,ink,traced,2326.5,0.62208,ink,traced
29673,13191,23.073,2094.0,0.88474,ink,traced,2326.0,0.62314,ink,traced
29674,13192,23.0747,2094.0,0.88474,ink,traced,2326.0,0.62314,ink,traced
29675,13193,23.0765,2094.0,0.88474,ink,traced,2327.0,0.62101,ink,traced
29676,13194,23.0782,2094.5,0.88579,ink,traced,2326.5,0.62208,ink,traced
29677,13195,23.0799,2094.5,0.88579,ink,traced,2327.0,0.62101,ink,traced
29678,13196,23.0817,2094.5,0.88579,ink,traced,2327.0,0.62101,ink,traced
29679,13197,23.0834,2087.0,0.87005,ink,traced,2327.5,0.61995,ink,traced
29680,13198,23.0852,2082.0,0.85956,ink,traced,2327.5,0.61995,ink,traced
29681,13199,23.0869,2079.0,0.85326,ink,traced,2327.5,0.61995,ink,traced
29682,13200,23.0887,2077.0,0.84907,ink,traced,2328.5,0.61782,ink,traced
29683,13201,23.0904,2067.0,0.82808,ink,traced,2328.5,0.61782,ink,traced
29684,13202,23.0921,2062.0,0.81759,ink,traced,2329.0,0.61676,ink,traced
29685,13203,23.0939,2055.5,0.80395,ink,traced,2328.5,0.61782,ink,traced
29686,13204,23.0956,2044.5,0.78087,ink,traced,2329.0,0.61676,ink,traced
29687,13205,23.0974,2036.0,0.76303,ink,traced,2329.5,0.61569,ink,traced
29688,13206,23.0991,2022.0,0.73365,ink,traced,2329.0,0.61676,ink,traced
29689,13207,23.1009,2009.5,0.70742,ink,traced,2329.5,0.61569,ink,traced
29690,13208,23.1026,2003.0,0.69378,ink,traced,2329.5,0.61569,ink,traced
29691,13209,23.1043,1980.0,0.64552,ink,traced,2326.0,0.62314,ink,traced
29692,13210,23.1061,1968.0,0.62034,ink,traced,2329.5,0.61569,ink,traced
29693,13211,23.1078,1959.0,0.60145,ink,traced,2329.0,0.61676,ink,traced
29694,13212,23.1096,1945.0,0.57207,ink,traced,2329.5,0.61569,ink,traced
29695,13213,23.1113,1942.5,0.56683,ink,traced,2329.5,0.61569,ink,traced
29696,13214,23.1131,1943.0,0.56787,ink,traced,2330.0,0.61463,ink,traced
29697,13215,23.1148,1947.0,0.57627,ink,traced,2329.0,0.61676,ink,traced
29698,13216,23.1165,1951.0,0.58466,ink,traced,2329.0,0.61676,ink,traced
29699,13217,23.1183,1952.0,0.58676,ink,traced,2329.0,0.61676,ink,traced
29700,13218,23.12,1956.5,0.5962,ink,traced,2329.5,0.61569,ink,traced
29701,13219,23.1218,1959.0,0.60145,ink,traced,2329.5,0.61569,ink,traced
29702,13220,23.1235,1960.5,0.6046,ink,traced,2329.0,0.61676,ink,traced
29703,13221,23.1253,1955.0,0.59306,ink,traced,2330.0,0.61463,ink,traced
29704,13222,23.127,1958.5,0.6004,ink,traced,2330.0,0.61463,ink,traced
29705,13223,23.1287,1955.5,0.59411,ink,traced,2330.0,0.61463,ink,traced
29706,13224,23.1305,1948.0,0.57837,ink,traced,2330.0,0.61463,ink,traced
29707,13225,23.1322,1947.0,0.57627,ink,traced,2329.5,0.61569,ink,traced
29708,13226,23.134,1949.5,0.58151,ink,traced,2329.5,0.61569,ink,traced
29709,13227,23.1357,1946.5,0.57522,ink,traced,2329.5,0.61569,ink,traced
29710,13228,23.1375,1946.0,0.57417,ink,traced,2329.5,0.61569,ink,traced
29711,13229,23.1392,1945.5,0.57312,ink,traced,2329.5,0.61569,ink,traced
29712,13230,23.1409,1945.0,0.57207,ink,traced,2329.5,0.61569,ink,traced
29713,13231,23.1427,1945.5,0.57312,ink,traced,2329.5,0.61569,ink,traced
29714,13232,23.1444,1946.0,0.57417,ink,traced,2330.0,0.61463,ink,traced
29715,13233,23.1462,1946.0,0.57417,ink,traced,2330.0,0.61463,ink,traced
29716,13234,23.1479,1946.0,0.57417,ink,traced,2330.0,0.61463,ink,traced
29717,13235,23.1497,1945.5,0.57312,ink,traced,2330.5,0.61356,ink,traced
29718,13236,23.1514,1946.5,0.57522,ink,traced,2330.0,0.61463,ink,traced
29719,13237,23.1531,1946.5,0.57522,ink,traced,2330.0,0.61463,ink,traced
29720,13238,23.1549,1946.5,0.57522,ink,traced,2330.0,0.61463,ink,traced
29721,13239,23.1566,1945.5,0.57312,ink,traced,2329.0,0.61676,ink,traced
29722,13240,23.1584,1945.5,0.57312,ink,traced,2329.5,0.61569,ink,traced
29723,13241,23.1601,1946.0,0.57417,ink,traced,2330.0,0.61463,ink,traced
29724,13242,23.1619,1945.5,0.57312,ink,traced,2330.0,0.61463,ink,traced
29725,13243,23.1636,1945.5,0.57312,ink,traced,2330.0,0.61463,ink,traced
29726,13244,23.1653,1945.5,0.57312,ink,traced,2330.0,0.61463,ink,traced
29727,13245,23.1671,1945.5,0.57312,ink,traced,2330.0,0.61463,ink,traced
29728,13246,23.1688,1946.0,0.57417,ink,traced,2329.5,0.61569,ink,traced
29729,13247,23.1706,1946.0,0.57417,ink,traced,2329.5,0.61569,ink,traced
29730,13248,23.1723,1945.5,0.57312,ink,traced,2329.0,0.61676,ink,traced
29731,13249,23.1741,1945.5,0.57312,ink,traced,2329.0,0.61676,ink,traced
29732,13250,23.1758,1945.5,0.57312,ink,traced,2329.5,0.61569,ink,traced
29733,13251,23.1775,1946.0,0.57417,ink,traced,2330.0,0.61463,ink,traced
29734,13252,23.1793,1946.0,0.57417,ink,traced,2329.5,0.61569,ink,traced
29735,13253,23.181,1946.0,0.57417,ink,traced,2330.0,0.61463,ink,traced
29736,13254,23.1828,1945.5,0.57312,ink,traced,2329.5,0.61569,ink,traced
29737,13255,23.1845,1946.0,0.57417,ink,traced,2330.0,0.61463,ink,traced
29738,13256,23.1863,1946.0,0.57417,ink,traced,2330.0,0.61463,ink,traced
29739,13257,23.188,1946.0,0.57417,ink,traced,2330.0,0.61463,ink,traced
29740,13258,23.1897,1946.0,0.57417,ink,traced,2330.0,0.61463,ink,traced
29741,13259,23.1915,1945.5,0.57312,ink,traced,2330.0,0.61463,ink,traced
29742,13260,23.1932,1945.5,0.57312,ink,traced,2329.5,0.61569,ink,traced
29743,13261,23.195,1946.0,0.57417,ink,traced,2330.0,0.61463,ink,traced
29744,13262,23.1967,1946.0,0.57417,ink,traced,2330.0,0.61463,ink,traced
29745,13263,23.1985,1946.0,0.57417,ink,traced,2329.5,0.61569,ink,traced
29746,13264,23.2002,1946.0,0.57417,ink,traced,2329.5,0.61569,ink,traced
29747,13265,23.2019,1946.0,0.57417,ink,traced,2329.5,0.61569,ink,traced
29748,13266,23.2037,1946.0,0.57417,ink,traced,2329.5,0.61569,ink,traced
29749,13267,23.2054,1946.0,0.57417,ink,traced,2329.5,0.61569,ink,traced
29750,13268,23.2072,1945.5,0.57312,ink,traced,2330.0,0.61463,ink,traced
29751,13269,23.2089,1946.0,0.57417,ink,traced,2329.5,0.61569,ink,traced
29752,13270,23.2107,1946.0,0.57417,ink,traced,2329.5,0.61569,ink,traced
29753,13271,23.2124,1946.0,0.57417,ink,traced,2329.0,0.61675,ink,traced
29754,13272,23.2141,1946.0,0.57417,ink,traced,2329.5,0.61569,ink,traced
29755,13273,23.2159,1946.0,0.57417,ink,traced,2329.5,0.61569,ink,traced
29756,13274,23.2176,1946.0,0.57418,ink,traced,2329.5,0.61569,ink,traced
29757,13275,23.2194,1945.5,0.57313,ink,traced,2330.0,0.61462,ink,traced
29758,13276,23.2211,1946.0,0.57418,ink,traced,2330.0,0.61462,ink,traced
29759,13277,23.2229,1946.0,0.57418,ink,traced,2330.0,0.61462,ink,traced
29760,13278,23.2246,1946.0,0.57418,ink,traced,2330.0,0.61462,ink,traced
29761,13279,23.2263,1945.5,0.57313,ink,traced,2329.0,0.61675,ink,traced
29762,13280,23.2281,1946.0,0.57418,ink,traced,2329.0,0.61675,ink,traced
29763,13281,23.2298,1945.5,0.57313,ink,traced,2329.5,0.61568,ink,traced
29764,13282,23.2316,1946.0,0.57418,ink,traced,2330.0,0.61462,ink,traced
29765,13283,23.2333,1946.0,0.57418,ink,traced,2329.5,0.61568,ink,traced
29766,13284,23.2351,1945.5,0.57314,ink,traced,2330.0,0.61461,ink,traced
29767,13285,23.2368,1945.5,0.57314,ink,traced,2330.0,0.61461,ink,traced
29768,13286,23.2385,1945.5,0.57314,ink,traced,2330.0,0.61461,ink,traced
29769,13287,23.2403,1946.0,0.57419,ink,traced,2330.0,0.61461,ink,traced
29770,13288,23.242,1945.5,0.57314,ink,traced,2329.5,0.61567,ink,traced
29771,13289,23.2438,1945.5,0.57314,ink,traced,2330.0,0.61461,ink,traced
29772,13290,23.2455,1945.5,0.57314,ink,traced,2329.5,0.61567,ink,traced
29773,13291,23.2473,1945.5,0.57314,ink,traced,2329.5,0.61567,ink,traced
29774,13292,23.249,1945.5,0.57314,ink,traced,2329.5,0.61567,ink,traced
29775,13293,23.2507,1946.0,0.57419,ink,traced,2329.5,0.61567,ink,traced
29776,13294,23.2525,1946.0,0.57419,ink,traced,2329.5,0.61567,ink,traced
29777,13295,23.2542,1946.0,0.5742,ink,traced,2330.0,0.6146,ink,traced
29778,13296,23.256,1946.5,0.57525,ink,traced,2329.0,0.61673,ink,traced
29779,13297,23.2577,1945.5,0.57315,ink,traced,2329.5,0.61567,ink,traced
29780,13298,23.2595,1945.5,0.57315,ink,traced,2329.5,0.61566,ink,traced
29781,13299,23.2612,1946.0,0.5742,ink,traced,2329.5,0.61566,ink,traced
29782,13300,23.2629,1946.0,0.5742,ink,traced,2329.5,0.61566,ink,traced
29783,13301,23.2647,1946.0,0.5742,ink,traced,2330.0,0.6146,ink,traced
29784,13302,23.2664,1946.5,0.57525,ink,traced,2329.5,0.61566,ink,traced
29785,13303,23.2682,1946.5,0.57525,ink,traced,2329.5,0.61566,ink,traced
29786,13304,23.2699,1946.5,0.57525,ink,traced,2327.0,0.62098,ink,traced
29787,13305,23.2717,1946.5,0.57525,ink,traced,2329.5,0.61566,ink,traced
29788,13306,23.2734,1946.0,0.57421,ink,traced,2330.0,0.61459,ink,traced
29789,13307,23.2751,1945.5,0.57316,ink,traced,2330.0,0.61459,ink,traced
29790,13308,23.2769,1945.5,0.57316,ink,traced,2329.5,0.61566,ink,traced
29791,13309,23.2786,1946.0,0.57421,ink,traced,2329.5,0.61565,ink,traced
29792,13310,23.2804,1946.0,0.57421,ink,traced,2326.0,0.6231,ink,traced
29793,13311,23.2821,1946.0,0.57421,ink,traced,2329.5,0.61565,ink,traced
29794,13312,23.2839,1946.0,0.57421,ink,traced,2329.0,0.61672,ink,traced
29795,13313,23.2856,1945.5,0.57316,ink,traced,2329.5,0.61565,ink,traced
29796,13314,23.2873,1945.5,0.57316,ink,traced,2329.5,0.61565,ink,traced
29797,13315,23.2891,1945.5,0.57316,ink,traced,2329.5,0.61565,ink,traced
29798,13316,23.2908,1945.5,0.57317,ink,traced,2329.5,0.61565,ink,traced
29799,13317,23.2926,1945.5,0.57317,ink,traced,2329.5,0.61565,ink,traced
29800,13318,23.2943,1945.5,0.57317,ink,traced,2329.5,0.61565,ink,traced
29801,13319,23.2961,1946.0,0.57422,ink,traced,2329.0,0.61671,ink,traced
29802,13320,23.2978,1946.0,0.57422,ink,traced,2329.5,0.61564,ink,traced
29803,13321,23.2995,1945.5,0.57317,ink,traced,2329.5,0.61564,ink,traced
29804,13322,23.3013,1946.0,0.57422,ink,traced,2329.5,0.61564,ink,traced
29805,13323,23.303,1946.5,0.57527,ink,traced,2329.5,0.61564,ink,traced
29806,13324,23.3048,1946.0,0.57422,ink,traced,2329.5,0.61564,ink,traced
29807,13325,23.3065,1945.5,0.57317,ink,traced,2329.5,0.61564,ink,traced
29808,13326,23.3083,1946.0,0.57422,ink,traced,2330.0,0.61457,ink,traced
29809,13327,23.31,1945.5,0.57318,ink,traced,2329.5,0.61564,ink,traced
29810,13328,23.3117,1945.5,0.57318,ink,traced,2329.5,0.61564,ink,traced
29811,13329,23.3135,1945.5,0.57318,ink,traced,2329.5,0.61564,ink,traced
29812,13330,23.3152,1946.0,0.57423,ink,traced,2329.5,0.61563,ink,traced
29813,13331,23.317,1946.0,0.57423,ink,traced,2329.5,0.61563,ink,traced
29814,13332,23.3187,1945.5,0.57318,ink,traced,2330.0,0.61457,ink,traced
29815,13333,23.3205,1946.0,0.57423,ink,traced,2330.5,0.6135,ink,traced
29816,13334,23.3222,1945.5,0.57318,ink,traced,2330.0,0.61457,ink,traced
29817,13335,23.3239,1945.5,0.57318,ink,traced,2330.0,0.61457,ink,traced
29818,13336,23.3257,1945.5,0.57318,ink,traced,2329.5,0.61563,ink,traced
29819,13337,23.3274,1946.0,0.57423,ink,traced,2329.5,0.61563,ink,traced
29820,13338,23.3292,1945.5,0.57319,ink,traced,2329.5,0.61563,ink,traced
29821,13339,23.3309,1945.5,0.57319,ink,traced,2329.5,0.61563,ink,traced
29822,13340,23.3327,1946.0,0.57424,ink,traced,2329.5,0.61562,ink,traced
29823,13341,23.3344,1945.5,0.57319,ink,traced,2329.5,0.61562,ink,traced
29824,13342,23.3361,1945.5,0.57319,ink,traced,2329.5,0.61562,ink,traced
29825,13343,23.3379,1946.0,0.57424,ink,traced,2329.5,0.61562,ink,traced
29826,13344,23.3396,1946.0,0.57424,ink,traced,2329.5,0.61562,ink,traced
29827,13345,23.3414,1946.0,0.57424,ink,traced,2329.0,0.61668,ink,traced
29828,13346,23.3431,1946.0,0.57424,ink,traced,2329.5,0.61562,ink,traced
29829,13347,23.3449,1946.0,0.57424,ink,traced,2329.5,0.61562,ink,traced
29830,13348,23.3466,1946.5,0.57529,ink,traced,2329.5,0.61562,ink,traced
29831,13349,23.3483,1945.5,0.5732,ink,traced,2329.5,0.61562,ink,traced
29832,13350,23.3501,1946.0,0.57425,ink,traced,2329.5,0.61562,ink,traced
29833,13351,23.3518,1945.5,0.5732,ink,traced,2330.0,0.61455,ink,traced
29834,13352,23.3536,1946.0,0.57425,ink,traced,2330.5,0.61349,ink,traced
29835,13353,23.3553,1946.0,0.57425,ink,traced,2330.5,0.61348,ink,traced
29836,13354,23.3571,1946.5,0.5753,ink,traced,2330.0,0.61455,ink,traced
29837,13355,23.3588,1946.5,0.5753,ink,traced,2329.5,0.61561,ink,traced
29838,13356,23.3605,1946.0,0.57425,ink,traced,2329.5,0.61561,ink,traced
29839,13357,23.3623,1946.0,0.57425,ink,traced,2330.0,0.61454,ink,traced
29840,13358,23.364,1946.0,0.57425,ink,traced,2330.0,0.61454,ink,traced
29841,13359,23.3658,1945.5,0.57321,ink,traced,2330.0,0.61454,ink,traced
29842,13360,23.3675,1946.0,0.57426,ink,traced,2330.0,0.61454,ink,traced
29843,13361,23.3693,1946.0,0.57426,ink,traced,2330.0,0.61454,ink,traced
29844,13362,23.371,1946.5,0.57531,ink,traced,2330.0,0.61454,ink,traced
29845,13363,23.3727,1945.5,0.57321,ink,traced,2330.0,0.61454,ink,traced
29846,13364,23.3745,1947.0,0.57636,ink,traced,2330.0,0.61454,ink,traced
29847,13365,23.3762,1946.5,0.57531,ink,traced,2330.0,0.61454,ink,traced
29848,13366,23.378,1945.5,0.57321,ink,traced,2330.0,0.61454,ink,traced
29849,13367,23.3797,1946.5,0.57531,ink,traced,2330.0,0.61454,ink,traced
29850,13368,23.3815,1947.0,0.57636,ink,traced,2329.5,0.6156,ink,traced
29851,13369,23.3832,1946.5,0.57531,ink,traced,2330.0,0.61453,ink,traced
29852,13370,23.3849,1946.5,0.57531,ink,traced,2329.5,0.6156,ink,traced
29853,13371,23.3867,1946.0,0.57427,ink,traced,2329.0,0.61666,ink,traced
29854,13372,23.3884,1946.5,0.57532,ink,traced,2329.5,0.61559,ink,traced
29855,13373,23.3902,1945.5,0.57322,ink,traced,2329.5,0.61559,ink,traced
29856,13374,23.3919,1945.5,0.57322,ink,traced,2329.5,0.61559,ink,traced
29857,13375,23.3937,1945.5,0.57322,ink,traced,2329.5,0.61559,ink,traced
29858,13376,23.3954,1946.0,0.57427,ink,traced,2329.5,0.61559,ink,traced
29859,13377,23.3971,1945.0,0.57217,ink,traced,2329.5,0.61559,ink,traced
29860,13378,23.3989,1946.0,0.57427,ink,traced,2329.5,0.61559,ink,traced
29861,13379,23.4006,1948.0,0.57847,ink,traced,2329.5,0.61559,ink,traced
29862,13380,23.4024,1945.5,0.57323,ink,traced,2330.0,0.61452,ink,traced
29863,13381,23.4041,1946.5,0.57532,ink,traced,2330.0,0.61452,ink,traced
29864,13382,23.4059,1946.0,0.57428,ink,traced,2330.0,0.61452,ink,traced
29865,13383,23.4076,1946.5,0.57533,ink,traced,2330.0,0.61452,ink,traced
29866,13384,23.4093,1946.5,0.57533,ink,traced,2330.0,0.61452,ink,traced
29867,13385,23.4111,1945.5,0.57323,ink,traced,2330.0,0.61452,ink,traced
29868,13386,23.4128,1946.0,0.57428,ink,traced,2329.5,0.61558,ink,traced
29869,13387,23.4146,1945.5,0.57323,ink,traced,2329.5,0.61558,ink,traced
29870,13388,23.4163,1946.0,0.57428,ink,traced,2329.5,0.61558,ink,traced
29871,13389,23.4181,1946.0,0.57428,ink,traced,2329.0,0.61664,ink,traced
29872,13390,23.4198,1946.0,0.57428,ink,traced,2328.5,0.61771,ink,traced
29873,13391,23.4215,1945.5,0.57324,ink,traced,2327.0,0.6209,ink,traced
29874,13392,23.4233,1946.0,0.57429,ink,traced,2326.0,0.62302,ink,traced
29875,13393,23.425,1945.5,0.57324,ink,traced,2325.0,0.62515,ink,traced
29876,13394,23.4268,1946.0,0.57429,ink,traced,2322.0,0.63154,ink,traced
29877,13395,23.4285,1945.5,0.57324,ink,traced,2314.0,0.64856,ink,traced
29878,13396,23.4303,1945.0,0.57219,ink,traced,2316.5,0.64324,ink,traced
29879,13397,23.432,1947.0,0.57639,ink,traced,2313.5,0.64962,ink,traced
29880,13398,23.4337,1944.5,0.57114,ink,traced,2312.5,0.65175,ink,traced
29881,13399,23.4355,1945.5,0.57324,ink,traced,2310.0,0.65707,ink,traced
29882,13400,23.4372,1945.0,0.57219,ink,traced,2308.0,0.66133,ink,traced
29883,13401,23.439,1946.0,0.57429,ink,traced,2305.5,0.66665,ink,traced
29884,13402,23.4407,1946.5,0.57534,ink,traced,2304.0,0.66984,ink,traced
29885,13403,23.4425,1946.0,0.5743,ink,traced,2303.0,0.67196,ink,traced
29886,13404,23.4442,1946.0,0.5743,ink,traced,2299.5,0.67941,ink,traced
29887,13405,23.4459,1945.5,0.57325,ink,traced,2298.0,0.6826,ink,traced
29888,13406,23.4477,1946.5,0.57535,ink,traced,2296.5,0.6858,ink,traced
29889,13407,23.4494,1945.5,0.57325,ink,traced,2294.5,0.69005,ink,traced
29890,13408,23.4512,1946.0,0.5743,ink,traced,2293.0,0.69324,ink,traced
29891,13409,23.4529,1946.0,0.5743,ink,traced,2291.5,0.69643,ink,traced
29892,13410,23.4547,1946.0,0.5743,ink,traced,2290.5,0.69856,ink,traced
29893,13411,23.4564,1946.0,0.5743,ink,traced,2289.5,0.70069,ink,traced
29894,13412,23.4581,1946.0,0.5743,ink,traced,2286.5,0.70707,ink,traced
29895,13413,23.4599,1946.0,0.57431,ink,traced,2285.0,0.71026,ink,traced
29896,13414,23.4616,1945.5,0.57326,ink,traced,2282.0,0.71665,ink,traced
29897,13415,23.4634,1945.5,0.57326,ink,traced,2280.5,0.71984,ink,traced
29898,13416,23.4651,1945.5,0.57326,ink,traced,2277.5,0.72622,ink,traced
29899,13417,23.4669,1945.5,0.57326,ink,traced,2276.0,0.72941,ink,traced
29900,13418,23.4686,1945.0,0.57221,ink,traced,2275.5,0.73048,ink,traced
29901,13419,23.4703,1945.5,0.57326,ink,traced,2274.0,0.73367,ink,traced
29902,13420,23.4721,1946.5,0.57536,ink,traced,2272.0,0.73792,ink,traced
29903,13421,23.4738,1945.5,0.57326,ink,traced,2268.5,0.74537,ink,traced
29904,13422,23.4756,1946.0,0.57431,ink,traced,2268.5,0.74537,ink,traced
29905,13423,23.4773,1945.5,0.57327,ink,traced,2267.0,0.74856,ink,traced
29906,13424,23.4791,1946.0,0.57432,ink,traced,2262.0,0.7592,ink,traced
29907,13425,23.4808,1946.5,0.57537,ink,traced,2263.0,0.75707,ink,traced
29908,13426,23.4825,1945.5,0.57327,ink,traced,2262.0,0.7592,ink,traced
29909,13427,23.4843,1945.5,0.57327,ink,traced,2259.5,0.76452,ink,traced
29910,13428,23.486,1946.0,0.57432,ink,traced,2258.5,0.76665,ink,traced
29911,13429,23.4878,1946.0,0.57432,ink,traced,2252.5,0.77942,ink,traced
29912,13430,23.4895,1946.0,0.57432,ink,traced,2251.5,0.78154,ink,traced
29913,13431,23.4913,1945.5,0.57327,ink,traced,2250.5,0.78367,ink,traced
29914,13432,23.493,1943.5,0.56908,ink,traced,2249.0,0.78686,ink,traced
29915,13433,23.4947,1945.5,0.57327,ink,traced,2247.0,0.79112,ink,traced
29916,13434,23.4965,1945.5,0.57328,ink,traced,2245.5,0.79431,ink,traced
29917,13435,23.4982,1945.5,0.57328,ink,traced,2244.5,0.79644,ink,traced
29918,13436,23.5,1945.5,0.57328,ink,traced,2242.5,0.80069,ink,traced
29919,13437,23.5017,1945.5,0.57328,ink,traced,2241.5,0.80282,ink,traced
29920,13438,23.5035,1945.5,0.57328,ink,traced,2239.5,0.80708,ink,traced
29921,13439,23.5052,1946.0,0.57433,ink,traced,2238.0,0.81027,ink,traced
29922,13440,23.5069,1946.5,0.57538,ink,traced,2236.5,0.81346,ink,traced
29923,13441,23.5087,1945.5,0.57328,ink,traced,2235.0,0.81665,ink,traced
29924,13442,23.5104,1946.0,0.57433,ink,traced,2233.0,0.82091,ink,traced
29925,13443,23.5122,1945.5,0.57328,ink,traced,2230.5,0.82623,ink,traced
29926,13444,23.5139,1946.0,0.57433,ink,traced,2228.5,0.83048,ink,traced
29927,13445,23.5157,1946.0,0.57434,ink,traced,2227.0,0.83367,ink,traced
29928,13446,23.5174,1945.0,0.57224,ink,traced,2226.5,0.83474,ink,traced
29929,13447,23.5191,1945.5,0.57329,ink,traced,2225.5,0.83686,ink,traced
29930,13448,23.5209,1945.5,0.57329,ink,traced,2224.0,0.84006,ink,traced
29931,13449,23.5226,1945.5,0.57329,ink,traced,2222.0,0.84431,ink,traced
29932,13450,23.5244,1945.5,0.57329,ink,traced,2219.0,0.85069,ink,traced
29933,13451,23.5261,1945.0,0.57224,ink,traced,2218.0,0.85282,ink,traced
29934,13452,23.5279,1944.5,0.57119,ink,traced,2215.5,0.85814,ink,traced
29935,13453,23.5296,1944.5,0.57119,ink,traced,2215.0,0.8592,ink,traced
29936,13454,23.5313,1946.0,0.57434,ink,traced,2212.0,0.86559,ink,traced
29937,13455,23.5331,1946.0,0.57434,ink,traced,2212.0,0.86559,ink,traced
29938,13456,23.5348,1945.5,0.5733,ink,traced,2210.0,0.86984,ink,traced
29939,13457,23.5366,1945.5,0.5733,ink,traced,2209.0,0.87197,ink,traced
29940,13458,23.5383,1945.0,0.57225,ink,traced,2207.0,0.87623,ink,traced
29941,13459,23.5401,1946.0,0.57435,ink,traced,2203.0,0.88474,ink,traced
29942,13460,23.5418,1946.0,0.57435,ink,traced,2202.0,0.88687,ink,traced
29943,13461,23.5435,1945.0,0.57225,ink,traced,2202.0,0.88686,ink,traced
29944,13462,23.5453,1945.5,0.5733,ink,traced,2201.5,0.88793,ink,traced
29945,13463,23.547,1945.0,0.57225,ink,traced,2201.0,0.88899,ink,traced
29946,13464,23.5488,1946.0,0.57435,ink,traced,2196.5,0.89857,ink,traced
29947,13465,23.5505,1945.5,0.5733,ink,traced,2196.5,0.89857,ink,traced
29948,13466,23.5523,1945.5,0.57331,ink,traced,2197.5,0.89644,ink,traced
29949,13467,23.554,1945.5,0.57331,ink,traced,2196.5,0.89856,ink,traced
29950,13468,23.5557,1945.5,0.57331,ink,traced,2196.5,0.89856,ink,traced
29951,13469,23.5575,1946.0,0.57436,ink,traced,2194.5,0.90282,ink,traced
29952,13470,23.5592,1946.5,0.57541,ink,traced,2193.5,0.90495,ink,traced
29953,13471,23.561,1945.5,0.57331,ink,traced,2192.5,0.90707,ink,traced
29954,13472,23.5627,1945.0,0.57226,ink,traced,2189.5,0.91346,ink,traced
29955,13473,23.5645,1945.0,0.57226,ink,traced,2190.0,0.91239,ink,traced
29956,13474,23.5662,1945.5,0.57331,ink,traced,2189.0,0.91452,ink,traced
29957,13475,23.5679,1944.5,0.57122,ink,traced,2188.5,0.91558,ink,traced
29958,13476,23.5697,1945.0,0.57227,ink,traced,2187.5,0.91771,ink,traced
29959,13477,23.5714,1943.5,0.56912,ink,traced,2187.0,0.91877,ink,traced
29960,13478,23.5732,1945.5,0.57332,ink,traced,2183.5,0.92622,ink,traced
29961,13479,23.5749,1945.0,0.57227,ink,traced,2185.0,0.92303,ink,traced
29962,13480,23.5767,1945.5,0.57332,ink,traced,2182.5,0.92835,ink,traced
29963,13481,23.5784,1945.0,0.57227,ink,traced,2182.5,0.92835,ink,traced
29964,13482,23.5801,1944.5,0.57122,ink,traced,2181.5,0.93047,ink,traced
29965,13483,23.5819,1945.0,0.57227,ink,traced,2181.0,0.93154,ink,traced
29966,13484,23.5836,1945.0,0.57227,ink,traced,2180.0,0.93367,ink,traced
29967,13485,23.5854,1945.5,0.57332,ink,traced,2180.0,0.93366,ink,traced
29968,13486,23.5871,1945.5,0.57332,ink,traced,2179.5,0.93473,ink,traced
29969,13487,23.5889,1945.5,0.57332,ink,traced,2179.0,0.93579,ink,traced
29970,13488,23.5906,1945.5,0.57333,ink,traced,2178.5,0.93685,ink,traced
29971,13489,23.5923,1945.5,0.57333,ink,traced,2178.0,0.93792,ink,traced
29972,13490,23.5941,1945.5,0.57333,ink,traced,2177.0,0.94004,ink,traced
29973,13491,23.5958,1945.0,0.57228,ink,traced,2177.5,0.93898,ink,traced
29974,13492,23.5976,1945.5,0.57333,ink,traced,2177.0,0.94004,ink,traced
29975,13493,23.5993,1945.5,0.57333,ink,traced,2177.0,0.94004,ink,traced
29976,13494,23.6011,1945.5,0.57333,ink,traced,2176.5,0.9411,ink,traced
29977,13495,23.6028,1945.5,0.57333,ink,traced,2176.5,0.9411,ink,traced
29978,13496,23.6045,1945.5,0.57333,ink,traced,2176.0,0.94217,ink,traced
29979,13497,23.6063,1945.0,0.57229,ink,traced,2176.5,0.9411,ink,traced
29980,13498,23.608,1945.5,0.57334,ink,traced,2184.0,0.92514,ink,traced
29981,13499,23.6098,1945.5,0.57334,ink,traced,2185.0,0.92301,ink,traced
29982,13500,23.6115,1945.0,0.57229,ink,traced,2188.0,0.91662,ink,traced
29983,13501,23.6133,1946.0,0.57439,ink,traced,2192.0,0.90811,ink,traced
29984,13502,23.615,1945.5,0.57334,ink,traced,2205.0,0.88044,ink,traced
29985,13503,23.6167,1946.0,0.57439,ink,traced,2210.0,0.8698,ink,traced
29986,13504,23.6185,1945.5,0.57334,ink,traced,2219.0,0.85064,ink,traced
29987,13505,23.6202,1945.5,0.57334,ink,traced,2224.0,0.84,ink,traced
29988,13506,23.622,1945.5,0.57334,ink,traced,2241.0,0.80382,ink,traced
29989,13507,23.6237,1946.0,0.57439,ink,traced,2250.0,0.78466,ink,traced
29990,13508,23.6255,1945.0,0.5723,ink,traced,2261.0,0.76125,ink,traced
29991,13509,23.6272,1945.5,0.57335,ink,traced,2269.0,0.74423,ink,traced
29992,13510,23.6289,1945.5,0.57335,ink,traced,2280.0,0.72081,ink,traced
29993,13511,23.6307,1945.5,0.57335,ink,traced,2292.5,0.69421,ink,traced
29994,13512,23.6324,1945.5,0.57335,ink,traced,2293.0,0.69314,ink,traced
29995,13513,23.6342,1945.0,0.5723,ink,traced,2320.0,0.63568,ink,traced
29996,13514,23.6359,1945.5,0.57335,ink,traced,2319.0,0.63781,ink,traced
29997,13515,23.6377,1945.0,0.5723,ink,traced,2349.5,0.57289,ink,traced
29998,13516,23.6394,1945.5,0.57335,ink,traced,2343.0,0.58673,ink,traced
29999,13517,23.6411,1945.5,0.57335,ink,traced,2334.0,0.60588,ink,traced
30000,13518,23.6429,1944.0,0.57021,ink,traced,2330.0,0.61439,ink,traced
30001,13519,23.6446,1945.5,0.57335,ink,traced,2329.0,0.61652,ink,traced
30002,13520,23.6464,1945.0,0.57231,ink,traced,2325.5,0.62397,ink,traced
30003,13521,23.6481,1945.0,0.57231,ink,traced,2323.0,0.62929,ink,traced
30004,13522,23.6499,1945.5,0.57336,ink,traced,2322.5,0.63035,ink,traced
30005,13523,23.6516,1945.0,0.57231,ink,traced,2322.5,0.63035,ink,traced
30006,13524,23.6533,1945.0,0.57231,ink,traced,2323.0,0.62928,ink,traced
30007,13525,23.6551,1946.0,0.57441,ink,traced,2322.5,0.63035,ink,traced
30008,13526,23.6568,1946.0,0.57441,ink,traced,2323.5,0.62822,ink,traced
30009,13527,23.6586,1946.0,0.57441,ink,traced,2323.5,0.62822,ink,traced
30010,13528,23.6603,1946.0,0.57441,ink,traced,2325.0,0.62502,ink,traced
30011,13529,23.6621,1946.5,0.57546,ink,traced,2325.0,0.62502,ink,traced
30012,13530,23.6638,1946.0,0.57441,ink,traced,2326.0,0.62289,ink,traced
30013,13531,23.6655,1945.5,0.57337,ink,traced,2326.0,0.62289,ink,traced
30014,13532,23.6673,1945.5,0.57337,ink,traced,2326.0,0.62289,ink,traced
30015,13533,23.669,1945.5,0.57337,ink,traced,2326.0,0.62289,ink,traced
30016,13534,23.6708,1945.5,0.57337,ink,traced,2327.5,0.6197,ink,traced
30017,13535,23.6725,1945.0,0.57232,ink,traced,2328.0,0.61863,ink,traced
30018,13536,23.6743,1945.0,0.57232,ink,traced,2327.0,0.62076,ink,traced
30019,13537,23.676,1945.5,0.57337,ink,traced,2327.0,0.62076,ink,traced
30020,13538,23.6777,1945.5,0.57337,ink,traced,2327.0,0.62076,ink,traced
30021,13539,23.6795,1946.0,0.57442,ink,traced,2327.0,0.62076,ink,traced
30022,13540,23.6812,1945.5,0.57337,ink,traced,2327.5,0.61969,ink,traced
30023,13541,23.683,1945.5,0.57338,ink,traced,2328.0,0.61863,ink,traced
30024,13542,23.6847,1945.5,0.57338,ink,traced,2327.5,0.61969,ink,traced
30025,13543,23.6865,1946.0,0.57443,ink,traced,2328.5,0.61756,ink,traced
30026,13544,23.6882,1945.5,0.57338,ink,traced,2329.0,0.6165,ink,traced
30027,13545,23.6899,1945.5,0.57338,ink,traced,2329.5,0.61543,ink,traced
30028,13546,23.6917,1945.0,0.57233,ink,traced,2329.0,0.61649,ink,traced
30029,13547,23.6934,1945.0,0.57233,ink,traced,2329.0,0.61649,ink,traced
30030,13548,23.6952,1943.5,0.56918,ink,traced,2329.0,0.61649,ink,traced
30031,13549,23.6969,1946.0,0.57443,ink,traced,2329.0,0.61649,ink,traced
30032,13550,23.6987,1946.0,0.57443,ink,traced,2329.0,0.61649,ink,traced
30033,13551,23.7004,1946.0,0.57443,ink,traced,2329.0,0.61649,ink,traced
30034,13552,23.7021,1946.0,0.57443,ink,traced,2329.0,0.61649,ink,traced
30035,13553,23.7039,1946.5,0.57548,ink,traced,2329.0,0.61649,ink,traced
30036,13554,23.7056,1946.0,0.57444,ink,traced,2329.5,0.61542,ink,traced
30037,13555,23.7074,1945.5,0.57339,ink,traced,2329.0,0.61649,ink,traced
30038,13556,23.7091,1945.5,0.57339,ink,traced,2328.5,0.61755,ink,traced
30039,13557,23.7109,1945.0,0.57234,ink,traced,2329.0,0.61648,ink,traced
30040,13558,23.7126,1946.0,0.57444,ink,traced,2329.0,0.61648,ink,traced
30041,13559,23.7143,1945.5,0.57339,ink,traced,2329.0,0.61648,ink,traced
30042,13560,23.7161,1945.5,0.57339,ink,traced,2329.5,0.61542,ink,traced
30043,13561,23.7178,1945.5,0.57339,ink,traced,2330.0,0.61435,ink,traced
30044,13562,23.7196,1945.0,0.57235,ink,traced,2329.0,0.61648,ink,traced
30045,13563,23.7213,1945.5,0.5734,ink,traced,2329.5,0.61541,ink,traced
30046,13564,23.7231,1945.5,0.5734,ink,traced,2330.0,0.61435,ink,traced
30047,13565,23.7248,1945.5,0.5734,ink,traced,2329.0,0.61648,ink,traced
30048,13566,23.7265,1945.5,0.5734,ink,traced,2329.0,0.61648,ink,traced
30049,13567,23.7283,1946.0,0.57445,ink,traced,2329.0,0.61647,ink,traced
30050,13568,23.73,1945.5,0.5734,ink,traced,2329.0,0.61647,ink,traced
30051,13569,23.7318,1945.5,0.5734,ink,traced,2329.5,0.61541,ink,traced
30052,13570,23.7335,1944.5,0.5713,ink,traced,2329.0,0.61647,ink,traced
30053,13571,23.7353,1945.5,0.5734,ink,traced,2329.0,0.61647,ink,traced
30054,13572,23.737,1945.0,0.57235,ink,traced,2329.0,0.61647,ink,traced
30055,13573,23.7387,1945.5,0.57341,ink,traced,2329.5,0.6154,ink,traced
30056,13574,23.7405,1945.5,0.57341,ink,traced,2329.5,0.6154,ink,traced
30057,13575,23.7422,1945.0,0.57236,ink,traced,2329.0,0.61647,ink,traced
30058,13576,23.744,1945.5,0.57341,ink,traced,2329.5,0.6154,ink,traced
30059,13577,23.7457,1945.5,0.57341,ink,traced,2329.0,0.61647,ink,traced
30060,13578,23.7475,1944.5,0.57131,ink,traced,2329.0,0.61646,ink,traced
30061,13579,23.7492,1945.0,0.57236,ink,traced,2329.5,0.6154,ink,traced
30062,13580,23.7509,1945.5,0.57341,ink,traced,2330.5,0.61327,ink,traced
30063,13581,23.7527,1945.5,0.57341,ink,traced,2329.0,0.61646,ink,traced
30064,13582,23.7544,1945.0,0.57236,ink,traced,2329.0,0.61646,ink,traced
30065,13583,23.7562,1945.0,0.57237,ink,traced,2329.0,0.61646,ink,traced
30066,13584,23.7579,1945.5,0.57342,ink,traced,2329.0,0.61646,ink,traced
30067,13585,23.7597,1945.5,0.57342,ink,traced,2329.0,0.61646,ink,traced
30068,13586,23.7614,1944.5,0.57132,ink,traced,2328.5,0.61752,ink,traced
30069,13587,23.7631,1945.0,0.57237,ink,traced,2328.5,0.61752,ink,traced
30070,13588,23.7649,1945.5,0.57342,ink,traced,2329.0,0.61645,ink,traced
30071,13589,23.7666,1945.5,0.57342,ink,traced,2328.5,0.61752,ink,traced
30072,13590,23.7684,1944.0,0.57027,ink,traced,2329.5,0.61539,ink,traced
30073,13591,23.7701,1945.0,0.57237,ink,traced,2328.5,0.61752,ink,traced
30074,13592,23.7719,1945.0,0.57237,ink,traced,2329.0,0.61645,ink,traced
30075,13593,23.7736,1945.5,0.57342,ink,traced,2329.5,0.61539,ink,traced
30076,13594,23.7753,1946.5,0.57552,ink,traced,2329.0,0.61645,ink,traced
30077,13595,23.7771,1945.5,0.57343,ink,traced,2329.0,0.61645,ink,traced
30078,13596,23.7788,1945.5,0.57343,ink,traced,2329.0,0.61645,ink,traced
30079,13597,23.7806,1945.5,0.57343,ink,traced,2328.5,0.61751,ink,traced
30080,13598,23.7823,1945.0,0.57238,ink,traced,2329.0,0.61645,ink,traced
30081,13599,23.7841,1945.0,0.57238,ink,traced,2328.5,0.61751,ink,traced
30082,13600,23.7858,1945.0,0.57238,ink,traced,2328.5,0.61751,ink,traced
30083,13601,23.7875,1944.0,0.57028,ink,traced,2328.5,0.61751,ink,traced
30084,13602,23.7893,1945.5,0.57343,ink,traced,2329.5,0.61538,ink,traced
30085,13603,23.791,1945.5,0.57343,ink,traced,2329.0,0.61644,ink,traced
30086,13604,23.7928,1946.0,0.57448,ink,traced,2328.5,0.6175,ink,traced
30087,13605,23.7945,1945.5,0.57343,ink,traced,2329.0,0.61644,ink,traced
30088,13606,23.7963,1945.5,0.57344,ink,traced,2328.5,0.6175,ink,traced
30089,13607,23.798,1943.5,0.56924,ink,traced,2328.5,0.6175,ink,traced
30090,13608,23.7997,1945.5,0.57344,ink,traced,2328.5,0.6175,ink,traced
30091,13609,23.8015,1945.5,0.57344,ink,traced,2329.0,0.61643,ink,traced
30092,13610,23.8032,1945.5,0.57344,ink,traced,2329.5,0.61537,ink,traced
30093,13611,23.805,1944.5,0.57134,ink,traced,2328.5,0.6175,ink,traced
30094,13612,23.8067,1944.5,0.57134,ink,traced,2328.5,0.6175,ink,traced
30095,13613,23.8085,1945.0,0.57239,ink,traced,2328.5,0.6175,ink,traced
30096,13614,23.8102,1945.5,0.57344,ink,traced,2328.5,0.61749,ink,traced
30097,13615,23.8119,1945.0,0.57239,ink,traced,2328.5,0.61749,ink,traced
30098,13616,23.8137,1945.5,0.57345,ink,traced,2328.5,0.61749,ink,traced
30099,13617,23.8154,1944.5,0.57135,ink,traced,2328.5,0.61749,ink,traced
30100,13618,23.8172,1945.5,0.57345,ink,traced,2328.5,0.61749,ink,traced
30101,13619,23.8189,1945.5,0.57345,ink,traced,2328.5,0.61749,ink,traced
30102,13620,23.8207,1945.5,0.57345,ink,traced,2329.0,0.61642,ink,traced
30103,13621,23.8224,1945.0,0.5724,ink,traced,2328.5,0.61749,ink,traced
30104,13622,23.8241,1945.5,0.57345,ink,traced,2329.0,0.61642,ink,traced
30105,13623,23.8259,1944.0,0.5703,ink,traced,2328.5,0.61749,ink,traced
30106,13624,23.8276,1945.0,0.5724,ink,traced,2328.5,0.61748,ink,traced
30107,13625,23.8294,1945.0,0.5724,ink,traced,2328.5,0.61748,ink,traced
30108,13626,23.8311,1945.0,0.57241,ink,traced,2329.0,0.61642,ink,traced
30109,13627,23.8329,1945.0,0.57241,ink,traced,2329.0,0.61642,ink,traced
30110,13628,23.8346,1944.5,0.57136,ink,traced,2328.5,0.61748,ink,traced
30111,13629,23.8363,1944.5,0.57136,ink,traced,2328.5,0.61748,ink,traced
30112,13630,23.8381,1945.5,0.57346,ink,traced,2329.0,0.61642,ink,traced
30113,13631,23.8398,1945.5,0.57346,ink,traced,2328.5,0.61748,ink,traced
30114,13632,23.8416,1945.5,0.57346,ink,traced,2328.5,0.61748,ink,traced
30115,13633,23.8433,1945.5,0.57346,ink,traced,2328.5,0.61748,ink,traced
30116,13634,23.8451,1945.5,0.57346,ink,traced,2328.5,0.61748,ink,traced
30117,13635,23.8468,1945.0,0.57241,ink,traced,2328.5,0.61747,ink,traced
30118,13636,23.8485,1945.0,0.57241,ink,traced,2329.0,0.61641,ink,traced
30119,13637,23.8503,1945.5,0.57346,ink,traced,2329.0,0.61641,ink,traced
30120,13638,23.852,1945.0,0.57242,ink,traced,2329.0,0.61641,ink,traced
30121,13639,23.8538,1945.0,0.57242,ink,traced,2328.5,0.61747,ink,traced
30122,13640,23.8555,1945.0,0.57242,ink,traced,2328.5,0.61747,ink,traced
30123,13641,23.8573,1945.5,0.57347,ink,traced,2328.5,0.61747,ink,traced
30124,13642,23.859,1945.5,0.57347,ink,traced,2328.5,0.61747,ink,traced
30125,13643,23.8607,1945.5,0.57347,ink,traced,2328.5,0.61747,ink,traced
30126,13644,23.8625,1945.5,0.57347,ink,traced,2328.5,0.61747,ink,traced
30127,13645,23.8642,1945.5,0.57347,ink,traced,2323.0,0.62917,ink,traced
30128,13646,23.866,1945.5,0.57347,ink,traced,2327.5,0.61959,ink,traced
30129,13647,23.8677,1945.5,0.57347,ink,traced,2326.0,0.62278,ink,traced
30130,13648,23.8695,1945.0,0.57243,ink,traced,2325.0,0.62491,ink,traced
30131,13649,23.8712,1945.0,0.57243,ink,traced,2323.5,0.6281,ink,traced
30132,13650,23.8729,1945.5,0.57348,ink,traced,2322.5,0.63023,ink,traced
30133,13651,23.8747,1945.5,0.57348,ink,traced,2314.0,0.64832,ink,traced
30134,13652,23.8764,1945.5,0.57348,ink,traced,2314.0,0.64832,ink,traced
30135,13653,23.8782,1945.0,0.57243,ink,traced,2308.0,0.66109,ink,traced
30136,13654,23.8799,1944.5,0.57138,ink,traced,2310.5,0.65577,ink,traced
30137,13655,23.8817,1945.5,0.57348,ink,traced,2309.0,0.65896,ink,traced
30138,13656,23.8834,1945.5,0.57348,ink,traced,2306.5,0.66428,ink,traced
30139,13657,23.8851,1945.5,0.57348,ink,traced,2305.0,0.66747,ink,traced
30140,13658,23.8869,1945.5,0.57348,ink,traced,2304.0,0.6696,ink,traced
30141,13659,23.8886,1945.0,0.57244,ink,traced,2301.5,0.67492,ink,traced
30142,13660,23.8904,1945.0,0.57244,ink,traced,2299.0,0.68023,ink,traced
30143,13661,23.8921,1945.5,0.57349,ink,traced,2297.0,0.68449,ink,traced
30144,13662,23.8939,1946.0,0.57454,ink,traced,2296.0,0.68662,ink,traced
30145,13663,23.8956,1946.0,0.57454,ink,traced,2294.5,0.68981,ink,traced
30146,13664,23.8973,1945.5,0.57349,ink,traced,2294.0,0.69087,ink,traced
30147,13665,23.8991,1945.5,0.57349,ink,traced,2291.5,0.69619,ink,traced
30148,13666,23.9008,1945.5,0.57349,ink,traced,2290.0,0.69938,ink,traced
30149,13667,23.9026,1945.0,0.57244,ink,traced,2288.5,0.70257,ink,traced
30150,13668,23.9043,1945.0,0.57244,ink,traced,2286.0,0.70789,ink,traced
30151,13669,23.9061,1946.0,0.57454,ink,traced,2285.0,0.71002,ink,traced
30152,13670,23.9078,1945.0,0.57245,ink,traced,2282.5,0.71534,ink,traced
30153,13671,23.9095,1945.5,0.5735,ink,traced,2281.0,0.71853,ink,traced
30154,13672,23.9113,1945.5,0.5735,ink,traced,2278.0,0.72492,ink,traced
30155,13673,23.913,1945.0,0.57245,ink,traced,2276.5,0.72811,ink,traced
30156,13674,23.9148,1945.5,0.5735,ink,traced,2275.0,0.7313,ink,traced
30157,13675,23.9165,1945.5,0.5735,ink,traced,2270.0,0.74194,ink,traced
30158,13676,23.9183,1945.5,0.5735,ink,traced,2269.5,0.743,ink,traced
30159,13677,23.92,1945.5,0.5735,ink,traced,2268.5,0.74513,ink,traced
30160,13678,23.9217,1945.5,0.5735,ink,traced,2265.5,0.75151,ink,traced
30161,13679,23.9235,1945.5,0.5735,ink,traced,2264.0,0.75471,ink,traced
30162,13680,23.9252,1945.5,0.5735,ink,traced,2261.0,0.76109,ink,traced
30163,13681,23.927,1945.5,0.57351,ink,traced,2260.0,0.76322,ink,traced
30164,13682,23.9287,1945.5,0.57351,ink,traced,2258.5,0.76641,ink,traced
30165,13683,23.9305,1945.5,0.57351,ink,traced,2257.5,0.76854,ink,traced
30166,13684,23.9322,1946.0,0.57456,ink,traced,2255.0,0.77386,ink,traced
30167,13685,23.9339,1945.5,0.57351,ink,traced,2252.5,0.77918,ink,traced
30168,13686,23.9357,1946.0,0.57456,ink,traced,2251.0,0.78237,ink,traced
30169,13687,23.9374,1946.5,0.57561,ink,traced,2249.5,0.78556,ink,traced
30170,13688,23.9392,1947.5,0.57771,ink,traced,2248.5,0.78769,ink,traced
30171,13689,23.9409,1949.5,0.58191,ink,traced,2247.5,0.78981,ink,traced
30172,13690,23.9427,1952.0,0.58715,ink,traced,2244.5,0.7962,ink,traced
30173,13691,23.9444,1953.5,0.5903,ink,traced,2243.0,0.79939,ink,traced
30174,13692,23.9461,1956.0,0.59555,ink,traced,2241.5,0.80258,ink,traced
30175,13693,23.9479,1961.0,0.60604,ink,traced,2239.5,0.80684,ink,traced
30176,13694,23.9496,1962.5,0.60919,ink,traced,2238.0,0.81003,ink,traced
30177,13695,23.9514,1964.5,0.61339,ink,traced,2236.5,0.81322,ink,traced
30178,13696,23.9531,1966.5,0.61759,ink,traced,2234.5,0.81747,ink,traced
30179,13697,23.9549,1970.5,0.62598,ink,traced,2234.0,0.81854,ink,traced
30180,13698,23.9566,1972.5,0.63018,ink,traced,2232.0,0.82279,ink,traced
30181,13699,23.9583,1974.0,0.63333,ink,traced,2230.0,0.82705,ink,traced
30182,13700,23.9601,1976.0,0.63753,ink,traced,2225.0,0.83769,ink,traced
30183,13701,23.9618,1977.5,0.64067,ink,traced,2226.5,0.8345,ink,traced
30184,13702,23.9636,1980.0,0.64592,ink,traced,2226.0,0.83556,ink,traced
30185,13703,23.9653,1981.0,0.64802,ink,traced,2224.5,0.83875,ink,traced
30186,13704,23.9671,1983.5,0.65327,ink,traced,2221.0,0.8462,ink,traced
30187,13705,23.9688,1983.5,0.65327,ink,traced,2220.5,0.84726,ink,traced
30188,13706,23.9705,1986.5,0.65956,ink,traced,2219.0,0.85045,ink,traced
30189,13707,23.9723,1989.0,0.66481,ink,traced,2217.5,0.85364,ink,traced
30190,13708,23.974,1990.0,0.66691,ink,traced,2216.0,0.85684,ink,traced
30191,13709,23.9758,1992.5,0.67216,ink,traced,2214.5,0.86003,ink,traced
30192,13710,23.9775,1995.0,0.67741,ink,traced,2214.5,0.86003,ink,traced
30193,13711,23.9793,1997.0,0.6816,ink,traced,2214.0,0.86109,ink,traced
30194,13712,23.981,1998.5,0.68475,ink,traced,2212.5,0.86428,ink,traced
30195,13713,23.9827,2001.0,0.69,ink,traced,2211.5,0.86641,ink,traced
30196,13714,23.9845,2002.5,0.69315,ink,traced,2210.0,0.8696,ink,traced
30197,13715,23.9862,2003.0,0.6942,ink,traced,2210.0,0.8696,ink,traced
30198,13716,23.988,2005.0,0.6984,ink,traced,2208.0,0.87385,ink,traced
30199,13717,23.9897,2006.0,0.70049,ink,traced,2207.5,0.87492,ink,traced
30200,13718,23.9915,2008.0,0.70469,ink,traced,2207.0,0.87598,ink,traced
30201,13719,23.9932,2010.5,0.70994,ink,traced,2202.0,0.88662,ink,traced
30202,13720,23.9949,2013.0,0.71519,ink,traced,2202.0,0.88662,ink,traced
30203,13721,23.9967,2014.0,0.71729,ink,traced,2201.5,0.88768,ink,traced
30204,13722,23.9984,2016.5,0.72253,ink,traced,2201.0,0.88875,ink,traced
30205,13723,24.0002,2017.0,0.72358,ink,traced,2199.0,0.893,ink,traced
30206,13724,24.0019,2019.5,0.72883,ink,traced,2198.5,0.89407,ink,traced
30207,13725,24.0037,2022.5,0.73513,ink,traced,2195.5,0.90045,ink,traced
30208,13726,24.0054,2023.5,0.73723,ink,traced,2193.0,0.90577,ink,traced
30209,13727,24.0071,2025.0,0.74037,ink,traced,2194.5,0.90258,ink,traced
30210,13728,24.0089,2027.5,0.74562,ink,traced,2193.5,0.9047,ink,traced
30211,13729,24.0106,2030.0,0.75087,ink,traced,2192.0,0.90789,ink,traced
30212,13730,24.0124,2030.0,0.75087,ink,traced,2191.0,0.91002,ink,traced
30213,13731,24.0141,2030.0,0.75087,ink,traced,2189.0,0.91428,ink,traced
30214,13732,24.0159,2033.0,0.75717,ink,traced,2188.5,0.91534,ink,traced
30215,13733,24.0176,2034.0,0.75927,ink,traced,2187.0,0.91853,ink,traced
30216,13734,24.0193,2036.0,0.76346,ink,traced,2184.0,0.92492,ink,traced
30217,13735,24.0211,2037.0,0.76556,ink,traced,2185.5,0.92172,ink,traced
30218,13736,24.0228,2039.0,0.76976,ink,traced,2185.0,0.92279,ink,traced
30219,13737,24.0246,2039.5,0.77081,ink,traced,2185.0,0.92278,ink,traced
30220,13738,24.0263,2041.5,0.77501,ink,traced,2185.0,0.92278,ink,traced
30221,13739,24.0281,2042.5,0.77711,ink,traced,2183.0,0.92704,ink,traced
30222,13740,24.0298,2044.5,0.78131,ink,traced,2182.5,0.9281,ink,traced
30223,13741,24.0315,2045.0,0.78236,ink,traced,2181.5,0.93023,ink,traced
30224,13742,24.0333,2046.5,0.7855,ink,traced,2182.0,0.92916,ink,traced
30225,13743,24.035,2049.5,0.7918,ink,traced,2181.5,0.93023,ink,traced
30226,13744,24.0368,2050.0,0.79285,ink,traced,2180.5,0.93236,ink,traced
30227,13745,24.0385,2052.0,0.79705,ink,traced,2179.5,0.93448,ink,traced
30228,13746,24.0403,2052.5,0.7981,ink,traced,2179.0,0.93555,ink,traced
30229,13747,24.042,2053.0,0.79915,ink,traced,2177.0,0.9398,ink,traced
30230,13748,24.0437,2055.0,0.80335,ink,traced,2177.0,0.9398,ink,traced
30231,13749,24.0455,2057.0,0.80754,ink,traced,2177.0,0.9398,ink,traced
30232,13750,24.0472,2057.0,0.80755,ink,traced,2177.5,0.93873,ink,traced
30233,13751,24.049,2057.0,0.80755,ink,traced,2177.0,0.9398,ink,traced
30234,13752,24.0507,2063.0,0.82014,ink,traced,2177.5,0.93873,ink,traced
30235,13753,24.0525,2062.5,0.81909,ink,traced,2176.5,0.94086,ink,traced
30236,13754,24.0542,2063.0,0.82014,ink,traced,2179.5,0.93447,ink,traced
30237,13755,24.0559,2064.5,0.82329,ink,traced,2176.5,0.94086,ink,traced
30238,13756,24.0577,2064.5,0.82329,ink,traced,2177.5,0.93873,ink,traced
30239,13757,24.0594,2065.5,0.82539,ink,traced,2177.0,0.93979,ink,traced
30240,13758,24.0612,2065.5,0.82539,ink,traced,2176.5,0.94086,ink,traced
30241,13759,24.0629,2066.0,0.82644,ink,traced,2176.5,0.94085,ink,traced
30242,13760,24.0647,2069.0,0.83274,ink,traced,2176.5,0.94085,ink,traced
30243,13761,24.0664,2068.5,0.83169,ink,traced,2180.0,0.9334,ink,traced
30244,13762,24.0681,2068.0,0.83064,ink,traced,2176.0,0.94192,ink,traced
30245,13763,24.0699,2069.5,0.83379,ink,traced,2176.0,0.94191,ink,traced
30246,13764,24.0716,2070.0,0.83484,ink,traced,2177.0,0.93979,ink,traced
30247,13765,24.0734,2071.0,0.83694,ink,traced,2176.5,0.94085,ink,traced
30248,13766,24.0751,2072.5,0.84009,ink,traced,2176.5,0.94085,ink,traced
30249,13767,24.0769,2073.5,0.84219,ink,traced,2176.5,0.94085,ink,traced
30250,13768,24.0786,2074.0,0.84324,ink,traced,2177.0,0.93978,ink,traced
30251,13769,24.0803,2073.5,0.84218,ink,traced,2176.5,0.94085,ink,traced
30252,13770,24.0821,2075.5,0.84638,ink,traced,2175.5,0.94298,ink,traced
30253,13771,24.0838,2075.5,0.84638,ink,traced,2176.0,0.94192,ink,traced
30254,13772,24.0856,2077.0,0.84952,ink,traced,2176.5,0.94086,ink,traced
30255,13773,24.0873,2078.5,0.85267,ink,traced,2176.0,0.94192,ink,traced
30256,13774,24.0891,2077.0,0.84952,ink,traced,2176.0,0.94193,ink,traced
30257,13775,24.0908,2078.0,0.85161,ink,traced,2176.0,0.94193,ink,traced
30258,13776,24.0925,2079.5,0.85476,ink,traced,2176.0,0.94193,ink,traced
30259,13777,24.0943,2080.0,0.8558,ink,traced,2175.5,0.943,ink,traced
30260,13778,24.096,2080.5,0.85685,ink,traced,2176.0,0.94194,ink,traced
30261,13779,24.0978,2080.0,0.8558,ink,traced,2176.0,0.94194,ink,traced
30262,13780,24.0995,2079.5,0.85475,ink,traced,2176.0,0.94194,ink,traced
30263,13781,24.1013,2079.0,0.8537,ink,traced,2176.0,0.94194,ink,traced
30264,13782,24.103,2080.0,0.85579,ink,traced,2175.5,0.94301,ink,traced
30265,13783,24.1047,2081.0,0.85789,ink,traced,2176.0,0.94195,ink,traced
30266,13784,24.1065,2083.0,0.86208,ink,traced,2176.0,0.94195,ink,traced
30267,13785,24.1082,2082.0,0.85998,ink,traced,2175.5,0.94302,ink,traced
30268,13786,24.11,2083.0,0.86208,ink,traced,2175.5,0.94302,ink,traced
30269,13787,24.1117,2083.0,0.86207,ink,traced,2175.5,0.94302,ink,traced
30270,13788,24.1135,2084.0,0.86417,ink,traced,2175.5,0.94302,ink,traced
30271,13789,24.1152,2084.0,0.86417,ink,traced,2176.5,0.9409,ink,traced
30272,13790,24.1169,2084.5,0.86521,ink,traced,2176.0,0.94197,ink,traced
30273,13791,24.1187,2084.0,0.86416,ink,traced,2176.0,0.94197,ink,traced
30274,13792,24.1204,2085.0,0.86626,ink,traced,2176.0,0.94197,ink,traced
30275,13793,24.1222,2085.0,0.86626,ink,traced,2177.0,0.93984,ink,traced
30276,13794,24.1239,2087.5,0.8715,ink,traced,2176.5,0.94091,ink,traced
30277,13795,24.1257,2086.5,0.8694,ink,traced,2177.0,0.93985,ink,traced
30278,13796,24.1274,2087.0,0.87045,ink,traced,2176.5,0.94092,ink,traced
30279,13797,24.1291,2086.5,0.86939,ink,traced,2176.5,0.94092,ink,traced
30280,13798,24.1309,2087.5,0.87149,ink,traced,2176.0,0.94199,ink,traced
30281,13799,24.1326,2087.5,0.87149,ink,traced,2176.0,0.94199,ink,traced
30282,13800,24.1344,2087.5,0.87148,ink,traced,2176.0,0.94199,ink,traced
30283,13801,24.1361,2088.0,0.87253,ink,traced,2176.0,0.94199,ink,traced
30284,13802,24.1379,2087.5,0.87148,ink,traced,2176.0,0.942,ink,traced
30285,13803,24.1396,2087.5,0.87148,ink,traced,2176.0,0.942,ink,traced
30286,13804,24.1413,2088.0,0.87252,ink,traced,2176.5,0.94094,ink,traced
30287,13805,24.1431,2088.0,0.87252,ink,traced,2176.0,0.942,ink,traced
30288,13806,24.1448,2088.5,0.87357,ink,traced,2176.0,0.94201,ink,traced
30289,13807,24.1466,2089.0,0.87461,ink,traced,2175.5,0.94307,ink,traced
30290,13808,24.1483,2088.5,0.87356,ink,traced,2175.5,0.94308,ink,traced
30291,13809,24.1501,2088.0,0.87251,ink,traced,2175.5,0.94308,ink,traced
30292,13810,24.1518,2087.0,0.87041,ink,traced,2176.0,0.94202,ink,traced
30293,13811,24.1535,2089.5,0.87565,ink,traced,2176.0,0.94202,ink,traced
30294,13812,24.1553,2089.0,0.8746,ink,traced,2176.0,0.94202,ink,traced
30295,13813,24.157,2087.0,0.8704,ink,traced,2176.0,0.94202,ink,traced
30296,13814,24.1588,2090.5,0.87774,ink,traced,2176.0,0.94203,ink,traced
30297,13815,24.1605,2089.5,0.87564,ink,traced,2176.0,0.94203,ink,traced
30298,13816,24.1623,2090.0,0.87669,ink,traced,2176.0,0.94203,ink,traced
30299,13817,24.164,2090.0,0.87669,ink,traced,2182.0,0.92926,ink,traced
30300,13818,24.1657,2090.5,0.87774,ink,traced,2184.0,0.92501,ink,traced
30301,13819,24.1675,2090.0,0.87668,ink,traced,2186.0,0.92076,ink,traced
30302,13820,24.1692,2090.0,0.87668,ink,traced,2199.0,0.89309,ink,traced
30303,13821,24.171,2090.5,0.87773,ink,traced,2206.0,0.8782,ink,traced
30304,13822,24.1727,2091.0,0.87877,ink,traced,2215.0,0.85904,ink,traced
30305,13823,24.1745,2091.0,0.87877,ink,traced,2221.0,0.84628,ink,traced
30306,13824,24.1762,2091.0,0.87877,ink,traced,2228.0,0.83138,ink,traced
30307,13825,24.1779,2091.0,0.87877,ink,traced,2239.0,0.80797,ink,traced
30308,13826,24.1797,2091.0,0.87876,ink,traced,2254.0,0.77605,ink,traced
30309,13827,24.1814,2091.5,0.87981,ink,traced,2266.0,0.75051,ink,traced
30310,13828,24.1832,2090.5,0.87771,ink,traced,2281.5,0.71753,ink,traced
30311,13829,24.1849,2091.0,0.87876,ink,traced,2290.0,0.69944,ink,traced
30312,13830,24.1867,2091.0,0.87875,ink,traced,2302.0,0.6739,ink,traced
30313,13831,24.1884,2091.0,0.87875,ink,traced,2313.5,0.64943,ink,traced
30314,13832,24.1901,2091.0,0.87875,ink,traced,2329.0,0.61645,ink,traced
30315,13833,24.1919,2091.0,0.87875,ink,traced,2329.0,0.61645,ink,traced
30316,13834,24.1936,2091.0,0.87874,ink,traced,2329.0,0.61645,ink,traced
30317,13835,24.1954,2091.0,0.87874,ink,traced,2329.0,0.61645,ink,traced
30318,13836,24.1971,2091.0,0.87874,ink,traced,2329.0,0.61646,ink,traced
30319,13837,24.1989,2091.0,0.87874,ink,traced,2327.0,0.62072,ink,traced
30320,13838,24.2006,2085.0,0.86614,ink,traced,2328.0,0.61859,ink,traced
30321,13839,24.2023,2078.0,0.85145,ink,traced,2325.5,0.62391,ink,traced
30322,13840,24.2041,2074.0,0.84306,ink,traced,2324.5,0.62604,ink,traced
30323,13841,24.2058,2065.0,0.82417,ink,traced,2324.0,0.62711,ink,traced
30324,13842,24.2076,2057.5,0.80843,ink,traced,2324.0,0.62711,ink,traced
30325,13843,24.2093,2056.5,0.80633,ink,traced,2323.5,0.62818,ink,traced
30326,13844,24.2111,2051.5,0.79583,ink,traced,2323.5,0.62818,ink,traced
30327,13845,24.2128,2036.5,0.76435,ink,traced,2322.5,0.63031,ink,traced
30328,13846,24.2145,2023.5,0.73707,ink,traced,2323.5,0.62819,ink,traced
30329,13847,24.2163,2010.0,0.70874,ink,traced,2324.5,0.62606,ink,traced
30330,13848,24.218,2001.0,0.68985,ink,traced,2325.5,0.62394,ink,traced
30331,13849,24.2198,1998.0,0.68355,ink,traced,2325.5,0.62394,ink,traced
30332,13850,24.2215,1978.0,0.64158,ink,traced,2325.5,0.62394,ink,traced
30333,13851,24.2233,1966.0,0.6164,ink,traced,2325.5,0.62394,ink,traced
30334,13852,24.225,1949.0,0.58072,ink,traced,2325.5,0.62395,ink,traced
30335,13853,24.2267,1948.0,0.57862,ink,traced,2326.0,0.62288,ink,traced
30336,13854,24.2285,1948.0,0.57862,ink,traced,2326.0,0.62289,ink,traced
30337,13855,24.2302,1946.0,0.57442,ink,traced,2326.0,0.62289,ink,traced
30338,13856,24.232,1948.0,0.57861,ink,traced,2326.0,0.62289,ink,traced
30339,13857,24.2337,1952.0,0.587,ink,traced,2326.0,0.62289,ink,traced
30340,13858,24.2355,1956.5,0.59645,ink,traced,2326.0,0.6229,ink,traced
30341,13859,24.2372,1959.5,0.60274,ink,traced,2326.5,0.62184,ink,traced
30342,13860,24.2389,1960.5,0.60483,ink,traced,2327.5,0.61971,ink,traced
30343,13861,24.2407,1960.0,0.60378,ink,traced,2327.5,0.61971,ink,traced
30344,13862,24.2424,1959.5,0.60273,ink,traced,2328.0,0.61865,ink,traced
30345,13863,24.2442,1958.0,0.59958,ink,traced,2328.0,0.61865,ink,traced
30346,13864,24.2459,1957.5,0.59853,ink,traced,2329.0,0.61653,ink,traced
30347,13865,24.2477,1948.0,0.57859,ink,traced,2329.0,0.61653,ink,traced
30348,13866,24.2494,1946.0,0.57439,ink,traced,2329.0,0.61653,ink,traced
30349,13867,24.2511,1945.0,0.57229,ink,traced,2329.5,0.61547,ink,traced
30350,13868,24.2529,1948.0,0.57858,ink,traced,2329.0,0.61654,ink,traced
30351,13869,24.2546,1947.5,0.57753,ink,traced,2329.0,0.61654,ink,traced
30352,13870,24.2564,1946.5,0.57543,ink,traced,2329.0,0.61654,ink,traced
30353,13871,24.2581,1946.5,0.57543,ink,traced,2329.0,0.61655,ink,traced
30354,13872,24.2599,1946.0,0.57438,ink,traced,2329.0,0.61655,ink,traced
30355,13873,24.2616,1945.5,0.57332,ink,traced,2329.5,0.61549,ink,traced
30356,13874,24.2633,1945.5,0.57332,ink,traced,2330.5,0.61336,ink,traced
30357,13875,24.2651,1945.5,0.57332,ink,traced,2329.0,0.61656,ink,traced
30358,13876,24.2668,1945.5,0.57332,ink,traced,2329.0,0.61656,ink,traced
30359,13877,24.2686,1946.0,0.57436,ink,traced,2329.0,0.61656,ink,traced
30360,13878,24.2703,1945.5,0.57331,ink,traced,2327.0,0.62082,ink,traced
30361,13879,24.2721,1945.5,0.57331,ink,traced,2329.5,0.6155,ink,traced
30362,13880,24.2738,1945.5,0.57331,ink,traced,2329.5,0.6155,ink,traced
30363,13881,24.2755,1945.5,0.5733,ink,traced,2329.5,0.61551,ink,traced
30364,13882,24.2773,1945.5,0.5733,ink,traced,2329.5,0.61551,ink,traced
30365,13883,24.279,1945.5,0.5733,ink,traced,2329.0,0.61658,ink,traced
30366,13884,24.2808,1945.5,0.5733,ink,traced,2329.0,0.61658,ink,traced
30367,13885,24.2825,1945.5,0.57329,ink,traced,2330.0,0.61445,ink,traced
30368,13886,24.2843,1946.0,0.57434,ink,traced,2330.0,0.61445,ink,traced
30369,13887,24.286,1946.0,0.57434,ink,traced,2329.5,0.61552,ink,traced
30370,13888,24.2877,1946.0,0.57434,ink,traced,2329.0,0.61659,ink,traced
30371,13889,24.2895,1946.0,0.57433,ink,traced,2329.5,0.61553,ink,traced
30372,13890,24.2912,1946.5,0.57538,ink,traced,2329.5,0.61553,ink,traced
30373,13891,24.293,1946.5,0.57538,ink,traced,2329.0,0.6166,ink,traced
30374,13892,24.2947,1946.0,0.57433,ink,traced,2329.0,0.6166,ink,traced
30375,13893,24.2965,1946.0,0.57432,ink,traced,2329.5,0.61554,ink,traced
30376,13894,24.2982,1946.0,0.57432,ink,traced,2329.5,0.61554,ink,traced
30377,13895,24.2999,1946.5,0.57537,ink,traced,2329.5,0.61554,ink,traced
30378,13896,24.3017,1946.5,0.57537,ink,traced,2329.5,0.61554,ink,traced
30379,13897,24.3034,1946.0,0.57431,ink,traced,2329.5,0.61555,ink,traced
30380,13898,24.3052,1946.0,0.57431,ink,traced,2330.0,0.61449,ink,traced
30381,13899,24.3069,1946.0,0.57431,ink,traced,2329.5,0.61555,ink,traced
30382,13900,24.3087,1946.0,0.57431,ink,traced,2329.5,0.61555,ink,traced
30383,13901,24.3104,1946.0,0.5743,ink,traced,2329.5,0.61556,ink,traced
30384,13902,24.3121,1946.0,0.5743,ink,traced,2329.5,0.61556,ink,traced
30385,13903,24.3139,1946.0,0.5743,ink,traced,2329.5,0.61556,ink,traced
30386,13904,24.3156,1946.0,0.5743,ink,traced,2329.5,0.61556,ink,traced
30387,13905,24.3174,1946.0,0.57429,ink,traced,2329.5,0.61557,ink,traced
30388,13906,24.3191,1946.0,0.57429,ink,traced,2329.5,0.61557,ink,traced
30389,13907,24.3209,1946.0,0.57429,ink,traced,2329.5,0.61557,ink,traced
30390,13908,24.3226,1946.0,0.57429,ink,traced,2329.5,0.61557,ink,traced
30391,13909,24.3243,1946.0,0.57428,ink,traced,2329.5,0.61558,ink,traced
30392,13910,24.3261,1946.5,0.57533,ink,traced,2329.5,0.61558,ink,traced
30393,13911,24.3278,1946.0,0.57428,ink,traced,2329.5,0.61558,ink,traced
30394,13912,24.3296,1946.0,0.57428,ink,traced,2329.0,0.61665,ink,traced
30395,13913,24.3313,1946.0,0.57427,ink,traced,2329.5,0.61559,ink,traced
30396,13914,24.3331,1946.0,0.57427,ink,traced,2329.5,0.61559,ink,traced
30397,13915,24.3348,1946.0,0.57427,ink,traced,2330.0,0.61453,ink,traced
30398,13916,24.3365,1946.0,0.57427,ink,traced,2330.0,0.61453,ink,traced
30399,13917,24.3383,1946.0,0.57426,ink,traced,2330.0,0.61453,ink,traced
30400,13918,24.34,1946.5,0.57531,ink,traced,2330.0,0.61454,ink,traced
30401,13919,24.3418,1946.5,0.57531,ink,traced,2330.0,0.61454,ink,traced
30402,13920,24.3435,1946.5,0.57531,ink,traced,2329.5,0.6156,ink,traced
30403,13921,24.3453,1946.5,0.5753,ink,traced,2330.0,0.61454,ink,traced
30404,13922,24.347,1947.0,0.57635,ink,traced,2329.5,0.61561,ink,traced
30405,13923,24.3487,1947.0,0.57635,ink,traced,2329.5,0.61561,ink,traced
30406,13924,24.3505,1947.0,0.57635,ink,traced,2329.5,0.61562,ink,traced
30407,13925,24.3522,1946.0,0.57424,ink,traced,2329.5,0.61562,ink,traced
30408,13926,24.354,1946.0,0.57424,ink,traced,2330.0,0.61456,ink,traced
30409,13927,24.3557,1946.0,0.57424,ink,traced,2330.0,0.61456,ink,traced
30410,13928,24.3575,1946.0,0.57424,ink,traced,2330.0,0.61456,ink,traced
30411,13929,24.3592,1946.0,0.57423,ink,traced,2330.0,0.61456,ink,traced
30412,13930,24.3609,1946.5,0.57528,ink,traced,2329.5,0.61563,ink,traced
30413,13931,24.3627,1946.0,0.57423,ink,traced,2330.0,0.61457,ink,traced
30414,13932,24.3644,1946.0,0.57423,ink,traced,2329.5,0.61564,ink,traced
30415,13933,24.3662,1946.0,0.57422,ink,traced,2329.5,0.61564,ink,traced
30416,13934,24.3679,1946.5,0.57527,ink,traced,2329.5,0.61564,ink,traced
30417,13935,24.3697,1946.5,0.57527,ink,traced,2330.0,0.61458,ink,traced
30418,13936,24.3714,1946.0,0.57422,ink,traced,2330.0,0.61458,ink,traced
30419,13937,24.3731,1946.0,0.57421,ink,traced,2329.5,0.61565,ink,traced
30420,13938,24.3749,1946.0,0.57421,ink,traced,2330.0,0.61459,ink,traced
30421,13939,24.3766,1946.0,0.57421,ink,traced,2330.0,0.61459,ink,traced
30422,13940,24.3784,1945.5,0.57316,ink,traced,2330.0,0.61459,ink,traced
30423,13941,24.3801,1946.0,0.5742,ink,traced,2329.0,0.61672,ink,traced
30424,13942,24.3819,1946.0,0.5742,ink,traced,2329.5,0.61566,ink,traced
30425,13943,24.3836,1945.5,0.57315,ink,traced,2329.5,0.61566,ink,traced
30426,13944,24.3853,1946.0,0.5742,ink,traced,2329.5,0.61567,ink,traced
30427,13945,24.3871,1945.0,0.5721,ink,traced,2329.0,0.61673,ink,traced
30428,13946,24.3888,1946.0,0.57419,ink,traced,2329.5,0.61567,ink,traced
30429,13947,24.3906,1945.5,0.57314,ink,traced,2329.5,0.61567,ink,traced
30430,13948,24.3923,1945.5,0.57314,ink,traced,2329.5,0.61568,ink,traced
30431,13949,24.3941,1946.0,0.57418,ink,traced,2329.5,0.61568,ink,traced
30432,13950,24.3958,1946.0,0.57418,ink,traced,2329.5,0.61568,ink,traced
30433,13951,24.3975,1946.5,0.57523,ink,traced,2329.5,0.61568,ink,traced
30434,13952,24.3993,1946.5,0.57523,ink,traced,2329.5,0.61569,ink,traced
30435,13953,24.401,1946.0,0.57417,ink,traced,2329.5,0.61569,ink,traced
30436,13954,24.4028,1946.0,0.57417,ink,traced,2329.5,0.61569,ink,traced
30437,13955,24.4045,1946.0,0.57417,ink,traced,2330.0,0.61463,ink,traced
30438,13956,24.4063,1946.5,0.57522,ink,traced,2330.0,0.61463,ink,traced
30439,13957,24.408,1945.5,0.57312,ink,traced,2330.0,0.61463,ink,traced
30440,13958,24.4097,1945.5,0.57311,ink,traced,2330.0,0.61464,ink,traced
30441,13959,24.4115,1945.0,0.57206,ink,traced,2330.0,0.61464,ink,traced
30442,13960,24.4132,1944.0,0.56996,ink,traced,2330.0,0.61464,ink,traced
30443,13961,24.415,1944.5,0.57101,ink,traced,2329.5,0.61571,ink,traced
30444,13962,24.4167,1946.0,0.57415,ink,traced,2329.5,0.61571,ink,traced
30445,13963,24.4185,1945.0,0.57205,ink,traced,2330.0,0.61465,ink,traced
30446,13964,24.4202,1945.0,0.57205,ink,traced,2330.5,0.61359,ink,traced
30447,13965,24.4219,1946.5,0.57519,ink,traced,2330.0,0.61465,ink,traced
30448,13966,24.4237,1946.5,0.57519,ink,traced,2329.5,0.61572,ink,traced
30449,13967,24.4254,1946.0,0.57414,ink,traced,2329.5,0.61572,ink,traced
30450,13968,24.4272,1947.5,0.57728,ink,traced,2329.5,0.61573,ink,traced
30451,13969,24.4289,1945.5,0.57309,ink,traced,2329.5,0.61573,ink,traced
30452,13970,24.4307,1946.0,0.57413,ink,traced,2329.5,0.61573,ink,traced
30453,13971,24.4324,1946.0,0.57413,ink,traced,2329.5,0.61573,ink,traced
30454,13972,24.4341,1946.5,0.57518,ink,traced,2330.0,0.61467,ink,traced
30455,13973,24.4359,1948.0,0.57832,ink,traced,2330.0,0.61467,ink,traced
30456,13974,24.4376,1945.5,0.57307,ink,traced,2330.0,0.61468,ink,traced
30457,13975,24.4394,1946.0,0.57412,ink,traced,2329.5,0.61574,ink,traced
30458,13976,24.4411,1945.0,0.57202,ink,traced,2329.5,0.61575,ink,traced
30459,13977,24.4429,1945.5,0.57307,ink,traced,2329.5,0.61575,ink,traced
30460,13978,24.4446,1945.5,0.57306,ink,traced,2329.5,0.61575,ink,traced
30461,13979,24.4463,1946.0,0.57411,ink,traced,2329.5,0.61575,ink,traced
30462,13980,24.4481,1945.5,0.57306,ink,traced,2325.0,0.62533,ink,traced
30463,13981,24.4498,1946.0,0.5741,ink,traced,2325.0,0.62534,ink,traced
30464,13982,24.4516,1946.0,0.5741,ink,traced,2329.5,0.61576,ink,traced
30465,13983,24.4533,1945.5,0.57305,ink,traced,2329.5,0.61576,ink,traced
30466,13984,24.4551,1945.5,0.57305,ink,traced,2329.5,0.61577,ink,traced
30467,13985,24.4568,1945.5,0.57305,ink,traced,2329.5,0.61577,ink,traced
30468,13986,24.4585,1945.5,0.57304,ink,traced,2329.5,0.61577,ink,traced
30469,13987,24.4603,1945.5,0.57304,ink,traced,2329.5,0.61577,ink,traced
30470,13988,24.462,1945.5,0.57304,ink,traced,2325.0,0.62535,ink,traced
30471,13989,24.4638,1946.0,0.57408,ink,traced,2325.0,0.62536,ink,traced
30472,13990,24.4655,1946.0,0.57408,ink,traced,2329.5,0.61578,ink,traced
30473,13991,24.4673,1946.0,0.57408,ink,traced,2329.5,0.61578,ink,traced
30474,13992,24.469,1945.5,0.57303,ink,traced,2329.0,0.61685,ink,traced
30475,13993,24.4707,1945.5,0.57303,ink,traced,2329.5,0.61579,ink,traced
30476,13994,24.4725,1945.5,0.57302,ink,traced,2329.0,0.61686,ink,traced
30477,13995,24.4742,1944.5,0.57092,ink,traced,2329.5,0.61579,ink,traced
30478,13996,24.476,1945.5,0.57302,ink,traced,2324.0,0.6275,ink,traced
30479,13997,24.4777,1945.5,0.57302,ink,traced,2328.5,0.61793,ink,traced
30480,13998,24.4795,1945.0,0.57196,ink,traced,2327.5,0.62006,ink,traced
30481,13999,24.4812,1946.0,0.57406,ink,traced,2325.5,0.62432,ink,traced
30482,14000,24.4829,1946.0,0.57406,ink,traced,2324.0,0.62751,ink,traced
30483,14001,24.4847,1946.0,0.57405,ink,traced,2321.5,0.63284,ink,traced
30484,14002,24.4864,1946.5,0.5751,ink,traced,2320.5,0.63497,ink,traced
30485,14003,24.4882,1946.5,0.5751,ink,traced,2311.0,0.65519,ink,traced
30486,14004,24.4899,1947.0,0.57615,ink,traced,2313.5,0.64987,ink,traced
30487,14005,24.4917,1946.0,0.57404,ink,traced,2312.0,0.65306,ink,traced
30488,14006,24.4934,1946.0,0.57404,ink,traced,2310.0,0.65732,ink,traced
30489,14007,24.4951,1946.0,0.57404,ink,traced,2308.0,0.66158,ink,traced
30490,14008,24.4969,1946.0,0.57404,ink,traced,2306.0,0.66584,ink,traced
30491,14009,24.4986,1945.5,0.57299,ink,traced,2304.0,0.6701,ink,traced
30492,14010,24.5004,1945.5,0.57298,ink,traced,2302.0,0.67436,ink,traced
30493,14011,24.5021,1946.0,0.57403,ink,traced,2300.5,0.67755,ink,traced
30494,14012,24.5039,1945.5,0.57298,ink,traced,2300.0,0.67862,ink,traced
30495,14013,24.5056,1945.5,0.57298,ink,traced,2298.5,0.68182,ink,traced
30496,14014,24.5073,1945.5,0.57297,ink,traced,2296.5,0.68608,ink,traced
30497,14015,24.5091,1945.5,0.57297,ink,traced,2295.0,0.68927,ink,traced
30498,14016,24.5108,1945.5,0.57297,ink,traced,2293.5,0.69247,ink,traced
30499,14017,24.5126,1945.0,0.57192,ink,traced,2292.0,0.69566,ink,traced
30500,14018,24.5143,1946.0,0.57401,ink,traced,2289.5,0.70098,ink,traced
30501,14019,24.5161,1945.5,0.57296,ink,traced,2289.0,0.70205,ink,traced
30502,14020,24.5178,1945.5,0.57296,ink,traced,2286.0,0.70844,ink,traced
30503,14021,24.5195,1945.5,0.57296,ink,traced,2283.5,0.71376,ink,traced
30504,14022,24.5213,1945.5,0.57295,ink,traced,2282.0,0.71696,ink,traced
30505,14023,24.523,1945.0,0.5719,ink,traced,2280.0,0.72121,ink,traced
30506,14024,24.5248,1945.5,0.57295,ink,traced,2277.5,0.72654,ink,traced
30507,14025,24.5265,1946.0,0.574,ink,traced,2276.0,0.72973,ink,traced
30508,14026,24.5283,1945.5,0.57294,ink,traced,2274.0,0.73399,ink,traced
30509,14027,24.53,1945.5,0.57294,ink,traced,2272.5,0.73719,ink,traced
30510,14028,24.5317,1945.5,0.57294,ink,traced,2271.5,0.73932,ink,traced
30511,14029,24.5335,1946.5,0.57503,ink,traced,2270.0,0.74251,ink,traced
30512,14030,24.5352,1946.5,0.57503,ink,traced,2268.0,0.74677,ink,traced
30513,14031,24.537,1944.5,0.57083,ink,traced,2266.0,0.75103,ink,traced
30514,14032,24.5387,1946.5,0.57503,ink,traced,2263.0,0.75742,ink,traced
30515,14033,24.5405,1945.5,0.57293,ink,traced,2262.0,0.75955,ink,traced
30516,14034,24.5422,1945.5,0.57292,ink,traced,2261.0,0.76168,ink,traced
30517,14035,24.5439,1946.0,0.57397,ink,traced,2259.0,0.76594,ink,traced
30518,14036,24.5457,1946.5,0.57502,ink,traced,2255.5,0.77339,ink,traced
30519,14037,24.5474,1946.5,0.57501,ink,traced,2252.0,0.78084,ink,traced
30520,14038,24.5492,1947.0,0.57606,ink,traced,2251.5,0.78191,ink,traced
30521,14039,24.5509,1947.0,0.57606,ink,traced,2251.5,0.78191,ink,traced
30522,14040,24.5527,1945.5,0.57291,ink,traced,2249.5,0.78617,ink,traced
30523,14041,24.5544,1945.5,0.57291,ink,traced,2248.5,0.7883,ink,traced
30524,14042,24.5561,1946.0,0.57395,ink,traced,2244.0,0.79788,ink,traced
30525,14043,24.5579,1945.5,0.5729,ink,traced,2243.5,0.79895,ink,traced
30526,14044,24.5596,1945.5,0.5729,ink,traced,2243.0,0.80001,ink,traced
30527,14045,24.5614,1945.5,0.5729,ink,traced,2238.0,0.81066,ink,traced
30528,14046,24.5631,1946.0,0.57394,ink,traced,2238.0,0.81066,ink,traced
30529,14047,24.5649,1947.0,0.57604,ink,traced,2236.0,0.81492,ink,traced
30530,14048,24.5666,1947.0,0.57604,ink,traced,2234.5,0.81811,ink,traced
30531,14049,24.5683,1946.0,0.57394,ink,traced,2229.5,0.82876,ink,traced
30532,14050,24.5701,1946.0,0.57393,ink,traced,2226.5,0.83515,ink,traced
30533,14051,24.5718,1945.5,0.57288,ink,traced,2227.5,0.83302,ink,traced
30534,14052,24.5736,1946.5,0.57498,ink,traced,2226.0,0.83621,ink,traced
30535,14053,24.5753,1946.0,0.57393,ink,traced,2224.5,0.83941,ink,traced
30536,14054,24.5771,1945.5,0.57287,ink,traced,2223.5,0.84154,ink,traced
30537,14055,24.5788,1946.0,0.57392,ink,traced,2223.0,0.84261,ink,traced
30538,14056,24.5805,1947.0,0.57602,ink,traced,2221.5,0.8458,ink,traced
30539,14057,24.5823,1946.5,0.57496,ink,traced,2220.0,0.849,ink,traced
30540,14058,24.584,1946.5,0.57496,ink,traced,2218.5,0.85219,ink,traced
30541,14059,24.5858,1946.5,0.57496,ink,traced,2217.5,0.85432,ink,traced
30542,14060,24.5875,1946.5,0.57496,ink,traced,2215.5,0.85858,ink,traced
30543,14061,24.5893,1946.5,0.57495,ink,traced,2214.0,0.86178,ink,traced
30544,14062,24.591,1946.5,0.57495,ink,traced,2211.0,0.86816,ink,traced
30545,14063,24.5927,1946.5,0.57495,ink,traced,2209.5,0.87136,ink,traced
30546,14064,24.5945,1946.5,0.57495,ink,traced,2208.0,0.87455,ink,traced
30547,14065,24.5962,1946.5,0.57494,ink,traced,2206.0,0.87881,ink,traced
30548,14066,24.598,1946.0,0.57389,ink,traced,2205.5,0.87988,ink,traced
30549,14067,24.5997,1945.0,0.57179,ink,traced,2204.0,0.88307,ink,traced
30550,14068,24.6015,1944.5,0.57074,ink,traced,2203.5,0.88414,ink,traced
30551,14069,24.6032,1946.0,0.57389,ink,traced,2202.0,0.88734,ink,traced
30552,14070,24.6049,1946.0,0.57388,ink,traced,2200.5,0.89053,ink,traced
30553,14071,24.6067,1945.5,0.57283,ink,traced,2199.0,0.89373,ink,traced
30554,14072,24.6084,1946.0,0.57388,ink,traced,2197.5,0.89692,ink,traced
30555,14073,24.6102,1946.0,0.57388,ink,traced,2196.5,0.89905,ink,traced
30556,14074,24.6119,1946.5,0.57492,ink,traced,2195.0,0.90225,ink,traced
30557,14075,24.6137,1947.0,0.57597,ink,traced,2194.0,0.90438,ink,traced
30558,14076,24.6154,1945.5,0.57282,ink,traced,2193.0,0.90651,ink,traced
30559,14077,24.6171,1946.0,0.57387,ink,traced,2190.0,0.9129,ink,traced
30560,14078,24.6189,1946.0,0.57386,ink,traced,2188.5,0.91609,ink,traced
30561,14079,24.6206,1945.5,0.57281,ink,traced,2188.5,0.91609,ink,traced
30562,14080,24.6224,1944.0,0.56966,ink,traced,2187.5,0.91822,ink,traced
30563,14081,24.6241,1945.5,0.57281,ink,traced,2189.0,0.91503,ink,traced
30564,14082,24.6259,1945.5,0.5728,ink,traced,2187.5,0.91823,ink,traced
30565,14083,24.6276,1945.0,0.57175,ink,traced,2187.5,0.91823,ink,traced
30566,14084,24.6293,1945.0,0.57175,ink,traced,2183.5,0.92675,ink,traced
30567,14085,24.6311,1944.5,0.5707,ink,traced,2184.0,0.92569,ink,traced
30568,14086,24.6328,1945.5,0.57279,ink,traced,2182.5,0.92888,ink,traced
30569,14087,24.6346,1946.0,0.57384,ink,traced,2182.0,0.92995,ink,traced
30570,14088,24.6363,1945.0,0.57174,ink,traced,2182.5,0.92889,ink,traced
30571,14089,24.6381,1945.5,0.57279,ink,traced,2179.0,0.93634,ink,traced
30572,14090,24.6398,1945.5,0.57278,ink,traced,2180.5,0.93315,ink,traced
30573,14091,24.6415,1945.5,0.57278,ink,traced,2180.5,0.93315,ink,traced
30574,14092,24.6433,1945.5,0.57278,ink,traced,2178.5,0.93741,ink,traced
30575,14093,24.645,1946.0,0.57383,ink,traced,2178.0,0.93848,ink,traced
30576,14094,24.6468,1946.0,0.57382,ink,traced,2177.5,0.93954,ink,traced
30577,14095,24.6485,1946.0,0.57382,ink,traced,2176.0,0.94274,ink,traced
30578,14096,24.6503,1945.5,0.57277,ink,traced,2175.5,0.9438,ink,traced
30579,14097,24.652,1945.5,0.57277,ink,traced,2176.0,0.94274,ink,traced
30580,14098,24.6537,1945.5,0.57276,ink,traced,2176.0,0.94274,ink,traced
30581,14099,24.6555,1945.5,0.57276,ink,traced,2176.0,0.94275,ink,traced
30582,14100,24.6572,1945.5,0.57276,ink,traced,2176.0,0.94275,ink,traced
30583,14101,24.659,1945.5,0.57276,ink,traced,2176.0,0.94275,ink,traced
30584,14102,24.6607,1945.5,0.57275,ink,traced,2176.0,0.94275,ink,traced
30585,14103,24.6625,1945.5,0.57275,ink,traced,2176.0,0.94276,ink,traced
30586,14104,24.6642,1946.0,0.5738,ink,traced,2176.0,0.94276,ink,traced
30587,14105,24.6659,1945.0,0.5717,ink,traced,2176.0,0.94276,ink,traced
30588,14106,24.6677,1944.5,0.57065,ink,traced,2176.0,0.94276,ink,traced
30589,14107,24.6694,1945.0,0.57169,ink,traced,2176.0,0.94277,ink,traced
30590,14108,24.6712,1945.5,0.57274,ink,traced,2176.5,0.94171,ink,traced
30591,14109,24.6729,1945.5,0.57274,ink,traced,2176.5,0.94171,ink,traced
30592,14110,24.6747,1943.5,0.56854,ink,traced,2176.0,0.94277,ink,traced
30593,14111,24.6764,1945.5,0.57273,ink,traced,2176.0,0.94278,ink,traced
30594,14112,24.6781,1943.5,0.56853,ink,traced,2176.0,0.94278,ink,traced
30595,14113,24.6799,1946.0,0.57378,ink,traced,2175.5,0.94385,ink,traced
30596,14114,24.6816,1945.5,0.57272,ink,traced,2175.5,0.94385,ink,traced
30597,14115,24.6834,1946.5,0.57482,ink,traced,2175.5,0.94385,ink,traced
30598,14116,24.6851,1945.0,0.57167,ink,traced,2175.5,0.94385,ink,traced
30599,14117,24.6869,1945.5,0.57272,ink,traced,2175.5,0.94386,ink,traced
30600,14118,24.6886,1945.0,0.57166,ink,traced,2175.0,0.94492,ink,traced
30601,14119,24.6903,1946.5,0.57481,ink,traced,2175.5,0.94386,ink,traced
30602,14120,24.6921,1945.5,0.57271,ink,traced,2181.0,0.93216,ink,traced
30603,14121,24.6938,1946.0,0.57376,ink,traced,2182.0,0.93003,ink,traced
30604,14122,24.6956,1945.5,0.5727,ink,traced,2185.0,0.92365,ink,traced
30605,14123,24.6973,1946.0,0.57375,ink,traced,2190.0,0.91301,ink,traced
30606,14124,24.6991,1945.5,0.5727,ink,traced,2202.0,0.88748,ink,traced
30607,14125,24.7008,1944.5,0.5706,ink,traced,2211.0,0.86832,ink,traced
30608,14126,24.7025,1945.5,0.57269,ink,traced,2217.0,0.85556,ink,traced
30609,14127,24.7043,1944.0,0.56954,ink,traced,2224.5,0.8396,ink,traced
30610,14128,24.706,1945.5,0.57269,ink,traced,2238.5,0.8098,ink,traced
30611,14129,24.7078,1945.0,0.57164,ink,traced,2246.0,0.79384,ink,traced
30612,14130,24.7095,1944.0,0.56954,ink,traced,2253.0,0.77895,ink,traced
30613,14131,24.7113,1945.5,0.57268,ink,traced,2277.0,0.72787,ink,traced
30614,14132,24.713,1945.5,0.57268,ink,traced,2284.0,0.71298,ink,traced
30615,14133,24.7147,1945.5,0.57268,ink,traced,2298.0,0.68318,ink,traced
30616,14134,24.7165,1945.5,0.57267,ink,traced,2305.0,0.66829,ink,traced
30617,14135,24.7182,1944.0,0.56952,ink,traced,2317.5,0.64169,ink,traced
30618,14136,24.72,1944.0,0.56952,ink,traced,2324.0,0.62786,ink,traced
30619,14137,24.7217,1945.0,0.57162,ink,traced,2325.0,0.62573,ink,traced
30620,14138,24.7235,1945.0,0.57161,ink,traced,2327.5,0.62041,ink,traced
30621,14139,24.7252,1945.0,0.57161,ink,traced,2332.0,0.61084,ink,traced
30622,14140,24.7269,1946.0,0.57371,ink,traced,2330.0,0.6151,ink,traced
30623,14141,24.7287,1946.0,0.57371,ink,traced,2327.0,0.62148,ink,traced
30624,14142,24.7304,1946.0,0.5737,ink,traced,2325.0,0.62574,ink,traced
30625,14143,24.7322,1945.5,0.57265,ink,traced,2325.5,0.62468,ink,traced
30626,14144,24.7339,1945.5,0.57265,ink,traced,2324.0,0.62788,ink,traced
30627,14145,24.7357,1946.0,0.5737,ink,traced,2322.5,0.63107,ink,traced
30628,14146,24.7374,1946.5,0.57474,ink,traced,2325.0,0.62575,ink,traced
30629,14147,24.7391,1946.0,0.57369,ink,traced,2322.0,0.63214,ink,traced
30630,14148,24.7409,1947.5,0.57684,ink,traced,2322.5,0.63108,ink,traced
30631,14149,24.7426,1946.5,0.57474,ink,traced,2322.0,0.63215,ink,traced
30632,14150,24.7444,1946.0,0.57368,ink,traced,2323.0,0.63002,ink,traced
30633,14151,24.7461,1946.0,0.57368,ink,traced,2324.0,0.62789,ink,traced
30634,14152,24.7479,1946.0,0.57368,ink,traced,2324.0,0.6279,ink,traced
30635,14153,24.7496,1946.0,0.57368,ink,traced,2325.0,0.62577,ink,traced
30636,14154,24.7513,1947.0,0.57577,ink,traced,2325.0,0.62577,ink,traced
30637,14155,24.7531,1946.5,0.57472,ink,traced,2325.5,0.62471,ink,traced
30638,14156,24.7548,1946.0,0.57367,ink,traced,2325.5,0.62471,ink,traced
30639,14157,24.7566,1946.0,0.57367,ink,traced,2326.5,0.62259,ink,traced
30640,14158,24.7583,1946.0,0.57366,ink,traced,2327.0,0.62153,ink,traced
30641,14159,24.7601,1945.5,0.57261,ink,traced,2327.0,0.62153,ink,traced
30642,14160,24.7618,1945.5,0.57261,ink,traced,2327.0,0.62153,ink,traced
30643,14161,24.7635,1945.5,0.57261,ink,traced,2327.0,0.62154,ink,traced
30644,14162,24.7653,1947.0,0.57575,ink,traced,2327.5,0.62047,ink,traced
30645,14163,24.767,1945.5,0.5726,ink,traced,2327.5,0.62048,ink,traced
30646,14164,24.7688,1945.5,0.5726,ink,traced,2328.0,0.61941,ink,traced
30647,14165,24.7705,1946.0,0.57365,ink,traced,2328.0,0.61942,ink,traced
30648,14166,24.7723,1946.0,0.57364,ink,traced,2328.0,0.61942,ink,traced
30649,14167,24.774,1945.5,0.57259,ink,traced,2328.5,0.61836,ink,traced
30650,14168,24.7757,1945.5,0.57259,ink,traced,2329.0,0.6173,ink,traced
30651,14169,24.7775,1946.5,0.57469,ink,traced,2329.0,0.6173,ink,traced
30652,14170,24.7792,1946.5,0.57468,ink,traced,2329.0,0.6173,ink,traced
30653,14171,24.781,1946.0,0.57363,ink,traced,2329.0,0.6173,ink,traced
30654,14172,24.7827,1946.0,0.57363,ink,traced,2329.0,0.61731,ink,traced
30655,14173,24.7845,1946.0,0.57363,ink,traced,2329.0,0.61731,ink,traced
30656,14174,24.7862,1945.5,0.57257,ink,traced,2329.0,0.61731,ink,traced
30657,14175,24.7879,1946.0,0.57362,ink,traced,2329.0,0.61731,ink,traced
30658,14176,24.7897,1945.5,0.57257,ink,traced,2329.0,0.61732,ink,traced
30659,14177,24.7914,1945.5,0.57257,ink,traced,2329.0,0.61732,ink,traced
30660,14178,24.7932,1945.5,0.57256,ink,traced,2328.5,0.61839,ink,traced
30661,14179,24.7949,1946.0,0.57361,ink,traced,2329.0,0.61732,ink,traced
30662,14180,24.7967,1945.5,0.57256,ink,traced,2329.0,0.61733,ink,traced
30663,14181,24.7984,1945.0,0.57151,ink,traced,2329.5,0.61627,ink,traced
30664,14182,24.8001,1945.5,0.57255,ink,traced,2329.5,0.61627,ink,traced
30665,14183,24.8019,1945.5,0.57255,ink,traced,2329.5,0.61627,ink,traced
30666,14184,24.8036,1945.5,0.57255,ink,traced,2329.5,0.61627,ink,traced
30667,14185,24.8054,1947.0,0.57569,ink,traced,2329.5,0.61628,ink,traced
30668,14186,24.8071,1945.0,0.5715,ink,traced,2329.5,0.61628,ink,traced
30669,14187,24.8089,1945.5,0.57254,ink,traced,2329.0,0.61734,ink,traced
30670,14188,24.8106,1945.5,0.57254,ink,traced,2329.0,0.61735,ink,traced
30671,14189,24.8123,1945.5,0.57254,ink,traced,2329.0,0.61735,ink,traced
30672,14190,24.8141,1944.5,0.57044,ink,traced,2329.0,0.61735,ink,traced
30673,14191,24.8158,1946.0,0.57358,ink,traced,2329.0,0.61735,ink,traced
30674,14192,24.8176,1945.0,0.57148,ink,traced,2329.0,0.61736,ink,traced
30675,14193,24.8193,1945.5,0.57253,ink,traced,2329.0,0.61736,ink,traced
30676,14194,24.8211,1945.5,0.57252,ink,traced,2329.0,0.61736,ink,traced
30677,14195,24.8228,1946.5,0.57462,ink,traced,2328.5,0.61843,ink,traced
30678,14196,24.8245,1943.5,0.56832,ink,traced,2328.5,0.61843,ink,traced
30679,14197,24.8263,1945.5,0.57252,ink,traced,2328.5,0.61843,ink,traced
30680,14198,24.828,1945.5,0.57251,ink,traced,2329.0,0.61737,ink,traced
30681,14199,24.8298,1945.0,0.57146,ink,traced,2329.0,0.61737,ink,traced
30682,14200,24.8315,1945.5,0.57251,ink,traced,2328.0,0.61951,ink,traced
30683,14201,24.8333,1944.5,0.57041,ink,traced,2328.0,0.61951,ink,traced
30684,14202,24.835,1945.5,0.5725,ink,traced,2329.0,0.61738,ink,traced
30685,14203,24.8367,1945.0,0.57145,ink,traced,2329.0,0.61738,ink,traced
30686,14204,24.8385,1945.0,0.57145,ink,traced,2328.5,0.61845,ink,traced
30687,14205,24.8402,1946.0,0.57355,ink,traced,2329.0,0.61739,ink,traced
30688,14206,24.842,1946.0,0.57354,ink,traced,2329.0,0.61739,ink,traced
30689,14207,24.8437,1946.5,0.57459,ink,traced,2329.0,0.61739,ink,traced
30690,14208,24.8455,1946.5,0.57459,ink,traced,2329.0,0.6174,ink,traced
30691,14209,24.8472,1945.5,0.57249,ink,traced,2329.0,0.6174,ink,traced
30692,14210,24.8489,1945.0,0.57144,ink,traced,2329.0,0.6174,ink,traced
30693,14211,24.8507,1945.5,0.57248,ink,traced,2329.0,0.61741,ink,traced
30694,14212,24.8524,1946.0,0.57353,ink,traced,2328.5,0.61847,ink,traced
30695,14213,24.8542,1945.5,0.57248,ink,traced,2329.0,0.61741,ink,traced
30696,14214,24.8559,1946.0,0.57352,ink,traced,2329.0,0.61741,ink,traced
30697,14215,24.8577,1945.0,0.57142,ink,traced,2329.0,0.61742,ink,traced
30698,14216,24.8594,1945.5,0.57247,ink,traced,2329.0,0.61742,ink,traced
30699,14217,24.8611,1947.0,0.57561,ink,traced,2329.0,0.61742,ink,traced
30700,14218,24.8629,1946.5,0.57456,ink,traced,2328.0,0.61955,ink,traced
30701,14219,24.8646,1946.0,0.57351,ink,traced,2328.5,0.61849,ink,traced
30702,14220,24.8664,1946.0,0.57351,ink,traced,2329.0,0.61743,ink,traced
30703,14221,24.8681,1945.5,0.57246,ink,traced,2329.0,0.61743,ink,traced
30704,14222,24.8699,1945.0,0.57141,ink,traced,2329.0,0.61743,ink,traced
30705,14223,24.8716,1946.0,0.5735,ink,traced,2329.0,0.61744,ink,traced
30706,14224,24.8733,1945.5,0.57245,ink,traced,2329.0,0.61744,ink,traced
30707,14225,24.8751,1945.5,0.57245,ink,traced,2329.0,0.61744,ink,traced
30708,14226,24.8768,1945.5,0.57244,ink,traced,2328.5,0.61851,ink,traced
30709,14227,24.8786,1946.0,0.57349,ink,traced,2328.5,0.61851,ink,traced
30710,14228,24.8803,1946.0,0.57349,ink,traced,2328.5,0.61851,ink,traced
30711,14229,24.8821,1946.0,0.57349,ink,traced,2328.5,0.61851,ink,traced
30712,14230,24.8838,1945.5,0.57243,ink,traced,2328.5,0.61852,ink,traced
30713,14231,24.8855,1946.0,0.57348,ink,traced,2329.0,0.61746,ink,traced
30714,14232,24.8873,1945.5,0.57243,ink,traced,2329.5,0.61639,ink,traced
30715,14233,24.889,1945.5,0.57243,ink,traced,2329.0,0.61746,ink,traced
30716,14234,24.8908,1946.0,0.57347,ink,traced,2329.0,0.61746,ink,traced
30717,14235,24.8925,1946.0,0.57347,ink,traced,2329.0,0.61747,ink,traced
30718,14236,24.8943,1946.0,0.57347,ink,traced,2329.0,0.61747,ink,traced
30719,14237,24.896,1946.0,0.57347,ink,traced,2329.0,0.61747,ink,traced
30720,14238,24.8977,1945.5,0.57241,ink,traced,2328.5,0.61854,ink,traced
30721,14239,24.8995,1945.5,0.57241,ink,traced,2329.0,0.61748,ink,traced
30722,14240,24.9012,1945.5,0.57241,ink,traced,2329.0,0.61748,ink,traced
30723,14241,24.903,1946.5,0.57451,ink,traced,2329.0,0.61748,ink,traced
30724,14242,24.9047,1946.5,0.5745,ink,traced,2329.5,0.61642,ink,traced
30725,14243,24.9065,1946.5,0.5745,ink,traced,2329.0,0.61749,ink,traced
30726,14244,24.9082,1946.0,0.57345,ink,traced,2329.0,0.61749,ink,traced
30727,14245,24.9099,1946.5,0.5745,ink,traced,2328.5,0.61856,ink,traced
30728,14246,24.9117,1946.0,0.57344,ink,traced,2329.0,0.61749,ink,traced
30729,14247,24.9134,1946.0,0.57344,ink,traced,2329.0,0.6175,ink,traced
30730,14248,24.9152,1945.5,0.57239,ink,traced,2329.0,0.6175,ink,traced
30731,14249,24.9169,1945.5,0.57239,ink,traced,2329.0,0.6175,ink,traced
30732,14250,24.9187,1945.5,0.57238,ink,traced,2329.0,0.6175,ink,traced
30733,14251,24.9204,1945.5,0.57238,ink,traced,2329.0,0.61751,ink,traced
30734,14252,24.9221,1945.5,0.57238,ink,traced,2329.0,0.61751,ink,traced
30735,14253,24.9239,1945.0,0.57133,ink,traced,2329.0,0.61751,ink,traced
30736,14254,24.9256,1945.5,0.57237,ink,traced,2329.0,0.61751,ink,traced
30737,14255,24.9274,1945.0,0.57132,ink,traced,2329.0,0.61752,ink,traced
30738,14256,24.9291,1945.0,0.57132,ink,traced,2328.5,0.61858,ink,traced
30739,14257,24.9309,1945.5,0.57237,ink,traced,2328.5,0.61859,ink,traced
30740,14258,24.9326,1945.5,0.57236,ink,traced,2328.5,0.61859,ink,traced
30741,14259,24.9343,1945.0,0.57131,ink,traced,2328.5,0.61859,ink,traced
30742,14260,24.9361,1945.5,0.57236,ink,traced,2329.0,0.61753,ink,traced
30743,14261,24.9378,1945.5,0.57236,ink,traced,2329.0,0.61753,ink,traced
30744,14262,24.9396,1944.5,0.57026,ink,traced,2328.5,0.6186,ink,traced
30745,14263,24.9413,1945.0,0.5713,ink,traced,2328.5,0.6186,ink,traced
30746,14264,24.9431,1945.0,0.5713,ink,traced,2324.0,0.62818,ink,traced
30747,14265,24.9448,1945.0,0.5713,ink,traced,2324.0,0.62818,ink,traced
30748,14266,24.9465,1945.5,0.57234,ink,traced,2328.5,0.61861,ink,traced
30749,14267,24.9483,1945.5,0.57234,ink,traced,2328.5,0.61861,ink,traced
30750,14268,24.95,1946.0,0.57339,ink,traced,2328.5,0.61861,ink,traced
30751,14269,24.9518,1945.5,0.57234,ink,traced,2328.5,0.61861,ink,traced
30752,14270,24.9535,1946.5,0.57445,ink,traced,2328.0,0.61967,ink,traced
30753,14271,24.9553,1946.0,0.5734,ink,traced,2327.5,0.62073,ink,traced
30754,14272,24.957,1945.5,0.57236,ink,traced,2326.0,0.62392,ink,traced
30755,14273,24.9587,1945.0,0.57131,ink,traced,2323.5,0.62923,ink,traced
30756,14274,24.9605,1946.0,0.57342,ink,traced,2316.0,0.64519,ink,traced
30757,14275,24.9622,1945.0,0.57132,ink,traced,2312.5,0.65263,ink,traced
30758,14276,24.964,1945.5,0.57238,ink,traced,2315.0,0.64731,ink,traced
30759,14277,24.9657,1945.0,0.57133,ink,traced,2312.0,0.65369,ink,traced
30760,14278,24.9675,1945.0,0.57134,ink,traced,2311.0,0.65581,ink,traced
30761,14279,24.9692,1946.0,0.57344,ink,traced,2308.0,0.66219,ink,traced
30762,14280,24.9709,1946.0,0.57344,ink,traced,2305.5,0.66751,ink,traced
30763,14281,24.9727,1945.0,0.57135,ink,traced,2303.5,0.67176,ink,traced
30764,14282,24.9744,1945.5,0.5724,ink,traced,2300.0,0.6792,ink,traced
30765,14283,24.9762,1945.5,0.57241,ink,traced,2299.0,0.68133,ink,traced
30766,14284,24.9779,1946.0,0.57346,ink,traced,2298.0,0.68345,ink,traced
30767,14285,24.9797,1943.5,0.56822,ink,traced,2296.5,0.68664,ink,traced
30768,14286,24.9814,1944.5,0.57032,ink,traced,2291.0,0.69834,ink,traced
30769,14287,24.9831,1947.0,0.57558,ink,traced,2291.0,0.69833,ink,traced
30770,14288,24.9849,1945.0,0.57138,ink,traced,2289.0,0.70259,ink,traced
30771,14289,24.9866,1945.0,0.57139,ink,traced,2285.0,0.71109,ink,traced
30772,14290,24.9884,1945.0,0.57139,ink,traced,2285.0,0.71109,ink,traced
30773,14291,24.9901,1945.5,0.57245,ink,traced,2283.5,0.71428,ink,traced
30774,14292,24.9919,1945.0,0.5714,ink,traced,2282.5,0.7164,ink,traced
30775,14293,24.9936,1945.5,0.57246,ink,traced,2279.0,0.72385,ink,traced
30776,14294,24.9953,1946.0,0.57351,ink,traced,2277.5,0.72703,ink,traced
30777,14295,24.9971,1945.5,0.57246,ink,traced,2275.0,0.73235,ink,traced
30778,14296,24.9988,1945.0,0.57142,ink,traced,2274.0,0.73447,ink,traced
30779,14297,25.0006,1945.5,0.57247,ink,traced,2271.5,0.73979,ink,traced
30780,14298,25.0023,1945.0,0.57143,ink,traced,2268.5,0.74617,ink,traced
30781,14299,25.0041,1945.5,0.57248,ink,traced,2266.0,0.75149,ink,traced
30782,14300,25.0058,1946.0,0.57354,ink,traced,2265.5,0.75254,ink,traced
30783,14301,25.0075,1946.0,0.57354,ink,traced,2263.0,0.75786,ink,traced
30784,14302,25.0093,1945.5,0.5725,ink,traced,2262.0,0.75998,ink,traced
30785,14303,25.011,1946.0,0.57355,ink,traced,2261.0,0.76211,ink,traced
30786,14304,25.0128,1945.5,0.57251,ink,traced,2260.0,0.76423,ink,traced
30787,14305,25.0145,1945.0,0.57146,ink,traced,2256.5,0.77168,ink,traced
30788,14306,25.0163,1945.0,0.57147,ink,traced,2253.5,0.77806,ink,traced
30789,14307,25.018,1946.0,0.57357,ink,traced,2251.0,0.78337,ink,traced
30790,14308,25.0197,1945.5,0.57252,ink,traced,2250.0,0.7855,ink,traced
30791,14309,25.0215,1945.5,0.57253,ink,traced,2249.0,0.78762,ink,traced
30792,14310,25.0232,1945.5,0.57253,ink,traced,2247.5,0.79081,ink,traced
30793,14311,25.025,1945.0,0.57149,ink,traced,2246.5,0.79293,ink,traced
30794,14312,25.0267,1945.5,0.57254,ink,traced,2245.0,0.79612,ink,traced
30795,14313,25.0285,1945.5,0.57255,ink,traced,2244.5,0.79718,ink,traced
30796,14314,25.0302,1945.5,0.57255,ink,traced,2242.5,0.80143,ink,traced
30797,14315,25.0319,1946.0,0.57361,ink,traced,2241.5,0.80355,ink,traced
30798,14316,25.0337,1945.0,0.57151,ink,traced,2239.0,0.80887,ink,traced
30799,14317,25.0354,1945.5,0.57257,ink,traced,2237.5,0.81206,ink,traced
30800,14318,25.0372,1946.0,0.57362,ink,traced,2236.0,0.81524,ink,traced
30801,14319,25.0389,1946.0,0.57362,ink,traced,2236.0,0.81524,ink,traced
30802,14320,25.0407,1946.5,0.57468,ink,traced,2233.5,0.82056,ink,traced
30803,14321,25.0424,1947.5,0.57678,ink,traced,2232.5,0.82268,ink,traced
30804,14322,25.0441,1948.0,0.57783,ink,traced,2231.0,0.82587,ink,traced
30805,14323,25.0459,1950.0,0.58204,ink,traced,2228.5,0.83118,ink,traced
30806,14324,25.0476,1952.0,0.58624,ink,traced,2226.5,0.83544,ink,traced
30807,14325,25.0494,1954.0,0.59044,ink,traced,2225.0,0.83862,ink,traced
30808,14326,25.0511,1956.0,0.59464,ink,traced,2223.5,0.84181,ink,traced
30809,14327,25.0529,1960.0,0.60304,ink,traced,2222.0,0.845,ink,traced
30810,14328,25.0546,1962.5,0.60829,ink,traced,2220.0,0.84925,ink,traced
30811,14329,25.0563,1964.0,0.61144,ink,traced,2219.5,0.85031,ink,traced
30812,14330,25.0581,1966.5,0.61669,ink,traced,2218.0,0.8535,ink,traced
30813,14331,25.0598,1968.5,0.62089,ink,traced,2217.0,0.85562,ink,traced
30814,14332,25.0616,1970.5,0.6251,ink,traced,2217.0,0.85562,ink,traced
30815,14333,25.0633,1972.0,0.62825,ink,traced,2212.5,0.86519,ink,traced
30816,14334,25.0651,1973.5,0.6314,ink,traced,2213.0,0.86412,ink,traced
30817,14335,25.0668,1975.5,0.6356,ink,traced,2212.0,0.86624,ink,traced
30818,14336,25.0685,1978.0,0.64085,ink,traced,2209.0,0.87262,ink,traced
30819,14337,25.0703,1979.5,0.644,ink,traced,2210.5,0.86943,ink,traced
30820,14338,25.072,1981.0,0.64716,ink,traced,2207.0,0.87687,ink,traced
30821,14339,25.0738,1984.0,0.65346,ink,traced,2206.0,0.87899,ink,traced
30822,14340,25.0755,1985.5,0.65661,ink,traced,2202.0,0.8875,ink,traced
30823,14341,25.0773,1988.5,0.66291,ink,traced,2204.0,0.88324,ink,traced
30824,14342,25.079,1990.5,0.66711,ink,traced,2201.5,0.88856,ink,traced
30825,14343,25.0807,1995.0,0.67656,ink,traced,2200.0,0.89175,ink,traced
30826,14344,25.0825,1996.0,0.67866,ink,traced,2199.5,0.8928,ink,traced
30827,14345,25.0842,1998.5,0.68391,ink,traced,2196.0,0.90025,ink,traced
30828,14346,25.086,1999.5,0.68601,ink,traced,2194.5,0.90344,ink,traced
30829,14347,25.0877,2001.5,0.69022,ink,traced,2195.0,0.90237,ink,traced
30830,14348,25.0895,2004.0,0.69547,ink,traced,2193.5,0.90556,ink,traced
30831,14349,25.0912,2004.5,0.69652,ink,traced,2193.5,0.90555,ink,traced
30832,14350,25.0929,2009.0,0.70597,ink,traced,2193.0,0.90661,ink,traced
30833,14351,25.0947,2010.5,0.70912,ink,traced,2190.0,0.91299,ink,traced
30834,14352,25.0964,2010.5,0.70913,ink,traced,2189.5,0.91405,ink,traced
30835,14353,25.0982,2015.0,0.71857,ink,traced,2186.0,0.92149,ink,traced
30836,14354,25.0999,2015.0,0.71858,ink,traced,2185.5,0.92255,ink,traced
30837,14355,25.1017,2017.0,0.72278,ink,traced,2185.0,0.92361,ink,traced
30838,14356,25.1034,2018.5,0.72593,ink,traced,2182.5,0.92893,ink,traced
30839,14357,25.1051,2021.5,0.73223,ink,traced,2183.5,0.9268,ink,traced
30840,14358,25.1069,2025.0,0.73958,ink,traced,2184.0,0.92573,ink,traced
30841,14359,25.1086,2026.0,0.74168,ink,traced,2183.0,0.92785,ink,traced
30842,14360,25.1104,2027.0,0.74379,ink,traced,2183.0,0.92785,ink,traced
30843,14361,25.1121,2029.0,0.74799,ink,traced,2182.0,0.92997,ink,traced
30844,14362,25.1139,2030.0,0.75009,ink,traced,2181.5,0.93103,ink,traced
30845,14363,25.1156,2031.5,0.75324,ink,traced,2180.0,0.93422,ink,traced
30846,14364,25.1173,2034.0,0.75849,ink,traced,2179.5,0.93528,ink,traced
30847,14365,25.1191,2035.5,0.76165,ink,traced,2179.0,0.93634,ink,traced
30848,14366,25.1208,2037.0,0.7648,ink,traced,2178.0,0.93846,ink,traced
30849,14367,25.1226,2038.0,0.7669,ink,traced,2177.5,0.93952,ink,traced
30850,14368,25.1243,2040.5,0.77215,ink,traced,2178.5,0.93739,ink,traced
30851,14369,25.1261,2040.5,0.77216,ink,traced,2176.5,0.94164,ink,traced
30852,14370,25.1278,2042.5,0.77636,ink,traced,2176.0,0.9427,ink,traced
30853,14371,25.1295,2044.5,0.78056,ink,traced,2176.0,0.94269,ink,traced
30854,14372,25.1313,2045.0,0.78161,ink,traced,2175.0,0.94482,ink,traced
30855,14373,25.133,2047.5,0.78686,ink,traced,2176.5,0.94162,ink,traced
30856,14374,25.1348,2049.0,0.79002,ink,traced,2176.0,0.94268,ink,traced
30857,14375,25.1365,2048.5,0.78897,ink,traced,2176.5,0.94161,ink,traced
30858,14376,25.1383,2050.0,0.79212,ink,traced,2176.5,0.94161,ink,traced
30859,14377,25.14,2051.5,0.79528,ink,traced,2175.5,0.94373,ink,traced
30860,14378,25.1417,2053.0,0.79843,ink,traced,2176.0,0.94266,ink,traced
30861,14379,25.1435,2054.0,0.80053,ink,traced,2176.0,0.94266,ink,traced
30862,14380,25.1452,2054.5,0.80159,ink,traced,2176.0,0.94265,ink,traced
30863,14381,25.147,2055.5,0.80369,ink,traced,2176.0,0.94265,ink,traced
30864,14382,25.1487,2057.0,0.80684,ink,traced,2176.0,0.94264,ink,traced
30865,14383,25.1505,2058.0,0.80894,ink,traced,2176.0,0.94264,ink,traced
30866,14384,25.1522,2058.5,0.81,ink,traced,2176.0,0.94263,ink,traced
30867,14385,25.1539,2058.0,0.80895,ink,traced,2176.5,0.94156,ink,traced
30868,14386,25.1557,2062.5,0.8184,ink,traced,2176.0,0.94262,ink,traced
30869,14387,25.1574,2062.5,0.81841,ink,traced,2176.0,0.94262,ink,traced
30870,14388,25.1592,2064.0,0.82156,ink,traced,2176.0,0.94261,ink,traced
30871,14389,25.1609,2066.0,0.82576,ink,traced,2176.5,0.94154,ink,traced
30872,14390,25.1627,2065.0,0.82366,ink,traced,2176.0,0.9426,ink,traced
30873,14391,25.1644,2066.0,0.82577,ink,traced,2176.5,0.94154,ink,traced
30874,14392,25.1661,2067.5,0.82892,ink,traced,2176.5,0.94153,ink,traced
30875,14393,25.1679,2068.0,0.82997,ink,traced,2176.0,0.94259,ink,traced
30876,14394,25.1696,2067.5,0.82893,ink,traced,2175.5,0.94365,ink,traced
30877,14395,25.1714,2067.5,0.82893,ink,traced,2176.0,0.94258,ink,traced
30878,14396,25.1731,2071.5,0.83733,ink,traced,2176.0,0.94258,ink,traced
30879,14397,25.1749,2071.0,0.83629,ink,traced,2175.5,0.94364,ink,traced
30880,14398,25.1766,2073.0,0.84049,ink,traced,2176.0,0.94257,ink,traced
30881,14399,25.1783,2073.0,0.84049,ink,traced,2174.5,0.94575,ink,traced
30882,14400,25.1801,2073.0,0.8405,ink,traced,2175.0,0.94469,ink,traced
30883,14401,25.1818,2073.5,0.84155,ink,traced,2176.5,0.94149,ink,traced
30884,14402,25.1836,2074.0,0.84261,ink,traced,2175.5,0.94361,ink,traced
30885,14403,25.1853,2075.0,0.84471,ink,traced,2175.5,0.94361,ink,traced
30886,14404,25.187,2075.0,0.84471,ink,traced,2176.0,0.94254,ink,traced
30887,14405,25.1888,2075.0,0.84472,ink,traced,2175.0,0.94466,ink,traced
30888,14406,25.1905,2077.0,0.84892,ink,traced,2175.5,0.94359,ink,traced
30889,14407,25.1923,2077.0,0.84892,ink,traced,2176.0,0.94252,ink,traced
30890,14408,25.194,2077.0,0.84893,ink,traced,2175.5,0.94358,ink,traced
30891,14409,25.1957,2077.0,0.84893,ink,traced,2175.5,0.94358,ink,traced
30892,14410,25.1975,2078.0,0.85104,ink,traced,2175.5,0.94357,ink,traced
30893,14411,25.1992,2080.0,0.85524,ink,traced,2175.5,0.94357,ink,traced
30894,14412,25.201,2079.0,0.85314,ink,traced,2175.5,0.94357,ink,traced
30895,14413,25.2027,2080.0,0.85525,ink,traced,2175.5,0.94356,ink,traced
30896,14414,25.2044,2080.0,0.85525,ink,traced,2175.5,0.94356,ink,traced
30897,14415,25.2062,2081.0,0.85736,ink,traced,2175.5,0.94355,ink,traced
30898,14416,25.2079,2081.0,0.85736,ink,traced,2175.0,0.94461,ink,traced
30899,14417,25.2097,2082.0,0.85946,ink,traced,2175.0,0.94461,ink,traced
30900,14418,25.2114,2082.5,0.86052,ink,traced,2174.5,0.94567,ink,traced
30901,14419,25.2131,2082.5,0.86052,ink,traced,2175.0,0.9446,ink,traced
30902,14420,25.2149,2082.5,0.86053,ink,traced,2175.0,0.94459,ink,traced
30903,14421,25.2166,2082.5,0.86053,ink,traced,2175.5,0.94352,ink,traced
30904,14422,25.2184,2084.5,0.86473,ink,traced,2175.5,0.94352,ink,traced
30905,14423,25.2201,2083.5,0.86264,ink,traced,2175.5,0.94351,ink,traced
30906,14424,25.2218,2083.5,0.86264,ink,traced,2175.5,0.94351,ink,traced
30907,14425,25.2236,2083.5,0.86265,ink,traced,2175.0,0.94457,ink,traced
30908,14426,25.2253,2086.0,0.8679,ink,traced,2175.5,0.9435,ink,traced
30909,14427,25.227,2084.5,0.86475,ink,traced,2175.5,0.9435,ink,traced
30910,14428,25.2288,2085.0,0.86581,ink,traced,2175.5,0.94349,ink,traced
30911,14429,25.2305,2085.5,0.86686,ink,traced,2175.0,0.94455,ink,traced
30912,14430,25.2323,2085.0,0.86582,ink,traced,2175.0,0.94455,ink,traced
30913,14431,25.234,2086.0,0.86792,ink,traced,2175.0,0.94454,ink,traced
30914,14432,25.2357,2086.5,0.86897,ink,traced,2174.5,0.9456,ink,traced
30915,14433,25.2375,2087.0,0.87003,ink,traced,2175.0,0.94453,ink,traced
30916,14434,25.2392,2088.0,0.87213,ink,traced,2175.5,0.94346,ink,traced
30917,14435,25.241,2087.5,0.87109,ink,traced,2174.5,0.94559,ink,traced
30918,14436,25.2427,2088.0,0.87214,ink,traced,2175.0,0.94452,ink,traced
30919,14437,25.2444,2089.0,0.87424,ink,traced,2174.5,0.94558,ink,traced
30920,14438,25.2462,2089.0,0.87425,ink,traced,2181.0,0.93174,ink,traced
30921,14439,25.2479,2089.5,0.8753,ink,traced,2182.0,0.92961,ink,traced
30922,14440,25.2497,2089.5,0.87531,ink,traced,2183.0,0.92747,ink,traced
30923,14441,25.2514,2089.5,0.87531,ink,traced,2188.0,0.91683,ink,traced
30924,14442,25.2531,2089.5,0.87532,ink,traced,2199.0,0.89341,ink,traced
30925,14443,25.2549,2089.5,0.87532,ink,traced,2208.0,0.87425,ink,traced
30926,14444,25.2566,2089.5,0.87533,ink,traced,2216.0,0.85722,ink,traced
30927,14445,25.2583,2090.0,0.87638,ink,traced,2223.0,0.84232,ink,traced
30928,14446,25.2601,2091.0,0.87848,ink,traced,2226.0,0.83593,ink,traced
30929,14447,25.2618,2090.0,0.87639,ink,traced,2243.0,0.79974,ink,traced
30930,14448,25.2636,2090.0,0.87639,ink,traced,2262.0,0.7593,ink,traced
30931,14449,25.2653,2090.0,0.8764,ink,traced,2269.0,0.7444,ink,traced
30932,14450,25.267,2091.0,0.8785,ink,traced,2276.0,0.7295,ink,traced
30933,14451,25.2688,2090.5,0.87746,ink,traced,2284.0,0.71247,ink,traced
30934,14452,25.2705,2090.5,0.87746,ink,traced,2294.0,0.69118,ink,traced
30935,14453,25.2723,2091.0,0.87851,ink,traced,2301.5,0.67521,ink,traced
30936,14454,25.274,2091.0,0.87852,ink,traced,2306.0,0.66563,ink,traced
30937,14455,25.2757,2091.0,0.87852,ink,traced,2315.0,0.64647,ink,traced
30938,14456,25.2775,2091.0,0.87853,ink,traced,2317.5,0.64115,ink,traced
30939,14457,25.2792,2091.0,0.87853,ink,traced,2344.0,0.58474,ink,traced
30940,14458,25.281,2091.5,0.87959,ink,traced,2340.0,0.59325,ink,traced
30941,14459,25.2827,2091.5,0.87959,ink,traced,2340.5,0.59218,ink,traced
30942,14460,25.2844,2091.5,0.8796,ink,traced,2335.5,0.60282,ink,traced
30943,14461,25.2862,2091.5,0.8796,ink,traced,2328.5,0.61771,ink,traced
30944,14462,25.2879,2092.0,0.88065,ink,traced,2327.5,0.61983,ink,traced
30945,14463,25.2897,2091.5,0.87961,ink,traced,2325.5,0.62409,ink,traced
30946,14464,25.2914,2092.5,0.88171,ink,traced,2323.0,0.6294,ink,traced
30947,14465,25.2931,2092.5,0.88172,ink,traced,2323.0,0.6294,ink,traced
30948,14466,25.2949,2092.0,0.88067,ink,traced,2323.0,0.62939,ink,traced
30949,14467,25.2966,2091.0,0.87858,ink,traced,2322.5,0.63045,ink,traced
30950,14468,25.2983,2085.0,0.86599,ink,traced,2322.5,0.63045,ink,traced
30951,14469,25.3001,2079.0,0.85341,ink,traced,2323.0,0.62938,ink,traced
30952,14470,25.3018,2073.0,0.84082,ink,traced,2323.0,0.62937,ink,traced
30953,14471,25.3036,2067.0,0.82824,ink,traced,2323.0,0.62937,ink,traced
30954,14472,25.3053,2061.0,0.81565,ink,traced,2324.0,0.62724,ink,traced
30955,14473,25.307,2058.5,0.81041,ink,traced,2324.5,0.62617,ink,traced
30956,14474,25.3088,2054.5,0.80202,ink,traced,2326.0,0.62297,ink,traced
30957,14475,25.3105,2042.0,0.77579,ink,traced,2326.5,0.6219,ink,traced
30958,14476,25.3123,2032.0,0.75481,ink,traced,2327.0,0.62083,ink,traced
30959,14477,25.314,2021.0,0.73173,ink,traced,2326.0,0.62296,ink,traced
30960,14478,25.3157,2019.5,0.72859,ink,traced,2326.0,0.62295,ink,traced
30961,14479,25.3175,1993.0,0.67299,ink,traced,2327.0,0.62082,ink,traced
30962,14480,25.3192,1987.5,0.66145,ink,traced,2326.5,0.62188,ink,traced
30963,14481,25.321,1966.5,0.61739,ink,traced,2327.0,0.62081,ink,traced
30964,14482,25.3227,1957.0,0.59746,ink,traced,2327.0,0.62081,ink,traced
30965,14483,25.3244,1944.5,0.57123,ink,traced,2325.0,0.62506,ink,traced
30966,14484,25.3262,1942.5,0.56704,ink,traced,2329.0,0.61654,ink,traced
30967,14485,25.3279,1943.0,0.56809,ink,traced,2328.5,0.6176,ink,traced
30968,14486,25.3296,1944.5,0.57125,ink,traced,2328.5,0.61759,ink,traced
30969,14487,25.3314,1948.5,0.57964,ink,traced,2329.0,0.61653,ink,traced
30970,14488,25.3331,1953.5,0.59014,ink,traced,2329.0,0.61652,ink,traced
30971,14489,25.3349,1954.0,0.59119,ink,traced,2329.0,0.61652,ink,traced
30972,14490,25.3366,1959.5,0.60274,ink,traced,2329.0,0.61651,ink,traced
30973,14491,25.3383,1960.0,0.60379,ink,traced,2329.0,0.61651,ink,traced
30974,14492,25.3401,1959.5,0.60275,ink,traced,2328.5,0.61757,ink,traced
30975,14493,25.3418,1958.5,0.60066,ink,traced,2329.0,0.6165,ink,traced
30976,14494,25.3436,1952.0,0.58702,ink,traced,2328.5,0.61756,ink,traced
30977,14495,25.3453,1952.0,0.58703,ink,traced,2328.5,0.61755,ink,traced
30978,14496,25.347,1951.5,0.58598,ink,traced,2328.5,0.61755,ink,traced
30979,14497,25.3488,1949.5,0.58179,ink,traced,2328.5,0.61754,ink,traced
30980,14498,25.3505,1947.5,0.5776,ink,traced,2328.5,0.61754,ink,traced
30981,14499,25.3523,1947.0,0.57655,ink,traced,2328.5,0.61753,ink,traced
30982,14500,25.354,1946.0,0.57446,ink,traced,2328.5,0.61753,ink,traced
30983,14501,25.3557,1945.5,0.57341,ink,traced,2329.0,0.61646,ink,traced
30984,14502,25.3575,1945.5,0.57342,ink,traced,2329.0,0.61646,ink,traced
30985,14503,25.3592,1945.0,0.57237,ink,traced,2329.0,0.61645,ink,traced
30986,14504,25.361,1945.0,0.57238,ink,traced,2328.5,0.61751,ink,traced
30987,14505,25.3627,1945.5,0.57343,ink,traced,2328.5,0.61751,ink,traced
30988,14506,25.3644,1945.5,0.57344,ink,traced,2328.5,0.6175,ink,traced
30989,14507,25.3662,1946.0,0.57449,ink,traced,2328.5,0.6175,ink,traced
30990,14508,25.3679,1946.0,0.57449,ink,traced,2328.5,0.61749,ink,traced
30991,14509,25.3696,1946.0,0.5745,ink,traced,2328.5,0.61749,ink,traced
30992,14510,25.3714,1946.0,0.5745,ink,traced,2329.0,0.61642,ink,traced
30993,14511,25.3731,1946.0,0.57451,ink,traced,2329.0,0.61641,ink,traced
30994,14512,25.3749,1945.5,0.57346,ink,traced,2328.5,0.61747,ink,traced
30995,14513,25.3766,1945.5,0.57347,ink,traced,2329.0,0.6164,ink,traced
30996,14514,25.3783,1945.5,0.57347,ink,traced,2329.0,0.6164,ink,traced
30997,14515,25.3801,1945.5,0.57348,ink,traced,2329.0,0.61639,ink,traced
30998,14516,25.3818,1945.5,0.57348,ink,traced,2329.0,0.61639,ink,traced
30999,14517,25.3836,1945.5,0.57349,ink,traced,2329.0,0.61639,ink,traced
31000,14518,25.3853,1945.5,0.57349,ink,traced,2329.0,0.61638,ink,traced
31001,14519,25.387,1945.5,0.5735,ink,traced,2329.0,0.61638,ink,traced
31002,14520,25.3888,1945.5,0.5735,ink,traced,2329.0,0.61637,ink,traced
31003,14521,25.3905,1945.0,0.57246,ink,traced,2328.5,0.61743,ink,traced
31004,14522,25.3923,1945.0,0.57246,ink,traced,2328.5,0.61743,ink,traced
31005,14523,25.394,1945.0,0.57247,ink,traced,2328.5,0.61742,ink,traced
31006,14524,25.3957,1945.0,0.57247,ink,traced,2328.5,0.61742,ink,traced
31007,14525,25.3975,1945.0,0.57247,ink,traced,2328.5,0.61741,ink,traced
31008,14526,25.3992,1945.5,0.57353,ink,traced,2328.5,0.61741,ink,traced
31009,14527,25.4009,1946.0,0.57458,ink,traced,2329.0,0.61634,ink,traced
31010,14528,25.4027,1946.0,0.57459,ink,traced,2328.5,0.6174,ink,traced
31011,14529,25.4044,1945.5,0.57354,ink,traced,2328.5,0.61739,ink,traced
31012,14530,25.4062,1945.5,0.57355,ink,traced,2329.0,0.61632,ink,traced
31013,14531,25.4079,1945.5,0.57355,ink,traced,2328.5,0.61738,ink,traced
31014,14532,25.4096,1945.5,0.57356,ink,traced,2328.5,0.61738,ink,traced
31015,14533,25.4114,1945.5,0.57356,ink,traced,2329.0,0.61631,ink,traced
31016,14534,25.4131,1945.5,0.57357,ink,traced,2328.5,0.61737,ink,traced
31017,14535,25.4149,1945.5,0.57357,ink,traced,2329.0,0.6163,ink,traced
31018,14536,25.4166,1945.5,0.57357,ink,traced,2329.0,0.6163,ink,traced
31019,14537,25.4183,1945.5,0.57358,ink,traced,2329.0,0.61629,ink,traced
31020,14538,25.4201,1946.0,0.57463,ink,traced,2329.0,0.61629,ink,traced
31021,14539,25.4218,1945.0,0.57254,ink,traced,2329.0,0.61628,ink,traced
31022,14540,25.4236,1945.0,0.57254,ink,traced,2329.0,0.61628,ink,traced
31023,14541,25.4253,1945.0,0.57255,ink,traced,2329.0,0.61627,ink,traced
31024,14542,25.427,1945.0,0.57255,ink,traced,2329.0,0.61627,ink,traced
31025,14543,25.4288,1945.0,0.57256,ink,traced,2328.5,0.61733,ink,traced
31026,14544,25.4305,1945.0,0.57256,ink,traced,2328.5,0.61732,ink,traced
31027,14545,25.4323,1946.0,0.57467,ink,traced,2329.0,0.61625,ink,traced
31028,14546,25.434,1945.5,0.57362,ink,traced,2329.0,0.61625,ink,traced
31029,14547,25.4357,1945.5,0.57363,ink,traced,2329.0,0.61625,ink,traced
31030,14548,25.4375,1945.0,0.57258,ink,traced,2329.0,0.61624,ink,traced
31031,14549,25.4392,1945.0,0.57259,ink,traced,2329.0,0.61624,ink,traced
31032,14550,25.4409,1945.0,0.57259,ink,traced,2328.5,0.6173,ink,traced
31033,14551,25.4427,1945.0,0.57259,ink,traced,2329.0,0.61623,ink,traced
31034,14552,25.4444,1945.0,0.5726,ink,traced,2329.0,0.61622,ink,traced
31035,14553,25.4462,1945.0,0.5726,ink,traced,2329.0,0.61622,ink,traced
31036,14554,25.4479,1945.0,0.57261,ink,traced,2328.5,0.61728,ink,traced
31037,14555,25.4496,1945.5,0.57366,ink,traced,2329.0,0.61621,ink,traced
31038,14556,25.4514,1945.0,0.57262,ink,traced,2329.0,0.6162,ink,traced
31039,14557,25.4531,1945.0,0.57262,ink,traced,2329.0,0.6162,ink,traced
31040,14558,25.4549,1945.0,0.57263,ink,traced,2329.0,0.61619,ink,traced
31041,14559,25.4566,1945.0,0.57263,ink,traced,2329.0,0.61619,ink,traced
31042,14560,25.4583,1945.5,0.57369,ink,traced,2329.0,0.61618,ink,traced
31043,14561,25.4601,1945.0,0.57264,ink,traced,2329.0,0.61618,ink,traced
31044,14562,25.4618,1945.0,0.57265,ink,traced,2328.5,0.61724,ink,traced
31045,14563,25.4636,1945.5,0.5737,ink,traced,2329.0,0.61617,ink,traced
31046,14564,25.4653,1945.0,0.57265,ink,traced,2329.5,0.6151,ink,traced
31047,14565,25.467,1945.0,0.57266,ink,traced,2329.5,0.6151,ink,traced
31048,14566,25.4688,1945.5,0.57371,ink,traced,2329.0,0.61616,ink,traced
31049,14567,25.4705,1945.5,0.57372,ink,traced,2329.0,0.61615,ink,traced
31050,14568,25.4722,1945.5,0.57372,ink,traced,2329.0,0.61615,ink,traced
31051,14569,25.474,1945.5,0.57373,ink,traced,2329.0,0.61614,ink,traced
31052,14570,25.4757,1945.0,0.57268,ink,traced,2329.5,0.61507,ink,traced
31053,14571,25.4775,1945.5,0.57374,ink,traced,2329.5,0.61507,ink,traced
31054,14572,25.4792,1945.5,0.57374,ink,traced,2329.0,0.61613,ink,traced
31055,14573,25.4809,1945.0,0.5727,ink,traced,2329.0,0.61612,ink,traced
31056,14574,25.4827,1945.5,0.57375,ink,traced,2329.0,0.61612,ink,traced
31057,14575,25.4844,1945.5,0.57375,ink,traced,2329.0,0.61611,ink,traced
31058,14576,25.4862,1945.5,0.57376,ink,traced,2329.0,0.61611,ink,traced
31059,14577,25.4879,1945.5,0.57376,ink,traced,2329.0,0.61611,ink,traced
31060,14578,25.4896,1945.5,0.57377,ink,traced,2329.0,0.6161,ink,traced
31061,14579,25.4914,1945.5,0.57377,ink,traced,2330.0,0.61397,ink,traced
31062,14580,25.4931,1945.5,0.57378,ink,traced,2329.5,0.61503,ink,traced
31063,14581,25.4949,1945.5,0.57378,ink,traced,2329.5,0.61502,ink,traced
31064,14582,25.4966,1947.5,0.57798,ink,traced,2327.0,0.62034,ink,traced
31065,14583,25.4983,1945.5,0.57379,ink,traced,2329.0,0.61608,ink,traced
31066,14584,25.5001,1946.0,0.57485,ink,traced,2328.5,0.61714,ink,traced
31067,14585,25.5018,1946.0,0.57485,ink,traced,2329.0,0.61607,ink,traced
31068,14586,25.5036,1945.5,0.57381,ink,traced,2329.0,0.61606,ink,traced
31069,14587,25.5053,1945.5,0.57381,ink,traced,2329.0,0.61606,ink,traced
31070,14588,25.507,1947.5,0.57801,ink,traced,2329.0,0.61605,ink,traced
31071,14589,25.5088,1945.5,0.57382,ink,traced,2329.0,0.61605,ink,traced
31072,14590,25.5105,1945.0,0.57277,ink,traced,2329.0,0.61604,ink,traced
31073,14591,25.5122,1945.0,0.57278,ink,traced,2329.0,0.61604,ink,traced
31074,14592,25.514,1945.5,0.57383,ink,traced,2329.0,0.61604,ink,traced
31075,14593,25.5157,1945.5,0.57384,ink,traced,2328.5,0.61709,ink,traced
31076,14594,25.5175,1945.5,0.57384,ink,traced,2329.0,0.61603,ink,traced
31077,14595,25.5192,1945.5,0.57385,ink,traced,2328.5,0.61709,ink,traced
31078,14596,25.5209,1945.5,0.57385,ink,traced,2328.5,0.61708,ink,traced
31079,14597,25.5227,1945.0,0.57281,ink,traced,2328.5,0.61708,ink,traced
31080,14598,25.5244,1945.5,0.57386,ink,traced,2329.0,0.61601,ink,traced
31081,14599,25.5262,1945.0,0.57282,ink,traced,2329.0,0.616,ink,traced
31082,14600,25.5279,1946.0,0.57492,ink,traced,2329.0,0.616,ink,traced
31083,14601,25.5296,1946.0,0.57492,ink,traced,2329.0,0.61599,ink,traced
31084,14602,25.5314,1945.5,0.57388,ink,traced,2329.0,0.61599,ink,traced
31085,14603,25.5331,1945.5,0.57388,ink,traced,2328.5,0.61705,ink,traced
31086,14604,25.5349,1947.5,0.57808,ink,traced,2329.0,0.61598,ink,traced
31087,14605,25.5366,1945.5,0.57389,ink,traced,2329.0,0.61597,ink,traced
31088,14606,25.5383,1945.5,0.5739,ink,traced,2329.0,0.61597,ink,traced
31089,14607,25.5401,1945.5,0.5739,ink,traced,2329.0,0.61596,ink,traced
31090,14608,25.5418,1944.0,0.57076,ink,traced,2329.0,0.61596,ink,traced
31091,14609,25.5436,1945.0,0.57286,ink,traced,2329.5,0.61489,ink,traced
31092,14610,25.5453,1945.5,0.57392,ink,traced,2329.0,0.61595,ink,traced
31093,14611,25.547,1945.0,0.57287,ink,traced,2329.0,0.61595,ink,traced
31094,14612,25.5488,1944.5,0.57183,ink,traced,2329.0,0.61594,ink,traced
31095,14613,25.5505,1945.0,0.57288,ink,traced,2329.5,0.61487,ink,traced
31096,14614,25.5522,1945.5,0.57393,ink,traced,2329.5,0.61487,ink,traced
31097,14615,25.554,1945.0,0.57289,ink,traced,2329.5,0.61486,ink,traced
31098,14616,25.5557,1945.5,0.57394,ink,traced,2329.5,0.61486,ink,traced
31099,14617,25.5575,1945.5,0.57395,ink,traced,2330.0,0.61379,ink,traced
31100,14618,25.5592,1945.5,0.57395,ink,traced,2330.0,0.61379,ink,traced
31101,14619,25.5609,1945.5,0.57396,ink,traced,2329.5,0.61484,ink,traced
31102,14620,25.5627,1945.0,0.57291,ink,traced,2329.0,0.6159,ink,traced
31103,14621,25.5644,1945.5,0.57397,ink,traced,2329.0,0.6159,ink,traced
31104,14622,25.5662,1946.0,0.57502,ink,traced,2329.0,0.61589,ink,traced
31105,14623,25.5679,1945.5,0.57398,ink,traced,2329.0,0.61589,ink,traced
31106,14624,25.5696,1946.0,0.57503,ink,traced,2329.0,0.61589,ink,traced
31107,14625,25.5714,1946.0,0.57503,ink,traced,2329.0,0.61588,ink,traced
31108,14626,25.5731,1945.5,0.57399,ink,traced,2329.5,0.61481,ink,traced
31109,14627,25.5749,1945.0,0.57294,ink,traced,2329.0,0.61587,ink,traced
31110,14628,25.5766,1945.0,0.57295,ink,traced,2329.5,0.6148,ink,traced
31111,14629,25.5783,1945.0,0.57295,ink,traced,2329.5,0.6148,ink,traced
31112,14630,25.5801,1945.0,0.57296,ink,traced,2329.5,0.61479,ink,traced
31113,14631,25.5818,1945.0,0.57296,ink,traced,2329.0,0.61585,ink,traced
31114,14632,25.5835,1946.0,0.57507,ink,traced,2329.0,0.61585,ink,traced
31115,14633,25.5853,1946.0,0.57507,ink,traced,2329.0,0.61584,ink,traced
31116,14634,25.587,1946.0,0.57508,ink,traced,2329.0,0.61584,ink,traced
31117,14635,25.5888,1946.0,0.57508,ink,traced,2329.0,0.61583,ink,traced
31118,14636,25.5905,1945.5,0.57404,ink,traced,2328.5,0.61689,ink,traced
31119,14637,25.5922,1945.5,0.57404,ink,traced,2328.5,0.61689,ink,traced
31120,14638,25.594,1945.5,0.57404,ink,traced,2327.5,0.61901,ink,traced
31121,14639,25.5957,1945.5,0.57405,ink,traced,2326.5,0.62114,ink,traced
31122,14640,25.5975,1945.0,0.573,ink,traced,2325.5,0.62326,ink,traced
31123,14641,25.5992,1945.5,0.57406,ink,traced,2324.0,0.62645,ink,traced
31124,14642,25.6009,1945.5,0.57406,ink,traced,2316.0,0.64347,ink,traced
31125,14643,25.6027,1946.0,0.57512,ink,traced,2318.0,0.63921,ink,traced
31126,14644,25.6044,1946.0,0.57512,ink,traced,2315.0,0.64559,ink,traced
31127,14645,25.6062,1946.5,0.57618,ink,traced,2312.0,0.65197,ink,traced
31128,14646,25.6079,1947.5,0.57828,ink,traced,2310.5,0.65516,ink,traced
31129,14647,25.6096,1948.5,0.58038,ink,traced,2307.5,0.66154,ink,traced
31130,14648,25.6114,1951.5,0.58668,ink,traced,2305.0,0.66685,ink,traced
31131,14649,25.6131,1953.5,0.59088,ink,traced,2303.0,0.6711,ink,traced
31132,14650,25.6149,1956.0,0.59613,ink,traced,2300.5,0.67642,ink,traced
31133,14651,25.6166,1958.0,0.60034,ink,traced,2298.0,0.68174,ink,traced
31134,14652,25.6183,1961.0,0.60664,ink,traced,2296.5,0.68492,ink,traced
31135,14653,25.6201,1963.0,0.61084,ink,traced,2295.5,0.68705,ink,traced
31136,14654,25.6218,1966.0,0.61714,ink,traced,2294.5,0.68917,ink,traced
31137,14655,25.6235,1967.5,0.62029,ink,traced,2289.0,0.70087,ink,traced
31138,14656,25.6253,1970.5,0.62659,ink,traced,2290.0,0.69874,ink,traced
31139,14657,25.627,1972.5,0.63079,ink,traced,2288.0,0.70299,ink,traced
31140,14658,25.6288,1974.5,0.63499,ink,traced,2287.0,0.70511,ink,traced
31141,14659,25.6305,1976.5,0.63919,ink,traced,2285.0,0.70937,ink,traced
31142,14660,25.6322,1979.0,0.64444,ink,traced,2283.0,0.71362,ink,traced
31143,14661,25.634,1981.5,0.64969,ink,traced,2280.0,0.72,ink,traced
31144,14662,25.6357,1984.0,0.65495,ink,traced,2278.0,0.72425,ink,traced
31145,14663,25.6375,1986.0,0.65915,ink,traced,2276.5,0.72744,ink,traced
31146,14664,25.6392,1989.0,0.66545,ink,traced,2274.5,0.73169,ink,traced
31147,14665,25.6409,1991.5,0.6707,ink,traced,2273.0,0.73488,ink,traced
31148,14666,25.6427,1994.0,0.67595,ink,traced,2272.0,0.737,ink,traced
31149,14667,25.6444,1995.5,0.6791,ink,traced,2268.0,0.74551,ink,traced
31150,14668,25.6462,1996.5,0.6812,ink,traced,2266.0,0.74976,ink,traced
31151,14669,25.6479,1997.5,0.68331,ink,traced,2264.5,0.75295,ink,traced
31152,14670,25.6496,2000.0,0.68856,ink,traced,2262.5,0.7572,ink,traced
31153,14671,25.6514,2003.5,0.69591,ink,traced,2261.0,0.76039,ink,traced
31154,14672,25.6531,2004.0,0.69696,ink,traced,2260.5,0.76145,ink,traced
31155,14673,25.6548,2006.5,0.70221,ink,traced,2258.0,0.76676,ink,traced
31156,14674,25.6566,2010.0,0.70956,ink,traced,2256.5,0.76995,ink,traced
31157,14675,25.6583,2011.5,0.71271,ink,traced,2254.5,0.7742,ink,traced
31158,14676,25.6601,2013.0,0.71586,ink,traced,2251.5,0.78058,ink,traced
31159,14677,25.6618,2015.0,0.72007,ink,traced,2250.0,0.78377,ink,traced
31160,14678,25.6635,2016.5,0.72322,ink,traced,2247.0,0.79015,ink,traced
31161,14679,25.6653,2017.5,0.72532,ink,traced,2247.5,0.78908,ink,traced
31162,14680,25.667,2019.5,0.72952,ink,traced,2246.5,0.79121,ink,traced
31163,14681,25.6688,2021.0,0.73267,ink,traced,2245.0,0.79439,ink,traced
31164,14682,25.6705,2020.5,0.73163,ink,traced,2244.0,0.79652,ink,traced
31165,14683,25.6722,2025.0,0.74108,ink,traced,2242.5,0.79971,ink,traced
31166,14684,25.674,2026.0,0.74318,ink,traced,2241.0,0.80289,ink,traced
31167,14685,25.6757,2029.0,0.74948,ink,traced,2237.0,0.8114,ink,traced
31168,14686,25.6775,2029.5,0.75053,ink,traced,2236.5,0.81246,ink,traced
31169,14687,25.6792,2031.0,0.75369,ink,traced,2235.5,0.81458,ink,traced
31170,14688,25.6809,2032.5,0.75684,ink,traced,2235.5,0.81458,ink,traced
31171,14689,25.6827,2034.5,0.76104,ink,traced,2233.0,0.8199,ink,traced
31172,14690,25.6844,2035.5,0.76314,ink,traced,2232.5,0.82096,ink,traced
31173,14691,25.6862,2040.0,0.77259,ink,traced,2230.5,0.82521,ink,traced
31174,14692,25.6879,2040.0,0.7726,ink,traced,2229.5,0.82733,ink,traced
31175,14693,25.6896,2039.0,0.7705,ink,traced,2226.5,0.83371,ink,traced
31176,14694,25.6914,2040.5,0.77365,ink,traced,2225.5,0.83583,ink,traced
31177,14695,25.6931,2044.0,0.781,ink,traced,2225.0,0.83689,ink,traced
31178,14696,25.6948,2044.0,0.78101,ink,traced,2223.5,0.84008,ink,traced
31179,14697,25.6966,2046.0,0.78521,ink,traced,2222.0,0.84327,ink,traced
31180,14698,25.6983,2046.0,0.78521,ink,traced,2218.0,0.85178,ink,traced
31181,14699,25.7001,2048.0,0.78942,ink,traced,2218.0,0.85177,ink,traced
31182,14700,25.7018,2049.0,0.79152,ink,traced,2216.5,0.85496,ink,traced
31183,14701,25.7035,2050.0,0.79362,ink,traced,2215.5,0.85708,ink,traced
31184,14702,25.7053,2052.0,0.79782,ink,traced,2215.0,0.85814,ink,traced
31185,14703,25.707,2053.5,0.80098,ink,traced,2215.0,0.85814,ink,traced
31186,14704,25.7088,2054.0,0.80203,ink,traced,2213.5,0.86133,ink,traced
31187,14705,25.7105,2055.0,0.80413,ink,traced,2211.0,0.86664,ink,traced
31188,14706,25.7122,2055.5,0.80519,ink,traced,2210.0,0.86877,ink,traced
31189,14707,25.714,2058.5,0.81149,ink,traced,2207.5,0.87408,ink,traced
31190,14708,25.7157,2058.0,0.81044,ink,traced,2206.5,0.87621,ink,traced
31191,14709,25.7175,2059.5,0.81359,ink,traced,2204.5,0.88046,ink,traced
31192,14710,25.7192,2062.0,0.81884,ink,traced,2204.0,0.88152,ink,traced
31193,14711,25.7209,2062.0,0.81885,ink,traced,2203.0,0.88364,ink,traced
31194,14712,25.7227,2063.0,0.82095,ink,traced,2202.5,0.8847,ink,traced
31195,14713,25.7244,2063.5,0.82201,ink,traced,2200.0,0.89002,ink,traced
31196,14714,25.7261,2065.5,0.82621,ink,traced,2198.5,0.8932,ink,traced
31197,14715,25.7279,2067.0,0.82936,ink,traced,2197.0,0.89639,ink,traced
31198,14716,25.7296,2067.0,0.82936,ink,traced,2195.5,0.89958,ink,traced
31199,14717,25.7314,2068.5,0.83252,ink,traced,2194.5,0.9017,ink,traced
31200,14718,25.7331,2068.0,0.83147,ink,traced,2193.5,0.90383,ink,traced
31201,14719,25.7348,2069.0,0.83357,ink,traced,2192.0,0.90701,ink,traced
31202,14720,25.7366,2072.0,0.83987,ink,traced,2192.0,0.90701,ink,traced
31203,14721,25.7383,2071.0,0.83778,ink,traced,2191.0,0.90913,ink,traced
31204,14722,25.7401,2072.5,0.84093,ink,traced,2190.5,0.91019,ink,traced
31205,14723,25.7418,2074.0,0.84409,ink,traced,2196.0,0.89848,ink,traced
31206,14724,25.7435,2074.0,0.84409,ink,traced,2197.0,0.89635,ink,traced
31207,14725,25.7453,2075.0,0.84619,ink,traced,2201.0,0.88783,ink,traced
31208,14726,25.747,2075.0,0.8462,ink,traced,2213.0,0.86229,ink,traced
31209,14727,25.7488,2075.5,0.84725,ink,traced,2219.0,0.84951,ink,traced
31210,14728,25.7505,2076.5,0.84935,ink,traced,2229.0,0.82823,ink,traced
31211,14729,25.7522,2077.0,0.85041,ink,traced,2233.0,0.81971,ink,traced
31212,14730,25.754,2077.5,0.85146,ink,traced,2241.0,0.80268,ink,traced
31213,14731,25.7557,2078.5,0.85357,ink,traced,2246.0,0.79203,ink,traced
31214,14732,25.7575,2078.5,0.85357,ink,traced,2266.0,0.74946,ink,traced
31215,14733,25.7592,2078.5,0.85357,ink,traced,2273.0,0.73456,ink,traced
31216,14734,25.7609,2079.0,0.85463,ink,traced,2285.0,0.70902,ink,traced
31217,14735,25.7627,2079.5,0.85568,ink,traced,2299.0,0.67921,ink,traced
31218,14736,25.7644,2080.0,0.85674,ink,traced,2311.0,0.65367,ink,traced
31219,14737,25.7661,2080.0,0.85674,ink,traced,2322.0,0.63026,ink,traced
31220,14738,25.7679,2072.0,0.83996,ink,traced,2330.0,0.61322,ink,traced
31221,14739,25.7696,2067.0,0.82947,ink,traced,2329.0,0.61535,ink,traced
31222,14740,25.7714,2065.0,0.82528,ink,traced,2344.0,0.58342,ink,traced
31223,14741,25.7731,2065.0,0.82528,ink,traced,2341.0,0.5898,ink,traced
31224,14742,25.7748,2048.0,0.78961,ink,traced,2332.0,0.60895,ink,traced
31225,14743,25.7766,2043.0,0.77913,ink,traced,2335.5,0.6015,ink,traced
31226,14744,25.7783,2035.0,0.76234,ink,traced,2329.0,0.61532,ink,traced
31227,14745,25.7801,2028.0,0.74766,ink,traced,2326.5,0.62064,ink,traced
31228,14746,25.7818,2015.5,0.72143,ink,traced,2326.5,0.62064,ink,traced
31229,14747,25.7835,2000.0,0.68891,ink,traced,2323.5,0.62702,ink,traced
31230,14748,25.7853,1998.5,0.68577,ink,traced,2323.5,0.62701,ink,traced
31231,14749,25.787,1992.0,0.67213,ink,traced,2323.0,0.62807,ink,traced
31232,14750,25.7888,1980.0,0.64696,ink,traced,2323.5,0.627,ink,traced
31233,14751,25.7905,1974.0,0.63437,ink,traced,2323.0,0.62806,ink,traced
31234,14752,25.7922,1962.0,0.60919,ink,traced,2327.0,0.61954,ink,traced
31235,14753,25.794,1946.0,0.57562,ink,traced,2325.5,0.62273,ink,traced
31236,14754,25.7957,1942.0,0.56723,ink,traced,2325.5,0.62273,ink,traced
31237,14755,25.7974,1945.5,0.57458,ink,traced,2325.5,0.62272,ink,traced
31238,14756,25.7992,1946.5,0.57669,ink,traced,2326.0,0.62165,ink,traced
31239,14757,25.8009,1948.5,0.58089,ink,traced,2326.5,0.62058,ink,traced
31240,14758,25.8027,1950.0,0.58404,ink,traced,2326.0,0.62164,ink,traced
31241,14759,25.8044,1957.0,0.59873,ink,traced,2327.0,0.61951,ink,traced
31242,14760,25.8061,1956.5,0.59769,ink,traced,2327.0,0.61951,ink,traced
31243,14761,25.8079,1956.5,0.59769,ink,traced,2326.0,0.62163,ink,traced
31244,14762,25.8096,1955.5,0.5956,ink,traced,2328.5,0.6163,ink,traced
31245,14763,25.8114,1955.0,0.59456,ink,traced,2328.5,0.6163,ink,traced
31246,14764,25.8131,1952.5,0.58931,ink,traced,2328.5,0.6163,ink,traced
31247,14765,25.8148,1951.0,0.58617,ink,traced,2328.5,0.61629,ink,traced
31248,14766,25.8166,1951.5,0.58723,ink,traced,2328.5,0.61629,ink,traced
31249,14767,25.8183,1950.0,0.58408,ink,traced,2330.0,0.61309,ink,traced
31250,14768,25.8201,1949.0,0.58199,ink,traced,2330.5,0.61202,ink,traced
31251,14769,25.8218,1948.0,0.5799,ink,traced,2326.0,0.62159,ink,traced
31252,14770,25.8235,1948.0,0.5799,ink,traced,2329.5,0.61413,ink,traced
31253,14771,25.8253,1948.0,0.57991,ink,traced,2329.0,0.61519,ink,traced
31254,14772,25.827,1948.5,0.58097,ink,traced,2329.5,0.61412,ink,traced
31255,14773,25.8288,1949.0,0.58202,ink,traced,2329.5,0.61411,ink,traced
31256,14774,25.8305,1948.5,0.58098,ink,traced,2329.5,0.61411,ink,traced
31257,14775,25.8322,1949.5,0.58309,ink,traced,2330.0,0.61303,ink,traced
31258,14776,25.834,1949.0,0.58204,ink,traced,2329.5,0.61409,ink,traced
31259,14777,25.8357,1948.5,0.581,ink,traced,2329.5,0.61408,ink,traced
31260,14778,25.8374,1949.0,0.58206,ink,traced,2329.5,0.61408,ink,traced
31261,14779,25.8392,1949.0,0.58207,ink,traced,2329.5,0.61407,ink,traced
31262,14780,25.8409,1949.0,0.58207,ink,traced,2329.5,0.61406,ink,traced
31263,14781,25.8427,1948.5,0.58103,ink,traced,2330.0,0.61299,ink,traced
31264,14782,25.8444,1948.5,0.58104,ink,traced,2330.5,0.61192,ink,traced
31265,14783,25.8461,1948.0,0.57999,ink,traced,2330.0,0.61298,ink,traced
31266,14784,25.8479,1947.5,0.57895,ink,traced,2329.5,0.61403,ink,traced
31267,14785,25.8496,1948.0,0.58001,ink,traced,2329.5,0.61403,ink,traced
31268,14786,25.8514,1948.0,0.58002,ink,traced,2329.5,0.61402,ink,traced
31269,14787,25.8531,1948.0,0.58002,ink,traced,2329.5,0.61401,ink,traced
31270,14788,25.8548,1948.0,0.58003,ink,traced,2329.5,0.61401,ink,traced
31271,14789,25.8566,1948.0,0.58004,ink,traced,2329.5,0.614,ink,traced
31272,14790,25.8583,1948.0,0.58004,ink,traced,2327.5,0.61825,ink,traced
31273,14791,25.8601,1948.0,0.58005,ink,traced,2330.0,0.61292,ink,traced
31274,14792,25.8618,1947.5,0.57901,ink,traced,2330.0,0.61291,ink,traced
31275,14793,25.8635,1948.0,0.58006,ink,traced,2330.0,0.61291,ink,traced
31276,14794,25.8653,1948.0,0.58007,ink,traced,2329.5,0.61396,ink,traced
31277,14795,25.867,1947.5,0.57903,ink,traced,2329.5,0.61396,ink,traced
31278,14796,25.8687,1947.5,0.57904,ink,traced,2330.0,0.61289,ink,traced
31279,14797,25.8705,1947.5,0.57904,ink,traced,2329.5,0.61394,ink,traced
31280,14798,25.8722,1947.5,0.57905,ink,traced,2329.5,0.61394,ink,traced
31281,14799,25.874,1947.5,0.57906,ink,traced,2330.5,0.6118,ink,traced
31282,14800,25.8757,1947.0,0.57802,ink,traced,2330.5,0.61179,ink,traced
31283,14801,25.8774,1947.5,0.57907,ink,traced,2329.5,0.61391,ink,traced
31284,14802,25.8792,1947.5,0.57908,ink,traced,2329.5,0.61391,ink,traced
31285,14803,25.8809,1947.5,0.57909,ink,traced,2329.5,0.6139,ink,traced
31286,14804,25.8827,1947.5,0.57909,ink,traced,2329.5,0.61389,ink,traced
31287,14805,25.8844,1947.5,0.5791,ink,traced,2329.5,0.61389,ink,traced
31288,14806,25.8861,1947.0,0.57806,ink,traced,2329.5,0.61388,ink,traced
31289,14807,25.8879,1947.0,0.57806,ink,traced,2329.5,0.61387,ink,traced
31290,14808,25.8896,1947.0,0.57807,ink,traced,2329.5,0.61386,ink,traced
31291,14809,25.8914,1947.0,0.57808,ink,traced,2329.5,0.61386,ink,traced
31292,14810,25.8931,1948.0,0.58018,ink,traced,2329.5,0.61385,ink,traced
31293,14811,25.8948,1947.5,0.57914,ink,traced,2329.5,0.61384,ink,traced
31294,14812,25.8966,1947.5,0.57915,ink,traced,2329.5,0.61384,ink,traced
31295,14813,25.8983,1947.5,0.57916,ink,traced,2329.5,0.61383,ink,traced
31296,14814,25.9001,1948.0,0.58021,ink,traced,2329.0,0.61489,ink,traced
31297,14815,25.9018,1948.0,0.58022,ink,traced,2329.0,0.61488,ink,traced
31298,14816,25.9035,1948.0,0.58023,ink,traced,2329.5,0.61381,ink,traced
31299,14817,25.9053,1947.5,0.57918,ink,traced,2329.5,0.6138,ink,traced
31300,14818,25.907,1947.5,0.57919,ink,traced,2330.0,0.61273,ink,traced
31301,14819,25.9087,1947.0,0.57815,ink,traced,2330.0,0.61272,ink,traced
31302,14820,25.9105,1947.0,0.57816,ink,traced,2330.0,0.61271,ink,traced
31303,14821,25.9122,1947.5,0.57921,ink,traced,2330.0,0.61271,ink,traced
31304,14822,25.914,1947.5,0.57922,ink,traced,2329.5,0.61376,ink,traced
31305,14823,25.9157,1947.0,0.57818,ink,traced,2330.0,0.61269,ink,traced
31306,14824,25.9174,1947.0,0.57818,ink,traced,2329.5,0.61375,ink,traced
31307,14825,25.9192,1947.0,0.57819,ink,traced,2329.5,0.61374,ink,traced
31308,14826,25.9209,1947.0,0.5782,ink,traced,2329.5,0.61374,ink,traced
31309,14827,25.9227,1947.0,0.5782,ink,traced,2329.0,0.61479,ink,traced
31310,14828,25.9244,1947.5,0.57926,ink,traced,2329.5,0.61372,ink,traced
31311,14829,25.9261,1947.0,0.57822,ink,traced,2329.5,0.61372,ink,traced
31312,14830,25.9279,1947.5,0.57927,ink,traced,2329.5,0.61371,ink,traced
31313,14831,25.9296,1947.5,0.57928,ink,traced,2329.0,0.61477,ink,traced
31314,14832,25.9314,1947.5,0.57929,ink,traced,2329.5,0.61369,ink,traced
31315,14833,25.9331,1947.5,0.5793,ink,traced,2329.5,0.61369,ink,traced
31316,14834,25.9348,1947.0,0.57825,ink,traced,2329.5,0.61368,ink,traced
31317,14835,25.9366,1947.5,0.57931,ink,traced,2330.0,0.61261,ink,traced
31318,14836,25.9383,1947.5,0.57932,ink,traced,2329.5,0.61367,ink,traced
31319,14837,25.94,1947.0,0.57827,ink,traced,2330.0,0.61259,ink,traced
31320,14838,25.9418,1947.0,0.57828,ink,traced,2330.0,0.61259,ink,traced
31321,14839,25.9435,1947.0,0.57829,ink,traced,2330.0,0.61258,ink,traced
31322,14840,25.9453,1947.5,0.57934,ink,traced,2330.0,0.61257,ink,traced
31323,14841,25.947,1949.5,0.58355,ink,traced,2329.5,0.61363,ink,traced
31324,14842,25.9487,1947.5,0.57936,ink,traced,2329.5,0.61362,ink,traced
31325,14843,25.9505,1947.5,0.57937,ink,traced,2329.0,0.61468,ink,traced
31326,14844,25.9522,1947.5,0.57937,ink,traced,2329.0,0.61467,ink,traced
31327,14845,25.954,1947.5,0.57938,ink,traced,2329.0,0.61467,ink,traced
31328,14846,25.9557,1947.5,0.57939,ink,traced,2329.5,0.61359,ink,traced
31329,14847,25.9574,1947.0,0.57834,ink,traced,2329.5,0.61359,ink,traced
31330,14848,25.9592,1947.0,0.57835,ink,traced,2329.5,0.61358,ink,traced
31331,14849,25.9609,1947.5,0.57941,ink,traced,2329.5,0.61357,ink,traced
31332,14850,25.9627,1947.5,0.57941,ink,traced,2329.5,0.61357,ink,traced
31333,14851,25.9644,1947.5,0.57942,ink,traced,2329.5,0.61356,ink,traced
31334,14852,25.9661,1948.0,0.58048,ink,traced,2329.5,0.61355,ink,traced
31335,14853,25.9679,1947.5,0.57944,ink,traced,2329.5,0.61354,ink,traced
31336,14854,25.9696,1948.0,0.58049,ink,traced,2329.5,0.61354,ink,traced
31337,14855,25.9714,1948.0,0.5805,ink,traced,2329.5,0.61353,ink,traced
31338,14856,25.9731,1947.5,0.57946,ink,traced,2329.0,0.61459,ink,traced
31339,14857,25.9748,1947.0,0.57841,ink,traced,2329.0,0.61458,ink,traced
31340,14858,25.9766,1947.0,0.57842,ink,traced,2329.5,0.61351,ink,traced
31341,14859,25.9783,1946.5,0.57738,ink,traced,2329.5,0.6135,ink,traced
31342,14860,25.98,1947.5,0.57948,ink,traced,2329.5,0.61349,ink,traced
31343,14861,25.9818,1947.0,0.57844,ink,traced,2330.5,0.61136,ink,traced
31344,14862,25.9835,1947.5,0.5795,ink,traced,2330.0,0.61242,ink,traced
31345,14863,25.9853,1950.0,0.58475,ink,traced,2330.5,0.61135,ink,traced
31346,14864,25.987,1947.5,0.57951,ink,traced,2330.5,0.61134,ink,traced
31347,14865,25.9887,1947.5,0.57952,ink,traced,2329.5,0.61346,ink,traced
31348,14866,25.9905,1947.5,0.57953,ink,traced,2329.5,0.61345,ink,traced
31349,14867,25.9922,1947.5,0.57953,ink,traced,2329.5,0.61345,ink,traced
31350,14868,25.994,1947.5,0.57954,ink,traced,2329.0,0.6145,ink,traced
31351,14869,25.9957,1948.0,0.5806,ink,traced,2330.0,0.61237,ink,traced
31352,14870,25.9974,1948.0,0.5806,ink,traced,2330.0,0.61236,ink,traced
31353,14871,25.9992,1948.0,0.58061,ink,traced,2330.0,0.61235,ink,traced
31354,14872,26.0009,1947.5,0.57957,ink,traced,2329.5,0.61341,ink,traced
31355,14873,26.0027,1948.0,0.58063,ink,traced,2329.5,0.6134,ink,traced
31356,14874,26.0044,1948.0,0.58063,ink,traced,2329.5,0.6134,ink,traced
31357,14875,26.0061,1947.0,0.57854,ink,traced,2329.5,0.61339,ink,traced
31358,14876,26.0079,1948.0,0.58065,ink,traced,2329.5,0.61338,ink,traced
31359,14877,26.0096,1948.0,0.58065,ink,traced,2329.5,0.61337,ink,traced
31360,14878,26.0113,1948.0,0.58066,ink,traced,2330.0,0.6123,ink,traced
31361,14879,26.0131,1948.0,0.58067,ink,traced,2330.0,0.6123,ink,traced
31362,14880,26.0148,1948.0,0.58067,ink,traced,2330.0,0.61229,ink,traced
31363,14881,26.0166,1948.0,0.58068,ink,traced,2329.5,0.61335,ink,traced
31364,14882,26.0183,1948.0,0.58069,ink,traced,2329.5,0.61334,ink,traced
31365,14883,26.02,1947.5,0.57965,ink,traced,2330.0,0.61227,ink,traced
31366,14884,26.0218,1947.5,0.57965,ink,traced,2330.5,0.6112,ink,traced
31367,14885,26.0235,1947.5,0.57966,ink,traced,2330.5,0.61119,ink,traced
31368,14886,26.0253,1947.0,0.57862,ink,traced,2329.5,0.61331,ink,traced
31369,14887,26.027,1947.0,0.57862,ink,traced,2329.5,0.6133,ink,traced
31370,14888,26.0287,1948.0,0.58073,ink,traced,2330.0,0.61223,ink,traced
31371,14889,26.0305,1947.5,0.57969,ink,traced,2330.5,0.61116,ink,traced
31372,14890,26.0322,1948.0,0.58074,ink,traced,2330.5,0.61115,ink,traced
31373,14891,26.034,1947.5,0.5797,ink,traced,2330.5,0.61115,ink,traced
31374,14892,26.0357,1948.0,0.58076,ink,traced,2330.0,0.6122,ink,traced
31375,14893,26.0374,1948.0,0.58077,ink,traced,2330.5,0.61113,ink,traced
31376,14894,26.0392,1948.0,0.58077,ink,traced,2329.5,0.61325,ink,traced
31377,14895,26.0409,1948.5,0.58183,ink,traced,2330.0,0.61218,ink,traced
31378,14896,26.0427,1949.5,0.58393,ink,traced,2330.0,0.61218,ink,traced
31379,14897,26.0444,1951.5,0.58814,ink,traced,2330.0,0.61217,ink,traced
31380,14898,26.0461,1954.0,0.59339,ink,traced,2330.0,0.61216,ink,traced
31381,14899,26.0479,1956.0,0.59759,ink,traced,2329.5,0.61322,ink,traced
31382,14900,26.0496,1958.5,0.60285,ink,traced,2329.5,0.61321,ink,traced
31383,14901,26.0513,1961.5,0.60915,ink,traced,2329.5,0.6132,ink,traced
31384,14902,26.0531,1966.5,0.61965,ink,traced,2329.5,0.6132,ink,traced
31385,14903,26.0548,1967.0,0.62071,ink,traced,2329.5,0.61319,ink,traced
31386,14904,26.0566,1970.0,0.62701,ink,traced,2329.5,0.61318,ink,traced
31387,14905,26.0583,1972.5,0.63226,ink,traced,2330.0,0.61211,ink,traced
31388,14906,26.06,1974.0,0.63542,ink,traced,2330.5,0.61104,ink,traced
31389,14907,26.0618,1975.5,0.63857,ink,traced,2330.5,0.61103,ink,traced
31390,14908,26.0635,1976.5,0.64068,ink,traced,2330.0,0.61209,ink,traced
31391,14909,26.0653,1980.0,0.64803,ink,traced,2329.5,0.61315,ink,traced
31392,14910,26.067,1981.0,0.65013,ink,traced,2330.0,0.61208,ink,traced
31393,14911,26.0687,1982.0,0.65224,ink,traced,2329.5,0.61313,ink,traced
31394,14912,26.0705,1983.0,0.65434,ink,traced,2329.5,0.61313,ink,traced
31395,14913,26.0722,1984.5,0.6575,ink,traced,2329.0,0.61418,ink,traced
31396,14914,26.074,1987.5,0.6638,ink,traced,2328.5,0.61524,ink,traced
31397,14915,26.0757,1989.5,0.668,ink,traced,2327.5,0.61736,ink,traced
31398,14916,26.0774,1991.0,0.67116,ink,traced,2326.5,0.61948,ink,traced
31399,14917,26.0792,1994.5,0.67851,ink,traced,2324.5,0.62373,ink,traced
31400,14918,26.0809,1997.5,0.68481,ink,traced,2323.0,0.62692,ink,traced
31401,14919,26.0827,1998.0,0.68587,ink,traced,2319.5,0.63436,ink,traced
31402,14920,26.0844,2000.5,0.69112,ink,traced,2315.5,0.64286,ink,traced
31403,14921,26.0861,2001.5,0.69323,ink,traced,2314.5,0.64499,ink,traced
31404,14922,26.0879,2004.0,0.69848,ink,traced,2312.0,0.6503,ink,traced
31405,14923,26.0896,2005.5,0.70164,ink,traced,2309.5,0.65561,ink,traced
31406,14924,26.0913,2007.0,0.70479,ink,traced,2307.0,0.66093,ink,traced
31407,14925,26.0931,2008.5,0.70794,ink,traced,2306.0,0.66305,ink,traced
31408,14926,26.0948,2011.0,0.7132,ink,traced,2303.5,0.66836,ink,traced
31409,14927,26.0966,2014.5,0.72055,ink,traced,2302.5,0.67048,ink,traced
31410,14928,26.0983,2014.5,0.72056,ink,traced,2301.5,0.6726,ink,traced
31411,14929,26.1,2017.0,0.72581,ink,traced,2299.5,0.67685,ink,traced
31412,14930,26.1018,2017.5,0.72687,ink,traced,2298.5,0.67897,ink,traced
31413,14931,26.1035,2020.0,0.73212,ink,traced,2296.5,0.68322,ink,traced
31414,14932,26.1053,2021.0,0.73422,ink,traced,2294.0,0.68854,ink,traced
31415,14933,26.107,2022.5,0.73738,ink,traced,2292.5,0.69172,ink,traced
31416,14934,26.1087,2023.5,0.73948,ink,traced,2290.5,0.69597,ink,traced
31417,14935,26.1105,2024.5,0.74159,ink,traced,2289.5,0.69809,ink,traced
31418,14936,26.1122,2026.0,0.74474,ink,traced,2287.5,0.70234,ink,traced
31419,14937,26.114,2027.5,0.7479,ink,traced,2285.5,0.70659,ink,traced
31420,14938,26.1157,2028.5,0.75,ink,traced,2284.5,0.70871,ink,traced
31421,14939,26.1174,2030.5,0.75421,ink,traced,2282.5,0.71296,ink,traced
31422,14940,26.1192,2032.0,0.75736,ink,traced,2280.0,0.71828,ink,traced
31423,14941,26.1209,2034.5,0.76262,ink,traced,2277.0,0.72465,ink,traced
31424,14942,26.1226,2037.5,0.76892,ink,traced,2276.5,0.72571,ink,traced
31425,14943,26.1244,2045.0,0.78466,ink,traced,2275.5,0.72783,ink,traced
31426,14944,26.1261,2046.0,0.78677,ink,traced,2273.5,0.73208,ink,traced
31427,14945,26.1279,2050.0,0.79517,ink,traced,2271.0,0.7374,ink,traced
31428,14946,26.1296,2053.0,0.80147,ink,traced,2269.5,0.74058,ink,traced
31429,14947,26.1313,2055.5,0.80673,ink,traced,2267.5,0.74483,ink,traced
31430,14948,26.1331,2059.0,0.81408,ink,traced,2266.5,0.74695,ink,traced
31431,14949,26.1348,2063.5,0.82353,ink,traced,2264.0,0.75226,ink,traced
31432,14950,26.1366,2065.0,0.82668,ink,traced,2262.0,0.75651,ink,traced
31433,14951,26.1383,2072.0,0.84138,ink,traced,2260.5,0.7597,ink,traced
31434,14952,26.14,2073.0,0.84348,ink,traced,2258.0,0.76501,ink,traced
31435,14953,26.1418,2075.0,0.84769,ink,traced,2256.0,0.76926,ink,traced
31436,14954,26.1435,2077.5,0.85294,ink,traced,2254.0,0.77351,ink,traced
31437,14955,26.1453,2078.0,0.854,ink,traced,2251.5,0.77883,ink,traced
31438,14956,26.147,2081.0,0.8603,ink,traced,2251.0,0.77988,ink,traced
31439,14957,26.1487,2085.0,0.8687,ink,traced,2251.0,0.77988,ink,traced
31440,14958,26.1505,2087.0,0.8729,faint,traced,2247.0,0.78838,ink,traced
31441,14959,26.1522,2090.0,0.87921,faint,traced,2247.0,0.78837,ink,traced
31442,14960,26.154,2091.0,0.88131,ink,traced,2242.0,0.79901,ink,traced
31443,14961,26.1557,2094.0,0.88761,ink,traced,2243.5,0.79581,ink,traced
31444,14962,26.1574,2094.0,0.88762,ink,traced,2242.5,0.79793,ink,traced
31445,14963,26.1592,2094.0,0.88763,ink,traced,2238.5,0.80644,ink,traced
31446,14964,26.1609,2097.0,0.89393,ink,traced,2238.0,0.80749,ink,traced
31447,14965,26.1626,2097.5,0.89499,ink,traced,2236.5,0.81068,ink,traced
31448,14966,26.1644,2097.5,0.89499,ink,traced,2235.0,0.81386,ink,traced
31449,14967,26.1661,2100.0,0.90025,ink,traced,2233.0,0.81811,ink,traced
31450,14968,26.1679,2099.0,0.89815,ink,traced,2231.5,0.8213,ink,traced
31451,14969,26.1696,2101.0,0.90236,ink,traced,2229.5,0.82555,ink,traced
31452,14970,26.1713,2101.0,0.90236,ink,traced,2229.0,0.8266,ink,traced
31453,14971,26.1731,2101.0,0.90237,ink,traced,2228.0,0.82873,ink,traced
31454,14972,26.1748,2100.0,0.90028,ink,traced,2226.0,0.83298,ink,traced
31455,14973,26.1766,2101.0,0.90239,ink,traced,2223.0,0.83935,ink,traced
31456,14974,26.1783,2101.0,0.90239,ink,traced,2222.5,0.84041,ink,traced
31457,14975,26.18,2101.0,0.9024,ink,traced,2221.0,0.8436,ink,traced
31458,14976,26.1818,2103.0,0.9066,ink,traced,2220.0,0.84572,ink,traced
31459,14977,26.1835,2103.0,0.90661,ink,traced,2219.0,0.84784,ink,traced
31460,14978,26.1853,2103.5,0.90767,ink,traced,2216.0,0.85422,ink,traced
31461,14979,26.187,2103.0,0.90662,ink,traced,2214.0,0.85846,ink,traced
31462,14980,26.1887,2103.0,0.90663,ink,traced,2213.0,0.86059,ink,traced
31463,14981,26.1905,2104.0,0.90874,ink,traced,2212.5,0.86164,ink,traced
31464,14982,26.1922,2104.0,0.90874,ink,traced,2212.0,0.8627,ink,traced
31465,14983,26.1939,2104.0,0.90875,ink,traced,2211.0,0.86482,ink,traced
31466,14984,26.1957,2104.0,0.90876,ink,traced,2209.0,0.86907,ink,traced
31467,14985,26.1974,2104.0,0.90877,ink,traced,2207.0,0.87332,ink,traced
31468,14986,26.1992,2104.5,0.90982,ink,traced,2208.0,0.87118,ink,traced
31469,14987,26.2009,2104.5,0.90983,ink,traced,2205.0,0.87756,ink,traced
31470,14988,26.2026,2104.0,0.90879,ink,traced,2205.0,0.87756,ink,traced
31471,14989,26.2044,2105.0,0.91089,ink,traced,2202.0,0.88393,ink,traced
31472,14990,26.2061,2104.5,0.90985,ink,traced,2200.5,0.88712,ink,traced
31473,14991,26.2079,2106.0,0.913,ink,traced,2200.5,0.88711,ink,traced
31474,14992,26.2096,2105.5,0.91196,ink,traced,2201.0,0.88604,ink,traced
31475,14993,26.2113,2105.5,0.91197,ink,traced,2200.0,0.88816,ink,traced
31476,14994,26.2131,2105.0,0.91093,ink,traced,2197.5,0.89347,ink,traced
31477,14995,26.2148,2106.5,0.91408,ink,traced,2198.0,0.8924,ink,traced
31478,14996,26.2166,2105.5,0.91199,ink,traced,2196.0,0.89665,ink,traced
31479,14997,26.2183,2105.5,0.912,ink,traced,2195.0,0.89877,ink,traced
31480,14998,26.22,2105.0,0.91095,ink,traced,2194.5,0.89983,ink,traced
31481,14999,26.2218,2105.5,0.91201,ink,traced,2193.0,0.90302,ink,traced
31482,15000,26.2235,2105.5,0.91202,ink,traced,2190.0,0.90939,ink,traced
31483,15001,26.2253,2105.5,0.91202,ink,traced,2191.0,0.90726,ink,traced
31484,15002,26.227,2106.5,0.91413,ink,traced,2187.5,0.9147,ink,traced
31485,15003,26.2287,2106.0,0.91309,ink,traced,2186.5,0.91682,ink,traced
31486,15004,26.2305,2105.5,0.91205,ink,traced,2186.0,0.91788,ink,traced
31487,15005,26.2322,2105.5,0.91205,ink,traced,2186.0,0.91787,ink,traced
31488,15006,26.2339,2106.0,0.91311,ink,traced,2185.5,0.91893,ink,traced
31489,15007,26.2357,2106.5,0.91417,ink,traced,2185.0,0.91999,ink,traced
31490,15008,26.2374,2106.0,0.91312,ink,traced,2184.5,0.92104,ink,traced
31491,15009,26.2392,2106.0,0.91313,ink,traced,2184.5,0.92104,ink,traced
31492,15010,26.2409,2104.5,0.90999,ink,traced,2183.5,0.92316,ink,traced
31493,15011,26.2426,2106.0,0.91314,ink,traced,2183.0,0.92421,ink,traced
31494,15012,26.2444,2106.0,0.91315,ink,traced,2181.5,0.9274,ink,traced
31495,15013,26.2461,2106.0,0.91316,ink,traced,2180.5,0.92952,ink,traced
31496,15014,26.2479,2106.0,0.91317,ink,traced,2180.0,0.93058,ink,traced
31497,15015,26.2496,2105.5,0.91212,ink,traced,2179.5,0.93163,ink,traced
31498,15016,26.2513,2106.0,0.91318,ink,traced,2179.0,0.93269,ink,traced
31499,15017,26.2531,2106.5,0.91424,ink,traced,2178.0,0.93481,ink,traced
31500,15018,26.2548,2107.0,0.91529,ink,traced,2178.0,0.93481,ink,traced
31501,15019,26.2566,2106.0,0.9132,ink,traced,2178.0,0.9348,ink,traced
31502,15020,26.2583,2106.5,0.91426,ink,traced,2178.5,0.93373,ink,traced
31503,15021,26.26,2106.5,0.91426,ink,traced,2184.0,0.92201,ink,traced
31504,15022,26.2618,2106.5,0.91427,ink,traced,2186.0,0.91775,ink,traced
31505,15023,26.2635,2106.5,0.91428,ink,traced,2193.5,0.90178,ink,traced
31506,15024,26.2652,2106.5,0.91428,ink,traced,2199.0,0.89007,ink,traced
31507,15025,26.267,2106.5,0.91429,ink,traced,2211.0,0.86452,ink,traced
31508,15026,26.2687,2106.5,0.9143,ink,traced,2215.0,0.856,ink,traced
31509,15027,26.2705,2106.5,0.91431,ink,traced,2220.0,0.84535,ink,traced
31510,15028,26.2722,2106.5,0.91431,ink,traced,2227.0,0.83045,ink,traced
31511,15029,26.2739,2106.5,0.91432,ink,traced,2236.0,0.81129,ink,traced
31512,15030,26.2757,2106.5,0.91433,ink,traced,2257.0,0.76659,ink,traced
31513,15031,26.2774,2106.0,0.91328,ink,traced,2268.5,0.7421,ink,traced
31514,15032,26.2792,2106.0,0.91329,ink,traced,2282.0,0.71337,ink,traced
31515,15033,26.2809,2106.0,0.9133,ink,traced,2296.0,0.68356,ink,traced
31516,15034,26.2826,2106.0,0.91331,ink,traced,2304.0,0.66653,ink,traced
31517,15035,26.2844,2106.0,0.91331,ink,traced,2332.0,0.60693,ink,traced
31518,15036,26.2861,2106.0,0.91332,ink,traced,2333.0,0.6048,ink,traced
31519,15037,26.2879,2106.5,0.91438,ink,traced,2333.0,0.60479,ink,traced
31520,15038,26.2896,2106.5,0.91438,ink,traced,2333.0,0.60478,ink,traced
31521,15039,26.2913,2106.5,0.91439,ink,traced,2333.0,0.60477,ink,traced
31522,15040,26.2931,2106.5,0.9144,ink,traced,2332.0,0.6069,ink,traced
31523,15041,26.2948,2106.5,0.9144,ink,traced,2329.0,0.61327,ink,traced
31524,15042,26.2966,2107.0,0.91546,ink,traced,2329.5,0.6122,ink,traced
31525,15043,26.2983,2106.0,0.91337,ink,traced,2327.0,0.61752,ink,traced
31526,15044,26.3,2106.0,0.91338,ink,traced,2323.5,0.62496,ink,traced
31527,15045,26.3018,2106.5,0.91443,ink,traced,2323.0,0.62601,ink,traced
31528,15046,26.3035,2107.0,0.91549,ink,traced,2323.5,0.62494,ink,traced
31529,15047,26.3052,2106.5,0.91445,ink,traced,2323.5,0.62494,ink,traced
31530,15048,26.307,2107.0,0.9155,ink,traced,2325.0,0.62174,ink,traced
31531,15049,26.3087,2107.5,0.91656,ink,traced,2324.0,0.62386,ink,traced
31532,15050,26.3105,2108.0,0.91761,ink,traced,2324.0,0.62385,ink,traced
31533,15051,26.3122,2107.5,0.91657,ink,traced,2323.5,0.62491,ink,traced
31534,15052,26.3139,2096.0,0.89245,ink,traced,2324.0,0.62384,ink,traced
31535,15053,26.3157,2092.0,0.88406,ink,traced,2324.5,0.62277,ink,traced
31536,15054,26.3174,2088.0,0.87567,ink,traced,2326.0,0.61957,ink,traced
31537,15055,26.3192,2084.0,0.86729,ink,traced,2326.0,0.61956,ink,traced
31538,15056,26.3209,2071.5,0.84106,ink,traced,2326.5,0.61849,ink,traced
31539,15057,26.3226,2063.0,0.82323,ink,traced,2327.0,0.61742,ink,traced
31540,15058,26.3244,2055.5,0.8075,ink,traced,2327.0,0.61741,ink,traced
31541,15059,26.3261,2052.0,0.80016,ink,traced,2327.5,0.61634,ink,traced
31542,15060,26.3279,2040.0,0.77499,ink,traced,2327.5,0.61633,ink,traced
31543,15061,26.3296,2028.5,0.75087,ink,traced,2327.5,0.61632,ink,traced
31544,15062,26.3313,2014.0,0.72045,ink,traced,2328.0,0.61525,ink,traced
31545,15063,26.3331,1999.0,0.68898,ink,traced,2328.5,0.61418,ink,traced
31546,15064,26.3348,1997.0,0.68479,ink,traced,2329.0,0.61311,ink,traced
31547,15065,26.3365,1990.0,0.6701,ink,traced,2329.0,0.6131,ink,traced
31548,15066,26.3383,1904.0,0.48953,rule,traced,2329.0,0.6131,ink,traced
31549,15067,26.34,1937.0,0.5589,faint,traced,2330.0,0.61096,ink,traced
31550,15068,26.3418,1937.0,0.55891,faint,traced,2330.0,0.61095,ink,traced
31551,15069,26.3435,1943.0,0.57151,faint,traced,2329.0,0.61307,ink,traced
31552,15070,26.3452,1944.0,0.57361,ink,traced,2330.0,0.61094,ink,traced
31553,15071,26.347,1949.0,0.58411,ink,traced,2329.5,0.612,ink,traced
31554,15072,26.3487,1952.0,0.59041,ink,traced,2329.5,0.61199,ink,traced
31555,15073,26.3505,1955.5,0.59776,ink,traced,2331.5,0.60773,ink,traced
31556,15074,26.3522,1957.0,0.60092,ink,traced,2330.0,0.61091,ink,traced
31557,15075,26.3539,1960.0,0.60722,ink,traced,2330.5,0.60984,ink,traced
31558,15076,26.3557,1957.0,0.60093,ink,traced,2330.0,0.6109,ink,traced
31559,15077,26.3574,1959.5,0.60619,ink,traced,2330.0,0.61089,ink,traced
31560,15078,26.3592,1958.5,0.60409,ink,traced,2329.5,0.61195,ink,traced
31561,15079,26.3609,1948.5,0.58312,ink,traced,2329.5,0.61194,ink,traced
31562,15080,26.3626,1947.0,0.57998,ink,traced,2329.5,0.61193,ink,traced
31563,15081,26.3644,1949.5,0.58523,ink,traced,2330.0,0.61086,ink,traced
31564,15082,26.3661,1947.5,0.58104,ink,traced,2329.5,0.61192,ink,traced
31565,15083,26.3679,1946.0,0.5779,ink,traced,2329.5,0.61191,ink,traced
31566,15084,26.3696,1945.0,0.57581,ink,traced,2329.5,0.6119,ink,traced
31567,15085,26.3713,1944.5,0.57477,ink,traced,2329.5,0.6119,ink,traced
31568,15086,26.3731,1944.5,0.57477,ink,traced,2330.0,0.61083,ink,traced
31569,15087,26.3748,1944.5,0.57478,ink,traced,2330.0,0.61082,ink,traced
31570,15088,26.3765,1944.0,0.57374,ink,traced,2330.0,0.61081,ink,traced
31571,15089,26.3783,1945.0,0.57584,ink,traced,2330.0,0.6108,ink,traced
31572,15090,26.38,1945.0,0.57585,ink,traced,2329.5,0.61186,ink,traced
31573,15091,26.3818,1945.0,0.57586,ink,traced,2330.0,0.61079,ink,traced
31574,15092,26.3835,1945.5,0.57691,ink,traced,2330.0,0.61078,ink,traced
31575,15093,26.3852,1945.5,0.57692,ink,traced,2329.5,0.61184,ink,traced
31576,15094,26.387,1946.0,0.57798,ink,traced,2329.5,0.61183,ink,traced
31577,15095,26.3887,1946.0,0.57798,ink,traced,2330.5,0.6097,ink,traced
31578,15096,26.3905,1945.5,0.57694,ink,traced,2330.0,0.61075,ink,traced
31579,15097,26.3922,1945.5,0.57695,ink,traced,2329.0,0.61288,ink,traced
31580,15098,26.3939,1945.5,0.57695,ink,traced,2329.0,0.61287,ink,traced
31581,15099,26.3957,1945.5,0.57696,ink,traced,2329.0,0.61286,ink,traced
31582,15100,26.3974,1945.5,0.57697,ink,traced,2329.5,0.61179,ink,traced
31583,15101,26.3992,1945.5,0.57698,ink,traced,2329.5,0.61178,ink,traced
31584,15102,26.4009,1945.5,0.57698,ink,traced,2329.5,0.61178,ink,traced
31585,15103,26.4026,1945.0,0.57594,ink,traced,2330.0,0.6107,ink,traced
31586,15104,26.4044,1945.0,0.57595,ink,traced,2329.5,0.61176,ink,traced
31587,15105,26.4061,1945.0,0.57595,ink,traced,2330.0,0.61069,ink,traced
31588,15106,26.4078,1945.0,0.57596,ink,traced,2330.0,0.61068,ink,traced
31589,15107,26.4096,1945.5,0.57702,ink,traced,2330.0,0.61068,ink,traced
31590,15108,26.4113,1945.0,0.57598,ink,traced,2330.0,0.61067,ink,traced
31591,15109,26.4131,1945.5,0.57703,ink,traced,2329.5,0.61173,ink,traced
31592,15110,26.4148,1945.0,0.57599,ink,traced,2330.0,0.61066,ink,traced
31593,15111,26.4165,1945.0,0.576,ink,traced,2330.0,0.61065,ink,traced
31594,15112,26.4183,1945.0,0.576,ink,traced,2330.0,0.61064,ink,traced
31595,15113,26.42,1944.5,0.57496,ink,traced,2330.0,0.61063,ink,traced
31596,15114,26.4218,1945.0,0.57602,ink,traced,2330.0,0.61063,ink,traced
31597,15115,26.4235,1945.0,0.57602,ink,traced,2330.0,0.61062,ink,traced
31598,15116,26.4252,1944.5,0.57498,ink,traced,2330.5,0.60955,ink,traced
31599,15117,26.427,1945.0,0.57604,ink,traced,2330.0,0.61061,ink,traced
31600,15118,26.4287,1945.0,0.57605,ink,traced,2330.0,0.6106,ink,traced
31601,15119,26.4305,1945.5,0.5771,ink,traced,2329.5,0.61166,ink,traced
31602,15120,26.4322,1945.5,0.57711,ink,traced,2330.0,0.61058,ink,traced
31603,15121,26.4339,1945.5,0.57712,ink,traced,2330.0,0.61058,ink,traced
31604,15122,26.4357,1945.5,0.57712,ink,traced,2329.5,0.61163,ink,traced
31605,15123,26.4374,1946.5,0.57923,ink,traced,2329.0,0.61269,ink,traced
31606,15124,26.4392,1953.0,0.59288,ink,traced,2329.0,0.61268,ink,traced
31607,15125,26.4409,1950.5,0.58764,ink,traced,2329.5,0.61161,ink,traced
31608,15126,26.4426,1955.0,0.59709,ink,traced,2329.5,0.61161,ink,traced
31609,15127,26.4444,1963.0,0.61388,ink,traced,2330.0,0.61053,ink,traced
31610,15128,26.4461,1965.5,0.61913,ink,traced,2330.0,0.61053,ink,traced
31611,15129,26.4478,1975.0,0.63908,ink,traced,2330.0,0.61052,ink,traced
31612,15130,26.4496,1973.5,0.63593,ink,traced,2330.0,0.61051,ink,traced
31613,15131,26.4513,1979.0,0.64748,ink,traced,2330.0,0.61051,ink,traced
31614,15132,26.4531,1981.5,0.65274,ink,traced,2329.5,0.61156,ink,traced
31615,15133,26.4548,1984.5,0.65904,ink,traced,2330.0,0.61049,ink,traced
31616,15134,26.4565,1988.5,0.66744,ink,traced,2330.0,0.61048,ink,traced
31617,15135,26.4583,1993.0,0.67689,ink,traced,2329.5,0.61154,ink,traced
31618,15136,26.46,1995.5,0.68214,ink,traced,2329.5,0.61153,ink,traced
31619,15137,26.4618,2000.0,0.69159,ink,traced,2329.5,0.61153,ink,traced
31620,15138,26.4635,2000.5,0.69265,ink,traced,2329.5,0.61152,ink,traced
31621,15139,26.4652,2005.5,0.70315,ink,traced,2330.0,0.61045,ink,traced
31622,15140,26.467,2009.0,0.7105,ink,traced,2330.0,0.61044,ink,traced
31623,15141,26.4687,2013.5,0.71995,ink,traced,2330.0,0.61044,ink,traced
31624,15142,26.4705,2018.0,0.7294,ink,traced,2329.5,0.61149,ink,traced
31625,15143,26.4722,2019.5,0.73255,ink,traced,2329.5,0.61149,ink,traced
31626,15144,26.4739,2021.5,0.73676,ink,traced,2329.5,0.61148,ink,traced
31627,15145,26.4757,2026.0,0.74621,ink,traced,2329.0,0.61253,ink,traced
31628,15146,26.4774,2029.0,0.75251,ink,traced,2329.5,0.61146,ink,traced
31629,15147,26.4791,2032.5,0.75986,ink,traced,2329.0,0.61252,ink,traced
31630,15148,26.4809,2036.5,0.76826,ink,traced,2329.5,0.61145,ink,traced
31631,15149,26.4826,2039.5,0.77456,ink,traced,2329.0,0.61251,ink,traced
31632,15150,26.4844,2043.5,0.78297,ink,traced,2330.0,0.61037,ink,traced
31633,15151,26.4861,2046.0,0.78822,ink,traced,2330.0,0.61036,ink,traced
31634,15152,26.4878,2051.0,0.79872,ink,traced,2330.5,0.60929,ink,traced
31635,15153,26.4896,2052.0,0.80082,ink,traced,2330.0,0.61035,ink,traced
31636,15154,26.4913,2056.5,0.81027,ink,traced,2330.0,0.61034,ink,traced
31637,15155,26.4931,2060.0,0.81762,ink,traced,2330.0,0.61034,ink,traced
31638,15156,26.4948,2063.0,0.82393,ink,traced,2329.5,0.61139,ink,traced
31639,15157,26.4965,2067.0,0.83233,ink,traced,2332.5,0.605,ink,traced
31640,15158,26.4983,2071.0,0.84073,ink,traced,2329.5,0.61138,ink,traced
31641,15159,26.5,2073.5,0.84598,ink,traced,2329.5,0.61137,ink,traced
31642,15160,26.5018,2077.5,0.85438,ink,traced,2329.0,0.61243,ink,traced
31643,15161,26.5035,2080.0,0.85964,ink,traced,2329.0,0.61242,ink,traced
31644,15162,26.5052,2081.0,0.86174,ink,traced,2329.0,0.61241,ink,traced
31645,15163,26.507,2085.5,0.87119,ink,traced,2330.0,0.61028,ink,traced
31646,15164,26.5087,2088.0,0.87644,ink,traced,2329.5,0.61134,ink,traced
31647,15165,26.5105,2088.5,0.8775,ink,traced,2329.5,0.61133,ink,traced
31648,15166,26.5122,2093.0,0.88695,ink,traced,2330.0,0.61026,ink,traced
31649,15167,26.5139,2097.0,0.89535,ink,traced,2329.5,0.61131,ink,traced
31650,15168,26.5157,2097.5,0.89641,ink,traced,2329.0,0.61237,ink,traced
31651,15169,26.5174,2098.0,0.89746,ink,traced,2329.0,0.61236,ink,traced
31652,15170,26.5191,2101.0,0.90377,ink,traced,2329.0,0.61236,ink,traced
31653,15171,26.5209,2103.0,0.90797,ink,traced,2330.0,0.61022,ink,traced
31654,15172,26.5226,2106.0,0.91427,ink,traced,2329.0,0.61234,ink,traced
31655,15173,26.5244,2106.0,0.91428,ink,traced,2329.5,0.61127,ink,traced
31656,15174,26.5261,2141.0,0.98773,rule,traced,2329.5,0.61126,ink,traced
31657,15175,26.5278,2141.0,0.98774,rule,traced,2329.5,0.61126,ink,traced
31658,15176,26.5296,2141.0,0.98774,rule,traced,2330.0,0.61019,ink,traced
31659,15177,26.5313,2141.0,0.98775,rule,traced,2330.0,0.61018,ink,traced
31660,15178,26.5331,2141.0,0.98776,rule,traced,2329.5,0.61124,ink,traced
31661,15179,26.5348,2141.0,0.98777,rule,traced,2329.5,0.61123,ink,traced
31662,15180,26.5365,2141.0,0.98777,rule,traced,2330.0,0.61016,ink,traced
31663,15181,26.5383,2141.0,0.98778,rule,traced,2329.0,0.61228,ink,traced
31664,15182,26.54,2141.0,0.98779,rule,traced,2330.0,0.61014,ink,traced
31665,15183,26.5418,2104.5,0.9112,ink,traced,2329.5,0.6112,ink,traced
31666,15184,26.5435,2106.0,0.91436,ink,traced,2329.5,0.61119,ink,traced
31667,15185,26.5452,2106.0,0.91436,ink,traced,2329.5,0.61119,ink,traced
31668,15186,26.547,2105.5,0.91332,ink,traced,2329.0,0.61224,ink,traced
31669,15187,26.5487,2106.0,0.91438,ink,traced,2329.0,0.61224,ink,traced
31670,15188,26.5504,2106.5,0.91543,ink,traced,2329.5,0.61117,ink,traced
31671,15189,26.5522,2105.0,0.91229,ink,traced,2330.0,0.61009,ink,traced
31672,15190,26.5539,2105.5,0.91335,ink,traced,2329.0,0.61222,ink,traced
31673,15191,26.5557,2105.5,0.91336,ink,traced,2329.0,0.61221,ink,traced
31674,15192,26.5574,2105.5,0.91336,ink,traced,2329.0,0.6122,ink,traced
31675,15193,26.5591,2105.0,0.91232,ink,traced,2329.0,0.61219,ink,traced
31676,15194,26.5609,2104.0,0.91023,ink,traced,2329.5,0.61112,ink,traced
31677,15195,26.5626,2104.5,0.91129,ink,traced,2330.0,0.61005,ink,traced
31678,15196,26.5644,2105.0,0.91234,ink,traced,2329.5,0.61111,ink,traced
31679,15197,26.5661,2104.5,0.9113,ink,traced,2330.0,0.61004,ink,traced
31680,15198,26.5678,2105.0,0.91236,ink,traced,2329.0,0.61216,ink,traced
31681,15199,26.5696,2105.5,0.91341,ink,traced,2329.0,0.61215,ink,traced
31682,15200,26.5713,2105.0,0.91237,ink,traced,2329.0,0.61214,ink,traced
31683,15201,26.5731,2105.5,0.91343,ink,traced,2329.0,0.61214,ink,traced
31684,15202,26.5748,2106.5,0.91553,ink,traced,2330.0,0.61,ink,traced
31685,15203,26.5765,2105.5,0.91344,ink,traced,2329.0,0.61212,ink,traced
31686,15204,26.5783,2106.5,0.91554,ink,traced,2329.5,0.61105,ink,traced
31687,15205,26.58,2106.0,0.9145,ink,traced,2329.0,0.61211,ink,traced
31688,15206,26.5818,2105.5,0.91346,ink,traced,2329.0,0.6121,ink,traced
31689,15207,26.5835,2105.5,0.91347,ink,traced,2329.0,0.61209,ink,traced
31690,15208,26.5852,2106.0,0.91452,ink,traced,2329.5,0.61102,ink,traced
31691,15209,26.587,2106.0,0.91453,ink,traced,2329.5,0.61102,ink,traced
31692,15210,26.5887,2106.0,0.91454,ink,traced,2329.5,0.61101,ink,traced
31693,15211,26.5904,2106.0,0.91454,ink,traced,2330.0,0.60994,ink,traced
31694,15212,26.5922,2105.5,0.9135,ink,traced,2329.5,0.61099,ink,traced
31695,15213,26.5939,2105.5,0.91351,ink,traced,2330.0,0.60992,ink,traced
31696,15214,26.5957,2105.5,0.91352,ink,traced,2329.0,0.61204,ink,traced
31697,15215,26.5974,2105.5,0.91352,ink,traced,2329.0,0.61204,ink,traced
31698,15216,26.5991,2105.5,0.91353,ink,traced,2329.0,0.61203,ink,traced
31699,15217,26.6009,2105.5,0.91354,ink,traced,2329.0,0.61202,ink,traced
31700,15218,26.6026,2105.5,0.91354,ink,traced,2329.5,0.61095,ink,traced
31701,15219,26.6044,2105.5,0.91355,ink,traced,2329.0,0.61201,ink,traced
31702,15220,26.6061,2105.5,0.91356,ink,traced,2329.0,0.612,ink,traced
31703,15221,26.6078,2105.5,0.91357,ink,traced,2329.0,0.612,ink,traced
31704,15222,26.6096,2104.5,0.91147,ink,traced,2329.0,0.61199,ink,traced
31705,15223,26.6113,2105.0,0.91253,ink,traced,2329.0,0.61198,ink,traced
31706,15224,26.6131,2104.5,0.91149,ink,traced,2329.5,0.61091,ink,traced
31707,15225,26.6148,2104.5,0.9115,ink,traced,2329.0,0.61197,ink,traced
31708,15226,26.6165,2104.5,0.9115,ink,traced,2329.5,0.6109,ink,traced
31709,15227,26.6183,2105.0,0.91256,ink,traced,2329.5,0.61089,ink,traced
31710,15228,26.62,2104.5,0.91152,ink,traced,2328.5,0.61301,ink,traced
31711,15229,26.6217,2104.5,0.91152,ink,traced,2329.0,0.61194,ink,traced
31712,15230,26.6235,2103.5,0.90943,ink,traced,2329.5,0.61087,ink,traced
31713,15231,26.6252,2104.5,0.91154,ink,traced,2329.0,0.61192,ink,traced
31714,15232,26.627,2103.5,0.90945,ink,traced,2329.0,0.61192,ink,traced
31715,15233,26.6287,2104.5,0.91155,ink,traced,2329.5,0.61085,ink,traced
31716,15234,26.6304,2105.0,0.91261,ink,traced,2329.5,0.61084,ink,traced
31717,15235,26.6322,2104.5,0.91157,ink,traced,2329.5,0.61083,ink,traced
31718,15236,26.6339,2104.5,0.91157,ink,traced,2329.5,0.61082,ink,traced
31719,15237,26.6357,2106.5,0.91578,ink,traced,2329.5,0.61082,ink,traced
31720,15238,26.6374,2103.5,0.90949,ink,traced,2329.0,0.61187,ink,traced
31721,15239,26.6391,2103.5,0.90949,ink,traced,2329.5,0.6108,ink,traced
31722,15240,26.6409,2104.0,0.91055,ink,traced,2329.0,0.61186,ink,traced
31723,15241,26.6426,2104.5,0.91161,ink,traced,2329.0,0.61185,ink,traced
31724,15242,26.6444,2105.5,0.91371,ink,traced,2329.0,0.61185,ink,traced
31725,15243,26.6461,2105.0,0.91267,ink,traced,2329.0,0.61184,ink,traced
31726,15244,26.6478,2106.0,0.91478,ink,traced,2328.5,0.6129,ink,traced
31727,15245,26.6496,2106.0,0.91478,ink,traced,2329.5,0.61076,ink,traced
31728,15246,26.6513,2106.0,0.91479,ink,traced,2329.5,0.61075,ink,traced
31729,15247,26.6531,2105.5,0.91375,ink,traced,2329.5,0.61075,ink,traced
31730,15248,26.6548,2105.0,0.91271,ink,traced,2335.0,0.59903,ink,traced
31731,15249,26.6565,2106.5,0.91586,ink,traced,2337.0,0.59477,ink,traced
31732,15250,26.6583,2106.5,0.91587,ink,traced,2340.0,0.58838,ink,traced
31733,15251,26.66,2106.0,0.91482,ink,traced,2342.0,0.58411,ink,traced
31734,15252,26.6617,2106.0,0.91483,ink,traced,2343.0,0.58198,ink,traced
31735,15253,26.6635,2106.0,0.91484,ink,traced,2344.0,0.57984,ink,traced
31736,15254,26.6652,2106.5,0.9159,ink,traced,2345.0,0.57771,ink,traced
31737,15255,26.667,2106.5,0.9159,ink,traced,2345.0,0.5777,ink,traced
31738,15256,26.6687,2106.5,0.91591,ink,traced,2342.5,0.58301,ink,traced
31739,15257,26.6704,2106.5,0.91592,ink,traced,2345.0,0.57769,ink,traced
31740,15258,26.6722,2107.0,0.91697,ink,traced,2346.5,0.57449,ink,traced
31741,15259,26.6739,2106.0,0.91488,ink,traced,2347.0,0.57342,ink,traced
31742,15260,26.6757,2106.5,0.91594,ink,traced,2347.5,0.57235,ink,traced
31743,15261,26.6774,2105.0,0.9128,ink,traced,2347.5,0.57234,ink,traced
31744,15262,26.6791,2106.5,0.91595,ink,traced,2348.0,0.57127,ink,traced
31745,15263,26.6809,2106.5,0.91596,ink,traced,2347.5,0.57232,ink,traced
31746,15264,26.6826,2106.5,0.91597,ink,traced,2347.5,0.57232,ink,traced
31747,15265,26.6844,2105.5,0.91387,ink,traced,2347.5,0.57231,ink,traced
31748,15266,26.6861,2105.5,0.91388,ink,traced,2348.0,0.57124,ink,traced
31749,15267,26.6878,2107.0,0.91704,ink,traced,2348.0,0.57123,ink,traced
31750,15268,26.6896,2106.5,0.91599,ink,traced,2348.5,0.57016,ink,traced
31751,15269,26.6913,2107.0,0.91704,ink,traced,2348.0,0.57122,ink,traced
31752,15270,26.6931,2106.5,0.91599,ink,traced,2347.5,0.57229,ink,traced
31753,15271,26.6948,2106.5,0.91599,ink,traced,2348.0,0.57122,ink,traced
31754,15272,26.6965,2107.0,0.91704,ink,traced,2347.0,0.57335,ink,traced
31755,15273,26.6983,2106.5,0.91599,ink,traced,2347.5,0.57229,ink,traced
31756,15274,26.7,2106.5,0.91599,ink,traced,2348.0,0.57122,ink,traced
31757,15275,26.7017,2106.5,0.91599,ink,traced,2348.0,0.57122,ink,traced
31758,15276,26.7035,2106.5,0.91599,ink,traced,2348.0,0.57122,ink,traced
31759,15277,26.7052,2106.5,0.91599,ink,traced,2347.5,0.57229,ink,traced
31760,15278,26.707,2106.5,0.91599,ink,traced,2347.5,0.57229,ink,traced
31761,15279,26.7087,2106.5,0.91599,ink,traced,2347.5,0.57229,ink,traced
31762,15280,26.7104,2107.0,0.91704,ink,traced,2347.5,0.57229,ink,traced
31763,15281,26.7122,2106.5,0.91599,ink,traced,2347.5,0.57229,ink,traced
31764,15282,26.7139,2106.5,0.91599,ink,traced,2347.5,0.57229,ink,traced
31765,15283,26.7157,2106.5,0.91599,ink,traced,2348.5,0.57016,ink,traced
31766,15284,26.7174,2106.5,0.91599,ink,traced,2347.5,0.57229,ink,traced
31767,15285,26.7191,2106.5,0.91599,ink,traced,2348.0,0.57122,ink,traced
31768,15286,26.7209,2107.0,0.91704,ink,traced,2347.0,0.57335,ink,traced
31769,15287,26.7226,2106.0,0.91494,ink,traced,2348.0,0.57122,ink,traced
31770,15288,26.7244,2107.0,0.91704,ink,traced,2347.0,0.57335,ink,traced
31771,15289,26.7261,2107.0,0.91704,ink,traced,2348.0,0.57122,ink,traced
31772,15290,26.7278,2106.5,0.91599,ink,traced,2347.5,0.57229,ink,traced
31773,15291,26.7296,2107.0,0.91704,ink,traced,2348.0,0.57122,ink,traced
31774,15292,26.7313,2105.0,0.91285,ink,traced,2348.0,0.57122,ink,traced
31775,15293,26.733,2106.5,0.91599,ink,traced,2348.0,0.57122,ink,traced
31776,15294,26.7348,2107.0,0.91704,ink,traced,2347.0,0.57335,ink,traced
31777,15295,26.7365,2106.0,0.91494,ink,traced,2347.0,0.57335,ink,traced
31778,15296,26.7383,2107.5,0.91809,ink,traced,2347.0,0.57335,ink,traced
31779,15297,26.74,2107.5,0.91809,ink,traced,2346.5,0.57442,ink,traced
31780,15298,26.7417,2107.5,0.91809,ink,traced,2346.5,0.57442,ink,traced
31781,15299,26.7435,2105.0,0.91285,ink,traced,2346.0,0.57548,ink,traced
31782,15300,26.7452,2106.0,0.91494,ink,traced,2346.0,0.57548,ink,traced
31783,15301,26.747,2107.0,0.91704,ink,traced,2345.5,0.57654,ink,traced
31784,15302,26.7487,2107.0,0.91704,ink,traced,2345.5,0.57654,ink,traced
31785,15303,26.7504,2106.5,0.91599,ink,traced,2345.5,0.57654,ink,traced
31786,15304,26.7522,2107.0,0.91704,ink,traced,2345.5,0.57654,ink,traced
31787,15305,26.7539,2107.0,0.91704,ink,traced,2345.5,0.57654,ink,traced
31788,15306,26.7557,2107.0,0.91704,ink,traced,2345.0,0.57761,ink,traced
31789,15307,26.7574,2106.5,0.91599,ink,traced,2345.0,0.57761,ink,traced
31790,15308,26.7591,2106.5,0.91599,ink,traced,2344.5,0.57867,ink,traced
31791,15309,26.7609,2106.5,0.91599,ink,traced,2345.0,0.57761,ink,traced
31792,15310,26.7626,2106.5,0.91599,ink,traced,2345.0,0.57761,ink,traced
31793,15311,26.7644,2106.0,0.91494,ink,traced,2345.0,0.57761,ink,traced
31794,15312,26.7661,2107.0,0.91704,ink,traced,2344.5,0.57867,ink,traced
31795,15313,26.7678,2106.5,0.91599,ink,traced,2344.5,0.57867,ink,traced
31796,15314,26.7696,2106.0,0.91494,ink,traced,2343.5,0.5808,ink,traced
31797,15315,26.7713,2107.0,0.91704,ink,traced,2344.0,0.57974,ink,traced
31798,15316,26.773,2107.0,0.91704,ink,traced,2344.0,0.57974,ink,traced
31799,15317,26.7748,2104.5,0.9118,ink,traced,2344.0,0.57974,ink,traced
31800,15318,26.7765,2106.5,0.91599,ink,traced,2343.0,0.58187,ink,traced
31801,15319,26.7783,2106.5,0.91599,ink,traced,2343.0,0.58187,ink,traced
31802,15320,26.78,2106.5,0.91599,ink,traced,2343.0,0.58187,ink,traced
31803,15321,26.7817,2106.5,0.91599,ink,traced,2343.0,0.58187,ink,traced
31804,15322,26.7835,2105.5,0.91389,ink,traced,2343.0,0.58187,ink,traced
31805,15323,26.7852,2105.5,0.91389,ink,traced,2343.0,0.58187,ink,traced
31806,15324,26.787,2105.5,0.91389,ink,traced,2342.5,0.58293,ink,traced
31807,15325,26.7887,2107.0,0.91704,ink,traced,2342.5,0.58293,ink,traced
31808,15326,26.7904,2107.5,0.91809,ink,traced,2342.5,0.58293,ink,traced
31809,15327,26.7922,2107.0,0.91704,ink,traced,2342.5,0.58293,ink,traced
31810,15328,26.7939,2107.0,0.91704,ink,traced,2342.5,0.58293,ink,traced
31811,15329,26.7957,2105.0,0.91285,ink,traced,2341.5,0.58506,ink,traced
31812,15330,26.7974,2105.5,0.91389,ink,traced,2341.5,0.58506,ink,traced
31813,15331,26.7991,2107.0,0.91704,ink,traced,2341.5,0.58506,ink,traced
31814,15332,26.8009,2106.5,0.91599,ink,traced,2341.0,0.58612,ink,traced
31815,15333,26.8026,2105.5,0.91389,ink,traced,2341.5,0.58506,ink,traced
31816,15334,26.8043,2107.0,0.91704,ink,traced,2341.0,0.58612,ink,traced
31817,15335,26.8061,2106.5,0.91599,ink,traced,2341.0,0.58612,ink,traced
31818,15336,26.8078,2106.5,0.91599,ink,traced,2340.5,0.58719,ink,traced
31819,15337,26.8096,2107.0,0.91704,ink,traced,2340.5,0.58719,ink,traced
31820,15338,26.8113,2107.0,0.91704,ink,traced,2340.5,0.58719,ink,traced
31821,15339,26.813,2107.0,0.91704,ink,traced,2340.5,0.58719,ink,traced
31822,15340,26.8148,2107.5,0.91809,ink,traced,2340.5,0.58719,ink,traced
31823,15341,26.8165,2107.0,0.91704,ink,traced,2346.0,0.57548,ink,traced
31824,15342,26.8183,2107.0,0.91704,ink,traced,2348.0,0.57122,ink,traced
31825,15343,26.82,2107.0,0.91704,ink,traced,2348.0,0.57122,ink,traced
31826,15344,26.8217,2107.0,0.91704,ink,traced,2359.0,0.54781,ink,traced
31827,15345,26.8235,2108.0,0.91914,ink,traced,2364.0,0.53717,ink,traced
31828,15346,26.8252,2107.0,0.91704,ink,traced,2367.0,0.53079,ink,traced
31829,15347,26.827,2107.0,0.91704,ink,traced,2374.0,0.51589,ink,traced
31830,15348,26.8287,2107.0,0.91704,ink,traced,2378.0,0.50738,rule,traced
31831,15349,26.8304,2106.5,0.91599,ink,traced,2378.0,0.50738,rule,traced
31832,15350,26.8322,2107.0,0.91704,ink,traced,2392.0,0.478,ink,traced
31833,15351,26.8339,2107.0,0.91704,ink,traced,2404.0,0.45294,ink,traced
31834,15352,26.8357,2106.5,0.91599,ink,traced,2412.0,0.43623,ink,traced
31835,15353,26.8374,2107.0,0.91704,ink,traced,2421.0,0.41743,ink,traced
31836,15354,26.8391,2107.0,0.91704,ink,traced,2425.0,0.40908,ink,traced
31837,15355,26.8409,2107.0,0.91704,ink,traced,2437.0,0.38401,ink,traced
31838,15356,26.8426,2107.0,0.91704,ink,traced,2443.0,0.37148,ink,traced
31839,15357,26.8443,2107.0,0.91704,ink,traced,2452.0,0.35269,ink,traced
31840,15358,26.8461,2107.0,0.91704,ink,traced,2460.0,0.33598,ink,traced
31841,15359,26.8478,2107.0,0.91704,ink,traced,2464.0,0.32762,ink,traced
31842,15360,26.8496,2107.0,0.91704,ink,traced,2475.0,0.30465,ink,traced
31843,15361,26.8513,2107.0,0.91704,ink,traced,2486.0,0.28168,ink,traced
31844,15362,26.853,2107.0,0.91704,ink,traced,2493.0,0.26706,ink,traced
31845,15363,26.8548,2107.0,0.91704,ink,traced,2506.0,0.23991,ink,traced
31846,15364,26.8565,2107.0,0.91704,ink,traced,2512.0,0.22737,ink,traced
31847,15365,26.8583,2107.0,0.91704,ink,traced,2521.5,0.20753,ink,traced
31848,15366,26.86,2107.0,0.91704,ink,traced,2526.0,0.19814,ink,traced
31849,15367,26.8617,2107.0,0.91704,ink,traced,2531.0,0.18769,ink,traced
31850,15368,26.8635,2107.5,0.91809,ink,traced,2528.0,0.19396,ink,traced
31851,15369,26.8652,2107.0,0.91704,ink,traced,2549.0,0.1501,ink,traced
31852,15370,26.867,2107.0,0.91704,ink,traced,2558.0,0.1313,ink,traced
31853,15371,26.8687,2107.5,0.91809,ink,traced,2565.0,0.11668,ink,traced
31854,15372,26.8704,2107.5,0.91809,ink,traced,2573.0,0.09997,ink,traced
31855,15373,26.8722,2107.5,0.91809,ink,traced,2577.0,0.09162,ink,traced
31856,15374,26.8739,2107.5,0.91809,ink,traced,2586.0,0.07282,ink,traced
31857,15375,26.8756,2108.0,0.91914,ink,traced,2597.0,0.04985,ink,traced
31858,15376,26.8774,2107.0,0.91704,ink,traced,2597.5,0.0488,ink,traced
31859,15377,26.8791,2098.0,0.89816,ink,traced,2604.0,0.03523,ink,traced
31860,15378,26.8809,2093.0,0.88766,ink,traced,2603.5,0.03627,ink,traced
31861,15379,26.8826,2093.0,0.88766,ink,traced,2605.5,0.0321,ink,traced
31862,15380,26.8843,2095.0,0.89186,ink,traced,2609.5,0.02374,ink,traced
31863,15381,26.8861,2094.0,0.88976,ink,traced,2608.5,0.02583,ink,traced
31864,15382,26.8878,2093.0,0.88766,gap,traced,2608.5,0.02583,ink,traced
31865,15383,26.8896,2067.0,0.8331,ink,traced,2609.0,0.02479,ink,traced
31866,15384,26.8913,2068.0,0.8352,hole,traced,2608.0,0.02688,ink,traced
31867,15385,26.893,2056.0,0.81002,ink,traced,2608.0,0.02688,ink,traced
31868,15386,26.8948,2048.5,0.79428,ink,traced,2608.0,0.02688,ink,traced
31869,15387,26.8965,2019.0,0.73238,ink,traced,2608.0,0.02688,ink,traced
31870,15388,26.8983,2021.0,0.73658,ink,traced,2610.0,0.0227,ink,traced
31871,15389,26.9,2016.0,0.72608,ink,traced,2610.5,0.02165,ink,traced
31872,15390,26.9017,1987.0,0.66523,ink,traced,2610.5,0.02165,ink,traced
31873,15391,26.9035,1981.5,0.65369,ink,traced,2608.0,0.02688,ink,traced
31874,15392,26.9052,1969.0,0.62746,ink,traced,2611.0,0.02061,ink,traced
31875,15393,26.907,1953.5,0.59493,ink,traced,2607.5,0.02792,ink,traced
31876,15394,26.9087,1926.5,0.53827,ink,traced,2608.0,0.02688,ink,traced
31877,15395,26.9104,1922.5,0.52988,ink,traced,2609.0,0.02479,ink,traced
31878,15396,26.9122,1897.0,0.47611,ink,traced,2607.0,0.02896,ink,traced
31879,15397,26.9139,1884.0,0.44854,ink,traced,2610.5,0.02165,ink,traced
31880,15398,26.9156,1879.0,0.43793,ink,traced,2607.0,0.02896,ink,traced
31881,15399,26.9174,1860.5,0.39869,ink,traced,2607.0,0.02896,ink,traced
31882,15400,26.9191,1851.5,0.37959,ink,traced,2607.0,0.02896,ink,traced
31883,15401,26.9209,1822.5,0.31808,ink,traced,2607.0,0.02896,ink,traced
31884,15402,26.9226,1813.0,0.29792,ink,traced,2607.0,0.02896,ink,traced
31885,15403,26.9243,1804.0,0.27883,ink,traced,2609.0,0.02479,ink,traced
31886,15404,26.9261,1770.0,0.20671,ink,traced,2607.0,0.02896,ink,traced
31887,15405,26.9278,1755.0,0.17489,ink,traced,2610.0,0.0227,ink,traced
31888,15406,26.9296,1754.0,0.17277,ink,traced,2610.0,0.0227,ink,traced
31889,15407,26.9313,1747.5,0.15898,ink,traced,2607.0,0.02896,ink,traced
31890,15408,26.933,1734.0,0.13034,ink,traced,2607.0,0.02896,ink,traced
31891,15409,26.9348,1724.5,0.11019,ink,traced,2607.0,0.02896,ink,traced
31892,15410,26.9365,1718.0,0.0964,ink,traced,2610.5,0.02165,ink,traced
31893,15411,26.9383,1718.0,0.0964,ink,traced,2609.5,0.02374,ink,traced
31894,15412,26.94,1708.5,0.07625,ink,traced,2609.5,0.02374,ink,traced
31895,15413,26.9417,1707.5,0.07413,ink,traced,2610.0,0.0227,ink,traced
31896,15414,26.9435,1703.5,0.06564,ink,traced,2610.5,0.02165,ink,traced
31897,15415,26.9452,1704.5,0.06776,ink,traced,2607.0,0.02896,ink,traced
31898,15416,26.9469,1702.0,0.06246,ink,traced,2607.0,0.02896,ink,traced
31899,15417,26.9487,1698.0,0.05397,ink,traced,2607.0,0.02896,ink,traced
31900,15418,26.9504,1697.5,0.05291,ink,traced,2607.0,0.02896,ink,traced
31901,15419,26.9522,1698.5,0.05503,ink,traced,2607.0,0.02896,ink,traced
31902,15420,26.9539,1696.5,0.05079,ink,traced,2607.0,0.02896,ink,traced
31903,15421,26.9556,1693.5,0.04443,ink,traced,2607.0,0.02896,ink,traced
31904,15422,26.9574,1694.0,0.04549,ink,traced,2607.0,0.02896,ink,traced
31905,15423,26.9591,1694.5,0.04655,ink,traced,2607.0,0.02896,ink,traced
31906,15424,26.9609,1693.0,0.04337,ink,traced,2607.0,0.02896,ink,traced
31907,15425,26.9626,1693.5,0.04443,ink,traced,2607.0,0.02896,ink,traced
31908,15426,26.9643,1694.0,0.04549,ink,traced,2607.0,0.02896,ink,traced
31909,15427,26.9661,1694.0,0.04549,ink,traced,2606.0,0.03105,ink,traced
31910,15428,26.9678,1694.5,0.04655,ink,traced,2606.0,0.03105,ink,traced
31911,15429,26.9696,1695.0,0.04761,ink,traced,2606.0,0.03105,ink,traced
31912,15430,26.9713,1694.0,0.04549,ink,traced,2606.0,0.03105,ink,traced
31913,15431,26.973,1695.5,0.04867,ink,traced,2606.0,0.03105,ink,traced
31914,15432,26.9748,1695.5,0.04867,ink,traced,2606.0,0.03105,ink,traced
31915,15433,26.9765,1694.0,0.04549,ink,traced,2606.0,0.03105,ink,traced
31916,15434,26.9783,1694.5,0.04655,ink,traced,2606.0,0.03105,ink,traced
31917,15435,26.98,1694.0,0.04549,ink,traced,2606.0,0.03105,ink,traced
31918,15436,26.9817,1694.0,0.04549,ink,traced,2606.0,0.03105,ink,traced
31919,15437,26.9835,1693.5,0.04443,ink,traced,2606.0,0.03105,ink,traced
31920,15438,26.9852,1694.0,0.04549,ink,traced,2610.0,0.0227,ink,traced
31921,15439,26.9869,1694.0,0.04549,ink,traced,2610.5,0.02165,ink,traced
31922,15440,26.9887,1693.5,0.04443,ink,traced,2606.0,0.03105,ink,traced
31923,15441,26.9904,1693.5,0.04443,ink,traced,2606.0,0.03105,ink,traced
31924,15442,26.9922,1694.0,0.04549,ink,traced,2606.0,0.03105,ink,traced
31925,15443,26.9939,1694.5,0.04655,ink,traced,2610.0,0.0227,ink,traced
31926,15444,26.9956,1694.0,0.04549,ink,traced,2610.0,0.0227,ink,traced
31927,15445,26.9974,1693.5,0.04443,ink,traced,2610.5,0.02165,ink,traced
31928,15446,26.9991,1693.5,0.04443,ink,traced,2610.5,0.02165,ink,traced
31929,15447,27.0009,1693.5,0.04443,ink,traced,2606.0,0.03105,ink,traced
31930,15448,27.0026,1693.5,0.04443,ink,traced,2606.0,0.03105,ink,traced
31931,15449,27.0043,1693.0,0.04337,ink,traced,2606.0,0.03105,ink,traced
31932,15450,27.0061,1693.0,0.04337,ink,traced,2606.0,0.03105,ink,traced
31933,15451,27.0078,1693.0,0.04337,ink,traced,2606.0,0.03105,ink,traced
31934,15452,27.0096,1693.0,0.04337,ink,traced,2606.0,0.03105,ink,traced
31935,15453,27.0113,1692.5,0.04231,ink,traced,2606.0,0.03105,ink,traced
31936,15454,27.013,1692.5,0.04231,ink,traced,2606.0,0.03105,ink,traced
31937,15455,27.0148,1693.0,0.04337,ink,traced,2606.0,0.03105,ink,traced
31938,15456,27.0165,1692.5,0.04231,ink,traced,2606.0,0.03105,ink,traced
31939,15457,27.0182,1692.5,0.04231,ink,traced,2606.0,0.03105,ink,traced
31940,15458,27.02,1692.5,0.04231,ink,traced,2606.0,0.03105,ink,traced
31941,15459,27.0217,1692.5,0.04231,ink,traced,2606.0,0.03105,ink,traced
31942,15460,27.0235,1692.5,0.04231,ink,traced,2610.5,0.02165,ink,traced
31943,15461,27.0252,1692.5,0.04231,ink,traced,2609.5,0.02374,ink,traced
31944,15462,27.0269,1692.5,0.04231,ink,traced,2608.0,0.02688,ink,traced
31945,15463,27.0287,1692.5,0.04231,ink,traced,2607.5,0.02792,ink,traced
31946,15464,27.0304,1692.0,0.04125,ink,traced,2606.5,0.03001,ink,traced
31947,15465,27.0322,1692.0,0.04125,ink,traced,2600.0,0.04358,ink,traced
31948,15466,27.0339,1692.5,0.04231,ink,traced,2603.0,0.03732,ink,traced
31949,15467,27.0356,1692.0,0.04125,ink,traced,2600.5,0.04254,ink,traced
31950,15468,27.0374,1692.5,0.04231,ink,traced,2594.0,0.05611,ink,traced
31951,15469,27.0391,1692.5,0.04231,ink,traced,2592.0,0.06029,ink,traced
31952,15470,27.0409,1692.0,0.04125,ink,traced,2595.5,0.05298,ink,traced
31953,15471,27.0426,1691.5,0.04019,ink,traced,2594.0,0.05611,ink,traced
31954,15472,27.0443,1692.0,0.04125,ink,traced,2592.5,0.05925,ink,traced
31955,15473,27.0461,1691.5,0.04019,ink,traced,2590.0,0.06447,ink,traced
31956,15474,27.0478,1691.5,0.04019,ink,traced,2587.5,0.06969,ink,traced
31957,15475,27.0496,1691.5,0.04019,ink,traced,2585.0,0.07491,ink,traced
31958,15476,27.0513,1691.5,0.04019,ink,traced,2583.5,0.07804,ink,traced
31959,15477,27.053,1691.5,0.04019,ink,traced,2582.5,0.08013,ink,traced
31960,15478,27.0548,1691.5,0.04019,ink,traced,2581.0,0.08327,ink,traced
31961,15479,27.0565,1689.5,0.03594,ink,traced,2579.0,0.08744,ink,traced
31962,15480,27.0582,1691.0,0.03912,ink,traced,2570.0,0.10624,ink,traced
31963,15481,27.06,1691.5,0.04019,ink,traced,2572.5,0.10102,ink,traced
31964,15482,27.0617,1690.5,0.03806,ink,traced,2570.0,0.10624,ink,traced
31965,15483,27.0635,1691.0,0.03912,ink,traced,2568.0,0.11042,ink,traced
31966,15484,27.0652,1691.0,0.03912,ink,traced,2565.5,0.11564,ink,traced
31967,15485,27.0669,1691.0,0.03912,ink,traced,2558.0,0.1313,ink,traced
31968,15486,27.0687,1691.0,0.03912,ink,traced,2560.0,0.12712,ink,traced
31969,15487,27.0704,1690.5,0.03806,ink,traced,2557.5,0.13235,ink,traced
31970,15488,27.0722,1690.5,0.03806,ink,traced,2555.5,0.13652,ink,traced
31971,15489,27.0739,1690.5,0.03806,ink,traced,2553.5,0.1407,ink,traced
31972,15490,27.0756,1690.5,0.03806,ink,traced,2550.0,0.14801,ink,traced
31973,15491,27.0774,1690.5,0.03806,ink,traced,2543.0,0.16263,ink,traced
31974,15492,27.0791,1690.5,0.03806,ink,traced,2545.0,0.15845,ink,traced
31975,15493,27.0809,1692.0,0.04125,ink,traced,2542.5,0.16367,ink,traced
31976,15494,27.0826,1690.0,0.037,ink,traced,2539.5,0.16994,ink,traced
31977,15495,27.0843,1690.0,0.037,ink,traced,2536.5,0.17621,ink,traced
31978,15496,27.0861,1689.0,0.03488,ink,traced,2533.5,0.18247,ink,traced
31979,15497,27.0878,1690.0,0.037,ink,traced,2531.5,0.18665,ink,traced
31980,15498,27.0895,1690.0,0.037,ink,traced,2529.0,0.19187,ink,traced
31981,15499,27.0913,1690.0,0.037,ink,traced,2525.0,0.20022,ink,traced
31982,15500,27.093,1690.5,0.03806,ink,traced,2522.5,0.20545,ink,traced
31983,15501,27.0948,1690.5,0.03806,ink,traced,2517.5,0.21589,ink,traced
31984,15502,27.0965,1690.0,0.037,ink,traced,2516.0,0.21902,ink,traced
31985,15503,27.0982,1690.5,0.03806,ink,traced,2514.0,0.2232,ink,traced
31986,15504,27.1,1691.5,0.04019,ink,traced,2513.0,0.22529,ink,traced
31987,15505,27.1017,1691.0,0.03912,ink,traced,2509.5,0.2326,ink,traced
31988,15506,27.1035,1691.0,0.03912,ink,traced,2507.5,0.23677,ink,traced
31989,15507,27.1052,1691.5,0.04019,ink,traced,2506.0,0.23991,ink,traced
31990,15508,27.1069,1691.5,0.04019,ink,traced,2500.5,0.25139,ink,traced
31991,15509,27.1087,1693.0,0.04337,ink,traced,2499.0,0.25453,ink,traced
31992,15510,27.1104,1692.5,0.04231,ink,traced,2493.5,0.26601,ink,traced
31993,15511,27.1122,1693.5,0.04443,ink,traced,2493.0,0.26706,ink,traced
31994,15512,27.1139,1693.5,0.04443,ink,traced,2489.0,0.27541,ink,traced
31995,15513,27.1156,1694.5,0.04655,ink,traced,2482.0,0.29003,ink,traced
31996,15514,27.1174,1694.5,0.04655,ink,traced,2482.0,0.29003,ink,traced
31997,15515,27.1191,1694.5,0.04655,ink,traced,2479.0,0.2963,ink,traced
31998,15516,27.1209,1694.5,0.04655,ink,traced,2476.0,0.30256,ink,traced
31999,15517,27.1226,1694.5,0.04655,ink,traced,2473.0,0.30883,ink,traced
